route,episode,decision,time_s,x_m,y_m,energy_j,along_path_m,cross_track_m
pink,1,0,0.0,24.0,3.0,0.0,0.0,0.0
pink,1,1,0.2,23.99914,3.00461,17.964,0.005,0.001
pink,1,2,0.4,23.95584,3.00379,54.733,0.02,0.039
pink,1,3,0.6,23.89659,3.05099,81.26,0.087,0.076
pink,1,4,0.8,23.8115,3.17955,103.905,0.238,0.105
pink,1,5,1.0,23.72219,3.34229,131.069,0.423,0.125
pink,1,6,1.2,23.69201,3.51812,150.372,0.597,0.085
pink,1,7,1.4,23.67182,3.70093,183.479,0.773,0.033
pink,1,8,1.6,23.60047,3.87713,216.59,0.963,0.031
pink,1,9,1.8,23.53272,4.06377,246.012,1.162,0.022
pink,1,10,2.0,23.47722,4.26206,289.745,1.366,0.003
pink,1,11,2.2,23.39867,4.42438,313.804,1.546,0.007
pink,1,12,2.4,23.31608,4.58907,349.415,1.73,0.02
pink,1,13,2.6,23.27856,4.76593,368.563,1.908,0.013
pink,1,14,2.8,23.24608,4.89431,400.301,2.039,0.033
pink,1,15,3.0,23.16942,5.03243,424.912,2.196,0.015
pink,1,16,3.2,23.08684,5.16054,456.195,2.346,0.012
pink,1,17,3.4,23.02321,5.24204,472.48,2.445,0.039
pink,1,18,3.6,22.94617,5.30421,493.87,2.532,0.087
pink,1,19,3.8,22.8481,5.4142,515.485,2.672,0.135
pink,1,20,4.0,22.76401,5.49422,551.916,2.778,0.182
pink,1,21,4.2,22.67786,5.56772,574.956,2.879,0.233
pink,1,22,4.4,22.60724,5.66006,598.565,2.991,0.263
pink,1,23,4.6,22.52651,5.83282,626.817,3.182,0.271
pink,1,24,4.8,22.47508,5.97605,654.539,3.334,0.263
pink,1,25,5.0,22.46143,6.12901,673.152,3.48,0.217
pink,1,26,5.2,22.45115,6.26963,700.227,3.614,0.172
pink,1,27,5.4,22.40953,6.43498,720.332,3.782,0.147
pink,1,28,5.6,22.35131,6.60067,761.166,3.958,0.137
pink,1,29,5.8,22.2992,6.77291,797.615,4.137,0.119
pink,1,30,6.0,22.25579,6.9365,825.952,4.305,0.096
pink,1,31,6.2,22.1959,7.1213,856.547,4.498,0.08
pink,1,32,6.4,22.16174,7.29434,879.684,4.671,0.045
pink,1,33,6.6,22.14698,7.48107,911.757,4.849,0.013
pink,1,34,6.8,22.08013,7.61935,938.913,5.002,0.004
pink,1,35,7.0,21.97902,7.73129,982.678,5.145,0.046
pink,1,36,7.2,21.89122,7.83834,1003.457,5.315,0.005
pink,1,37,7.4,21.78482,7.96973,1031.162,5.455,0.101
pink,1,38,7.6,21.65525,8.03514,1053.061,5.598,0.126
pink,1,39,7.8,21.49237,8.06278,1088.348,5.762,0.106
pink,1,40,8.0,21.35412,8.10173,1103.671,5.905,0.103
pink,1,41,8.2,21.20153,8.16319,1133.32,6.069,0.118
pink,1,42,8.4,21.04512,8.18338,1156.836,6.225,0.093
pink,1,43,8.6,20.85843,8.17919,1189.529,6.402,0.035
pink,1,44,8.8,20.71113,8.20774,1204.628,6.552,0.02
pink,1,45,9.0,20.55654,8.27172,1234.164,6.718,0.037
pink,1,46,9.2,20.39893,8.30298,1256.478,6.878,0.022
pink,1,47,9.4,20.21838,8.31413,1288.343,7.054,0.019
pink,1,48,9.6,20.06752,8.35383,1309.053,7.21,0.025
pink,1,49,9.8,19.91498,8.4167,1339.197,7.374,0.008
pink,1,50,10.0,19.76265,8.4591,1360.238,7.532,0.012
pink,1,51,10.2,19.58822,8.49055,1389.804,7.708,0.032
pink,1,52,10.4,19.4473,8.54986,1406.983,7.861,0.015
pink,1,53,10.6,19.2987,8.6469,1437.788,8.031,0.035
pink,1,54,10.8,19.14665,8.69486,1460.361,8.19,0.037
pink,1,55,11.0,18.97083,8.72245,1492.769,8.366,0.013
pink,1,56,11.2,18.82295,8.79385,1512.591,8.529,0.039
pink,1,57,11.4,18.67492,8.87739,1548.957,8.694,0.076
pink,1,58,11.6,18.53431,8.8466,1581.535,8.82,0.007
pink,1,59,11.8,18.38746,8.8794,1624.729,8.97,0.004
pink,1,60,12.0,18.25234,8.95382,1686.964,9.121,0.028
pink,1,61,12.2,18.11838,9.00505,1705.972,9.264,0.039
pink,1,62,12.4,18.04019,9.0154,1768.417,9.342,0.026
pink,1,63,12.6,17.93487,9.01238,1792.61,9.44,0.018
pink,1,64,12.8,17.79549,8.99907,1813.157,9.559,0.092
pink,1,65,13.0,17.65615,9.0345,1835.318,9.699,0.123
pink,1,66,13.2,17.48088,9.10722,1867.582,9.888,0.136
pink,1,67,13.4,17.36183,9.17903,1886.733,10.027,0.125
pink,1,68,13.6,17.24295,9.29804,1907.585,10.187,0.072
pink,1,69,13.8,17.12547,9.40971,1936.714,10.342,0.025
pink,1,70,14.0,16.97019,9.48657,1958.222,10.515,0.025
pink,1,71,14.2,16.83124,9.55097,1991.691,10.668,0.03
pink,1,72,14.4,16.69633,9.6398,2011.422,10.828,0.011
pink,1,73,14.6,16.56947,9.71995,2040.317,10.978,0.004
pink,1,74,14.8,16.40994,9.7817,2060.836,11.148,0.012
pink,1,75,15.0,16.26531,9.84291,2091.089,11.305,0.022
pink,1,76,15.2,16.13413,9.93539,2107.97,11.463,0.002
pink,1,77,15.4,16.0093,10.03668,2138.936,11.62,0.037
pink,1,78,15.6,15.85478,10.10376,2161.292,11.788,0.028
pink,1,79,15.8,15.69462,10.16407,2195.309,11.959,0.01
pink,1,80,16.0,15.56371,10.25411,2214.336,12.116,0.032
pink,1,81,16.2,15.42811,10.36038,2243.751,12.285,0.067
pink,1,82,16.4,15.26885,10.40403,2267.293,12.447,0.034
pink,1,83,16.6,15.10271,10.43616,2303.406,12.61,0.011
pink,1,84,16.8,14.95502,10.49585,2322.85,12.775,0.004
pink,1,85,17.0,14.81205,10.55279,2350.014,12.918,0.053
pink,1,86,17.2,14.6574,10.55618,2373.663,13.073,0.056
pink,1,87,17.4,14.48415,10.53777,2414.25,13.246,0.038
pink,1,88,17.6,14.32215,10.54561,2430.286,13.408,0.046
pink,1,89,17.8,14.17356,10.5635,2459.409,13.557,0.064
pink,1,90,18.0,14.02838,10.54488,2483.842,13.702,0.045
pink,1,91,18.2,13.84088,10.49862,2522.915,13.889,0.001
pink,1,92,18.4,13.67633,10.48925,2540.611,14.054,0.011
pink,1,93,18.6,13.50347,10.51657,2572.77,14.227,0.017
pink,1,94,18.8,13.34382,10.50314,2596.344,14.386,0.003
pink,1,95,19.0,13.16865,10.47035,2626.545,14.562,0.03
pink,1,96,19.2,13.0263,10.48396,2644.694,14.704,0.016
pink,1,97,19.4,12.88335,10.51422,2671.925,14.847,0.014
pink,1,98,19.6,12.72274,10.49969,2696.859,15.007,0.0
pink,1,99,19.8,12.54954,10.47305,2732.636,15.181,0.027
pink,1,100,20.0,12.40084,10.50114,2752.797,15.329,0.001
pink,1,101,20.2,12.24823,10.54156,2781.959,15.482,0.042
pink,1,102,20.4,12.07668,10.52978,2804.48,15.654,0.03
pink,1,103,20.6,11.90148,10.50039,2850.85,15.829,0.0
pink,1,104,20.8,11.73475,10.51943,2870.433,15.995,0.019
pink,1,105,21.0,11.57831,10.54361,2901.885,16.152,0.044
pink,1,106,21.2,11.41181,10.52839,2925.871,16.318,0.028
pink,1,107,21.4,11.22825,10.49641,2965.781,16.502,0.004
pink,1,108,21.6,11.06161,10.50284,2982.247,16.669,0.003
pink,1,109,21.8,10.8952,10.52929,3015.663,16.835,0.029
pink,1,110,22.0,10.73825,10.5184,3038.709,16.992,0.018
pink,1,111,22.2,10.57015,10.4938,3073.818,17.16,0.006
pink,1,112,22.4,10.4234,10.50423,3090.817,17.307,0.004
pink,1,113,22.6,10.26232,10.53642,3117.802,17.468,0.036
pink,1,114,22.8,10.11321,10.52879,3143.393,17.617,0.029
pink,1,115,23.0,9.92611,10.49099,3177.085,17.804,0.009
pink,1,116,23.2,9.76348,10.48506,3196.397,17.967,0.015
pink,1,117,23.4,9.59014,10.51932,3226.297,18.14,0.019
pink,1,118,23.6,9.43675,10.53593,3250.177,18.293,0.036
pink,1,119,23.8,9.25788,10.52874,3277.736,18.472,0.029
pink,1,120,24.0,9.12264,10.55344,3294.396,18.608,0.053
pink,1,121,24.2,8.9725,10.6279,3325.409,18.812,0.102
pink,1,122,24.4,8.81946,10.68059,3348.797,18.972,0.081
pink,1,123,24.6,8.63159,10.70258,3382.427,19.15,0.016
pink,1,124,24.8,8.4947,10.76125,3401.327,19.299,0.008
pink,1,125,25.0,8.35528,10.87305,3434.033,19.474,0.045
pink,1,126,25.2,8.21799,10.94741,3459.222,19.63,0.05
pink,1,127,25.4,8.04146,10.99862,3496.235,19.811,0.017
pink,1,128,25.6,7.91516,11.06527,3520.055,19.953,0.02
pink,1,129,25.8,7.77747,11.17939,3549.781,20.128,0.061
pink,1,130,26.0,7.63502,11.2574,3574.449,20.29,0.067
pink,1,131,26.2,7.45992,11.29335,3607.265,20.463,0.021
pink,1,132,26.4,7.31215,11.34268,3628.418,20.617,0.001
pink,1,133,26.6,7.17368,11.41187,3658.662,20.772,0.001
pink,1,134,26.8,7.04784,11.47788,3683.436,20.914,0.002
pink,1,135,27.0,6.88912,11.54013,3715.583,21.083,0.014
pink,1,136,27.2,6.75351,11.60162,3735.798,21.232,0.019
pink,1,137,27.4,6.61394,11.6941,3753.612,21.398,0.001
pink,1,138,27.6,6.51469,11.7783,3803.248,21.525,0.032
pink,1,139,27.8,6.39481,11.85395,3823.492,21.666,0.046
pink,1,140,28.0,6.26944,11.92935,3852.202,21.812,0.057
pink,1,141,28.2,6.13957,12.01915,3870.33,21.968,0.08
pink,1,142,28.4,6.01363,12.10969,3897.485,22.121,0.104
pink,1,143,28.6,5.87273,12.15207,3923.088,22.266,0.079
pink,1,144,28.8,5.6857,12.18671,3960.448,22.449,0.026
pink,1,145,29.0,5.53578,12.25538,3980.263,22.614,0.021
pink,1,146,29.2,5.39881,12.3465,4015.093,22.777,0.041
pink,1,147,29.4,5.26397,12.39225,4042.659,22.918,0.022
pink,1,148,29.6,5.0694,12.43756,4079.501,23.112,0.025
pink,1,149,29.8,4.92663,12.51116,4100.859,23.273,0.023
pink,1,150,30.0,4.80986,12.61315,4131.261,23.423,0.016
pink,1,151,30.2,4.67693,12.68122,4149.935,23.572,0.018
pink,1,152,30.4,4.57268,12.74145,4191.291,23.693,0.025
pink,1,153,30.6,4.46255,12.84685,4215.681,23.838,0.07
pink,1,154,30.8,4.3276,12.97456,4249.301,24.016,0.124
pink,1,155,31.0,4.15223,13.03528,4270.759,24.2,0.1
pink,1,156,31.2,3.99566,13.07663,4305.215,24.359,0.067
pink,1,157,31.4,3.87709,13.15276,4326.288,24.499,0.082
pink,1,158,31.6,3.76367,13.22589,4351.013,24.633,0.096
pink,1,159,31.8,3.68891,13.25444,4398.538,24.712,0.088
pink,1,160,32.0,3.68295,13.20352,4413.272,24.712,0.04
pink,1,161,32.2,3.70341,13.0544,4454.638,24.712,0.084
pink,1,162,32.4,3.69339,12.86386,4568.597,24.712,0.259
pink,1,163,32.6,3.77158,12.62911,4711.371,24.712,0.434
pink,1,164,32.8,3.83484,12.37367,4798.09,24.712,0.634
pink,1,165,33.0,3.95399,12.21885,4884.26,24.712,0.719
pink,1,166,33.2,4.0493,12.04395,4961.349,24.712,0.851
pink,1,167,33.4,4.1579,11.93109,5007.128,24.712,0.942
pink,1,168,33.6,4.22933,11.86471,5038.906,24.712,1.003
pink,1,169,33.8,4.23937,11.76136,5059.002,24.712,1.106
pink,1,170,34.0,4.24673,11.70006,5097.629,24.712,1.167
pink,1,171,34.2,4.2774,11.67602,5117.86,24.712,1.191
pink,1,172,34.4,4.29402,11.68849,5156.022,24.712,1.178
pink,1,173,34.6,4.26903,11.76647,5172.887,24.712,1.1
pink,1,174,34.8,4.22878,11.88195,5192.944,24.712,0.985
pink,1,175,35.0,4.17177,12.03199,5214.775,24.712,0.84
pink,1,176,35.2,4.11262,12.2255,5252.245,24.712,0.659
pink,1,177,35.4,4.01963,12.36613,5277.845,24.712,0.558
pink,1,178,35.6,3.90898,12.47359,5322.073,24.712,0.512
pink,1,179,35.8,3.88198,12.59393,5358.338,24.712,0.416
pink,1,180,36.0,3.86877,12.78514,5410.711,24.712,0.251
pink,1,181,36.2,3.83433,12.92779,5455.77,24.712,0.139
pink,1,182,36.4,3.77877,13.04132,5483.276,24.712,0.062
pink,1,183,36.6,3.68311,13.13824,5502.257,24.712,0.018
pink,1,184,36.8,3.55631,13.24932,5529.329,24.829,0.025
pink,1,185,37.0,3.42385,13.33448,5552.721,24.985,0.042
pink,1,186,37.2,3.25968,13.39593,5586.84,25.16,0.023
pink,1,187,37.4,3.14473,13.44412,5606.988,25.284,0.015
pink,1,188,37.6,3.0129,13.51336,5626.697,25.433,0.018
pink,1,189,37.8,2.90181,13.57969,5654.728,25.562,0.027
pink,1,190,38.0,2.75548,13.64176,5680.39,25.721,0.017
pink,1,191,38.2,2.60025,13.7028,5711.515,25.887,0.003
pink,1,192,38.4,2.4816,13.77989,5729.188,26.027,0.019
pink,1,193,38.6,2.35625,13.88684,5758.725,26.187,0.058
pink,1,194,38.8,2.22109,13.95257,5782.118,26.338,0.056
pink,1,195,39.0,2.05583,14.00533,5814.178,26.509,0.03
pink,1,196,39.2,1.92557,14.07209,5831.056,26.655,0.031
pink,1,197,39.4,1.79249,14.1739,5861.838,26.82,0.063
pink,1,198,39.6,1.65331,14.23204,5887.812,26.97,0.053
pink,1,199,39.8,1.4821,14.27349,5921.27,27.142,0.013
pink,1,200,40.0,1.34646,14.33731,5939.764,27.292,0.009
pink,1,201,40.2,1.21073,14.45241,5973.011,27.465,0.052
pink,1,202,40.4,1.0785,14.52403,5998.861,27.615,0.057
pink,1,203,40.6,0.89915,14.57014,6034.337,27.796,0.018
pink,1,204,40.8,0.76743,14.63785,6057.039,27.944,0.019
pink,1,205,41.0,0.63046,14.76135,6090.624,28.122,0.068
pink,1,206,41.2,0.50072,14.84063,6117.529,28.273,0.081
pink,2,0,0.0,24.0,3.0,0.0,0.0,0.0
pink,2,1,0.2,23.99956,3.00466,17.733,0.004,0.001
pink,2,2,0.4,23.95696,3.00508,54.106,0.021,0.038
pink,2,3,0.6,23.89819,3.05341,80.946,0.088,0.073
pink,2,4,0.8,23.81302,3.1819,103.572,0.24,0.103
pink,2,5,1.0,23.72339,3.34436,130.643,0.424,0.123
pink,2,6,1.2,23.69306,3.5202,149.98,0.598,0.083
pink,2,7,1.4,23.6723,3.70339,183.762,0.775,0.032
pink,2,8,1.6,23.60056,3.88054,219.515,0.966,0.03
pink,2,9,1.8,23.53213,4.06854,248.318,1.166,0.021
pink,2,10,2.0,23.47423,4.27031,293.967,1.375,0.003
pink,2,11,2.2,23.3901,4.44562,316.984,1.569,0.007
pink,2,12,2.4,23.30954,4.61048,351.673,1.752,0.018
pink,2,13,2.6,23.27592,4.78915,373.536,1.93,0.02
pink,2,14,2.8,23.24214,4.92708,404.42,2.07,0.042
pink,2,15,3.0,23.1684,5.0756,426.18,2.236,0.031
pink,2,16,3.2,23.09972,5.17807,454.72,2.357,0.007
pink,2,17,3.4,23.0154,5.24422,470.309,2.45,0.046
pink,2,18,3.6,22.909,5.28897,494.704,2.533,0.127
pink,2,19,3.8,22.79899,5.38836,514.269,2.667,0.19
pink,2,20,4.0,22.70258,5.49494,551.118,2.802,0.238
pink,2,21,4.2,22.63849,5.57474,578.167,2.9,0.266
pink,2,22,4.4,22.58363,5.67143,603.317,3.011,0.28
pink,2,23,4.6,22.50695,5.84584,636.208,3.201,0.284
pink,2,24,4.8,22.49036,6.00193,671.936,3.352,0.239
pink,2,25,5.0,22.5042,6.16674,701.899,3.498,0.163
pink,2,26,5.2,22.48054,6.33198,725.078,3.66,0.121
pink,2,27,5.4,22.41647,6.5083,760.584,3.847,0.112
pink,2,28,5.6,22.36794,6.67848,786.705,4.023,0.092
pink,2,29,5.8,22.32509,6.84958,821.819,4.198,0.065
pink,2,30,6.0,22.27339,7.0175,840.552,4.373,0.049
pink,2,31,6.2,22.22285,7.18798,875.236,4.549,0.03
pink,2,32,6.4,22.20104,7.37322,898.429,4.729,0.021
pink,2,33,6.6,22.1677,7.53826,931.226,4.894,0.054
pink,2,34,6.8,22.0778,7.66511,953.81,5.046,0.02
pink,2,35,7.0,21.99258,7.76711,996.805,5.172,0.02
pink,2,36,7.2,21.89135,7.88759,1018.182,5.329,0.053
pink,2,37,7.4,21.77701,7.98807,1047.083,5.468,0.116
pink,2,38,7.6,21.61432,8.0222,1070.523,5.633,0.102
pink,2,39,7.8,21.46404,8.05269,1101.681,5.786,0.088
pink,2,40,8.0,21.31586,8.10865,1120.265,5.944,0.099
pink,2,41,8.2,21.16737,8.15739,1151.357,6.1,0.103
pink,2,42,8.4,20.98443,8.16104,1174.884,6.276,0.054
pink,2,43,8.6,20.82479,8.17427,1204.86,6.433,0.021
pink,2,44,8.8,20.66967,8.23237,1223.816,6.598,0.032
pink,2,45,9.0,20.52094,8.28644,1253.423,6.756,0.041
pink,2,46,9.2,20.34162,8.30097,1276.685,6.932,0.003
pink,2,47,9.4,20.17896,8.32042,1308.237,7.094,0.025
pink,2,48,9.6,20.02308,8.3756,1328.475,7.259,0.017
pink,2,49,9.8,19.87869,8.42929,1358.03,7.413,0.007
pink,2,50,10.0,19.71175,8.46543,1377.262,7.583,0.02
pink,2,51,10.2,19.561,8.50462,1404.772,7.739,0.026
pink,2,52,10.4,19.4163,8.58112,1423.965,7.899,0.006
pink,2,53,10.6,19.28213,8.65779,1457.483,8.05,0.041
pink,2,54,10.8,19.11231,8.68862,1481.514,8.221,0.021
pink,2,55,11.0,18.95226,8.71323,1519.353,8.382,0.001
pink,2,56,11.2,18.8089,8.77551,1538.157,8.537,0.017
pink,2,57,11.4,18.66229,8.84839,1571.258,8.698,0.045
pink,2,58,11.6,18.49554,8.87319,1594.841,8.865,0.021
pink,2,59,11.8,18.31802,8.89775,1626.868,9.042,0.007
pink,2,60,12.0,18.17449,8.9818,1647.85,9.204,0.033
pink,2,61,12.2,18.04898,9.06294,1682.349,9.347,0.074
pink,2,62,12.4,17.89115,9.1137,1700.812,9.524,0.053
pink,2,63,12.6,17.74358,9.17214,1731.534,9.682,0.039
pink,2,64,12.8,17.59978,9.28142,1755.816,9.86,0.073
pink,2,65,13.0,17.47177,9.36704,1786.452,10.013,0.092
pink,2,66,13.2,17.30049,9.41636,1807.859,10.188,0.06
pink,2,67,13.4,17.14347,9.46163,1844.605,10.349,0.03
pink,2,68,13.6,17.00056,9.54701,1863.392,10.515,0.042
pink,2,69,13.8,16.87253,9.63331,1899.778,10.668,0.062
pink,2,70,14.0,16.71241,9.68494,1924.461,10.834,0.037
pink,2,71,14.2,16.54458,9.73592,1957.546,11.007,0.007
pink,2,72,14.4,16.40878,9.82458,1976.857,11.168,0.026
pink,2,73,14.6,16.27127,9.93269,2006.724,11.339,0.061
pink,2,74,14.8,16.11102,9.98854,2029.636,11.508,0.039
pink,2,75,15.0,15.94764,10.03995,2063.831,11.677,0.012
pink,2,76,15.2,15.81242,10.13298,2083.897,11.839,0.035
pink,2,77,15.4,15.67433,10.24296,2115.222,12.012,0.072
pink,2,78,15.6,15.51071,10.30077,2137.378,12.184,0.05
pink,2,79,15.8,15.35497,10.34562,2176.807,12.344,0.021
pink,2,80,16.0,15.21564,10.41732,2195.392,12.5,0.022
pink,2,81,16.2,15.06672,10.49824,2223.983,12.67,0.028
pink,2,82,16.4,14.90211,10.51269,2246.784,12.828,0.013
pink,2,83,16.6,14.75237,10.52328,2301.84,12.978,0.023
pink,2,84,16.8,14.6066,10.56979,2326.711,13.124,0.07
pink,2,85,17.0,14.45133,10.60744,2354.826,13.279,0.107
pink,2,86,17.2,14.28075,10.58268,2378.604,13.449,0.083
pink,2,87,17.4,14.11594,10.54384,2423.957,13.614,0.044
pink,2,88,17.6,13.95926,10.54767,2442.386,13.771,0.048
pink,2,89,17.8,13.8054,10.55885,2469.911,13.925,0.059
pink,2,90,18.0,13.64728,10.52683,2496.552,14.083,0.027
pink,2,91,18.2,13.47506,10.48338,2534.455,14.255,0.017
pink,2,92,18.4,13.34013,10.49407,2554.885,14.39,0.006
pink,2,93,18.6,13.18342,10.53054,2584.561,14.547,0.031
pink,2,94,18.8,13.01486,10.5196,2609.313,14.715,0.02
pink,2,95,19.0,12.8378,10.48377,2647.19,14.892,0.016
pink,2,96,19.2,12.69516,10.50742,2668.084,15.035,0.007
pink,2,97,19.4,12.54294,10.55779,2700.517,15.187,0.058
pink,2,98,19.6,12.39055,10.56093,2724.641,15.34,0.061
pink,2,99,19.8,12.21015,10.52927,2764.927,15.52,0.029
pink,2,100,20.0,12.04669,10.53482,2785.553,15.684,0.035
pink,2,101,20.2,11.88027,10.5644,2816.763,15.85,0.064
pink,2,102,20.4,11.72282,10.55327,2841.461,16.007,0.053
pink,2,103,20.6,11.535,10.51069,2879.328,16.195,0.011
pink,2,104,20.8,11.36858,10.50516,2897.475,16.362,0.005
pink,2,105,21.0,11.19524,10.53309,2930.699,16.535,0.033
pink,2,106,21.2,11.03529,10.53219,2951.752,16.695,0.032
pink,2,107,21.4,10.86045,10.50705,2979.547,16.87,0.007
pink,2,108,21.6,10.71223,10.51006,2995.79,17.018,0.01
pink,2,109,21.8,10.5506,10.53967,3023.268,17.18,0.04
pink,2,110,22.0,10.40848,10.53807,3047.714,17.322,0.038
pink,2,111,22.2,10.21997,10.50144,3081.738,17.51,0.001
pink,2,112,22.4,10.05357,10.48717,3103.55,17.677,0.013
pink,2,113,22.6,9.87871,10.51424,3131.818,17.852,0.014
pink,2,114,22.8,9.7224,10.52318,3155.913,18.008,0.023
pink,2,115,23.0,9.54342,10.49803,3183.427,18.187,0.002
pink,2,116,23.2,9.39298,10.49755,3199.994,18.337,0.002
pink,2,117,23.4,9.23029,10.54267,3222.205,18.5,0.043
pink,2,118,23.6,9.08286,10.5886,3250.692,18.647,0.089
pink,2,119,23.8,8.90755,10.6143,3270.002,18.864,0.061
pink,2,120,24.0,8.75129,10.64623,3297.671,19.018,0.02
pink,2,121,24.2,8.60762,10.7233,3315.482,19.181,0.024
pink,2,122,24.4,8.47222,10.81387,3347.902,19.343,0.045
pink,2,123,24.6,8.31416,10.87264,3370.046,19.51,0.027
pink,2,124,24.8,8.15184,10.92675,3402.514,19.68,0.002
pink,2,125,25.0,8.01912,11.0165,3421.48,19.839,0.023
pink,2,126,25.2,7.88294,11.1268,3451.983,20.01,0.061
pink,2,127,25.4,7.72333,11.18356,3474.652,20.178,0.04
pink,2,128,25.6,7.55745,11.23495,3507.01,20.349,0.012
pink,2,129,25.8,7.42125,11.33265,3528.467,20.515,0.039
pink,2,130,26.0,7.28453,11.44544,3562.518,20.687,0.078
pink,2,131,26.2,7.11795,11.50658,3584.653,20.864,0.059
pink,2,132,26.4,6.96355,11.55505,3625.877,21.024,0.033
pink,2,133,26.6,6.83522,11.63352,3645.135,21.173,0.046
pink,2,134,26.8,6.71372,11.73018,3674.335,21.325,0.078
pink,2,135,27.0,6.56487,11.7876,3694.65,21.484,0.063
pink,2,136,27.2,6.42402,11.84104,3734.675,21.634,0.047
pink,2,137,27.4,6.28867,11.94201,3754.573,21.8,0.077
pink,2,138,27.6,6.14668,12.0558,3790.691,21.978,0.116
pink,2,139,27.8,5.97394,12.11016,3813.018,22.157,0.087
pink,2,140,28.0,5.81753,12.1481,3844.918,22.314,0.051
pink,2,141,28.2,5.68029,12.21288,3861.232,22.465,0.047
pink,2,142,28.4,5.55051,12.27771,3887.415,22.611,0.047
pink,2,143,28.6,5.40212,12.30275,3912.918,22.754,0.003
pink,2,144,28.8,5.22421,12.34182,3945.499,22.931,0.041
pink,2,145,29.0,5.0892,12.42068,3966.302,23.087,0.031
pink,2,146,29.2,4.96099,12.50858,4000.701,23.241,0.01
pink,2,147,29.4,4.78908,12.57336,4025.257,23.424,0.029
pink,2,148,29.6,4.65697,12.63539,4065.381,23.57,0.032
pink,2,149,29.8,4.54234,12.74156,4092.792,23.72,0.011
pink,2,150,30.0,4.43356,12.81728,4119.45,23.851,0.03
pink,2,151,30.2,4.2972,12.87894,4152.738,24.0,0.025
pink,2,152,30.4,4.21953,12.97197,4194.377,24.112,0.073
pink,2,153,30.6,4.168,13.14318,4240.847,24.234,0.203
pink,2,154,30.8,4.07085,13.31478,4283.875,24.398,0.313
pink,2,155,31.0,3.95846,13.45886,4349.673,24.563,0.392
pink,2,156,31.2,3.84417,13.61897,4397.89,24.737,0.484
pink,2,157,31.4,3.74071,13.71295,4426.648,24.871,0.522
pink,2,158,31.6,3.64569,13.70482,4449.766,24.953,0.472
pink,2,159,31.8,3.58776,13.72451,4488.514,25.013,0.464
pink,2,160,32.0,3.57073,13.80488,4547.104,25.064,0.528
pink,2,161,32.2,3.45312,13.87979,4591.917,25.203,0.542
pink,2,162,32.4,3.43094,13.97307,4711.458,25.265,0.616
pink,2,163,32.6,3.43013,13.96664,4920.246,25.265,0.61
pink,2,164,32.8,3.45618,13.93727,5058.624,25.265,0.595
pink,3,0,0.0,24.0,3.0,0.0,0.0,0.0
pink,3,1,0.2,23.99956,3.00466,17.733,0.004,0.001
pink,3,2,0.4,23.95696,3.00508,54.106,0.021,0.038
pink,3,3,0.6,23.89819,3.05341,80.946,0.088,0.073
pink,3,4,0.8,23.81302,3.1819,103.572,0.24,0.103
pink,3,5,1.0,23.72339,3.34436,130.643,0.424,0.123
pink,3,6,1.2,23.69306,3.5202,149.98,0.598,0.083
pink,3,7,1.4,23.6723,3.70339,183.762,0.775,0.032
pink,3,8,1.6,23.60056,3.88054,219.515,0.966,0.03
pink,3,9,1.8,23.53213,4.06854,248.318,1.166,0.021
pink,3,10,2.0,23.47423,4.27031,293.967,1.375,0.003
pink,3,11,2.2,23.3901,4.44562,316.984,1.569,0.007
pink,3,12,2.4,23.30954,4.61048,351.673,1.752,0.018
pink,3,13,2.6,23.27592,4.78915,373.536,1.93,0.02
pink,3,14,2.8,23.24214,4.92708,404.42,2.07,0.042
pink,3,15,3.0,23.1684,5.0756,426.18,2.236,0.031
pink,3,16,3.2,23.09972,5.17807,454.72,2.357,0.007
pink,3,17,3.4,23.0154,5.24422,470.309,2.45,0.046
pink,3,18,3.6,22.909,5.28897,494.704,2.533,0.127
pink,3,19,3.8,22.79899,5.38836,514.269,2.667,0.19
pink,3,20,4.0,22.70258,5.49494,551.118,2.802,0.238
pink,3,21,4.2,22.63849,5.57474,578.167,2.9,0.266
pink,3,22,4.4,22.58363,5.67143,603.317,3.011,0.28
pink,3,23,4.6,22.50695,5.84584,636.208,3.201,0.284
pink,3,24,4.8,22.49036,6.00193,671.936,3.352,0.239
pink,3,25,5.0,22.5042,6.16674,701.899,3.498,0.163
pink,3,26,5.2,22.48054,6.33198,725.078,3.66,0.121
pink,3,27,5.4,22.41647,6.5083,760.584,3.847,0.112
pink,3,28,5.6,22.36794,6.67848,786.705,4.023,0.092
pink,3,29,5.8,22.32509,6.84958,821.819,4.198,0.065
pink,3,30,6.0,22.27339,7.0175,840.552,4.373,0.049
pink,3,31,6.2,22.22285,7.18798,875.236,4.549,0.03
pink,3,32,6.4,22.20104,7.37322,898.429,4.729,0.021
pink,3,33,6.6,22.1677,7.53826,931.226,4.894,0.054
pink,3,34,6.8,22.0778,7.66511,953.81,5.046,0.02
pink,3,35,7.0,21.99258,7.76711,996.805,5.172,0.02
pink,3,36,7.2,21.89135,7.88759,1018.182,5.329,0.053
pink,3,37,7.4,21.77701,7.98807,1047.083,5.468,0.116
pink,3,38,7.6,21.61432,8.0222,1070.523,5.633,0.102
pink,3,39,7.8,21.46404,8.05269,1101.681,5.786,0.088
pink,3,40,8.0,21.31586,8.10865,1120.265,5.944,0.099
pink,3,41,8.2,21.16737,8.15739,1151.357,6.1,0.103
pink,3,42,8.4,20.98443,8.16104,1174.884,6.276,0.054
pink,3,43,8.6,20.82479,8.17427,1204.86,6.433,0.021
pink,3,44,8.8,20.66967,8.23237,1223.816,6.598,0.032
pink,3,45,9.0,20.52094,8.28644,1253.423,6.756,0.041
pink,3,46,9.2,20.34162,8.30097,1276.685,6.932,0.003
pink,3,47,9.4,20.17896,8.32042,1308.237,7.094,0.025
pink,3,48,9.6,20.02308,8.3756,1328.475,7.259,0.017
pink,3,49,9.8,19.87869,8.42929,1358.03,7.413,0.007
pink,3,50,10.0,19.71175,8.46543,1377.262,7.583,0.02
pink,3,51,10.2,19.561,8.50462,1404.772,7.739,0.026
pink,3,52,10.4,19.4163,8.58112,1423.965,7.899,0.006
pink,3,53,10.6,19.28213,8.65779,1457.483,8.05,0.041
pink,3,54,10.8,19.11231,8.68862,1481.514,8.221,0.021
pink,3,55,11.0,18.95226,8.71323,1519.353,8.382,0.001
pink,3,56,11.2,18.8089,8.77551,1538.157,8.537,0.017
pink,3,57,11.4,18.66229,8.84839,1571.258,8.698,0.045
pink,3,58,11.6,18.49554,8.87319,1594.841,8.865,0.021
pink,3,59,11.8,18.31802,8.89775,1626.868,9.042,0.007
pink,3,60,12.0,18.17449,8.9818,1647.85,9.204,0.033
pink,3,61,12.2,18.04898,9.06294,1682.349,9.347,0.074
pink,3,62,12.4,17.89115,9.1137,1700.812,9.524,0.053
pink,3,63,12.6,17.74358,9.17214,1731.534,9.682,0.039
pink,3,64,12.8,17.59978,9.28142,1755.816,9.86,0.073
pink,3,65,13.0,17.47177,9.36704,1786.452,10.013,0.092
pink,3,66,13.2,17.30049,9.41636,1807.859,10.188,0.06
pink,3,67,13.4,17.14347,9.46163,1844.605,10.349,0.03
pink,3,68,13.6,17.00056,9.54701,1863.392,10.515,0.042
pink,3,69,13.8,16.87253,9.63331,1899.778,10.668,0.062
pink,3,70,14.0,16.71241,9.68494,1924.461,10.834,0.037
pink,3,71,14.2,16.54458,9.73592,1957.546,11.007,0.007
pink,3,72,14.4,16.40878,9.82458,1976.857,11.168,0.026
pink,3,73,14.6,16.27127,9.93269,2006.724,11.339,0.061
pink,3,74,14.8,16.11102,9.98854,2029.636,11.508,0.039
pink,3,75,15.0,15.94764,10.03995,2063.831,11.677,0.012
pink,3,76,15.2,15.81242,10.13298,2083.897,11.839,0.035
pink,3,77,15.4,15.67433,10.24296,2115.222,12.012,0.072
pink,3,78,15.6,15.51071,10.30077,2137.378,12.184,0.05
pink,3,79,15.8,15.35497,10.34562,2176.807,12.344,0.021
pink,3,80,16.0,15.21564,10.41732,2195.392,12.5,0.022
pink,3,81,16.2,15.06672,10.49824,2223.983,12.67,0.028
pink,3,82,16.4,14.90211,10.51269,2246.784,12.828,0.013
pink,3,83,16.6,14.75237,10.52328,2301.84,12.978,0.023
pink,3,84,16.8,14.6066,10.56979,2326.711,13.124,0.07
pink,3,85,17.0,14.45133,10.60744,2354.826,13.279,0.107
pink,3,86,17.2,14.28075,10.58268,2378.604,13.449,0.083
pink,3,87,17.4,14.11594,10.54384,2423.957,13.614,0.044
pink,3,88,17.6,13.95926,10.54767,2442.386,13.771,0.048
pink,3,89,17.8,13.8054,10.55885,2469.911,13.925,0.059
pink,3,90,18.0,13.64728,10.52683,2496.552,14.083,0.027
pink,3,91,18.2,13.47506,10.48338,2534.455,14.255,0.017
pink,3,92,18.4,13.34013,10.49407,2554.885,14.39,0.006
pink,3,93,18.6,13.18342,10.53054,2584.561,14.547,0.031
pink,3,94,18.8,13.01486,10.5196,2609.313,14.715,0.02
pink,3,95,19.0,12.8378,10.48377,2647.19,14.892,0.016
pink,3,96,19.2,12.69516,10.50742,2668.084,15.035,0.007
pink,3,97,19.4,12.54294,10.55779,2700.517,15.187,0.058
pink,3,98,19.6,12.39055,10.56093,2724.641,15.34,0.061
pink,3,99,19.8,12.21015,10.52927,2764.927,15.52,0.029
pink,3,100,20.0,12.04669,10.53482,2785.553,15.684,0.035
pink,3,101,20.2,11.88027,10.5644,2816.763,15.85,0.064
pink,3,102,20.4,11.72282,10.55327,2841.461,16.007,0.053
pink,3,103,20.6,11.535,10.51069,2879.328,16.195,0.011
pink,3,104,20.8,11.36858,10.50516,2897.475,16.362,0.005
pink,3,105,21.0,11.19524,10.53309,2930.699,16.535,0.033
pink,3,106,21.2,11.03529,10.53219,2951.752,16.695,0.032
pink,3,107,21.4,10.86045,10.50705,2979.547,16.87,0.007
pink,3,108,21.6,10.71223,10.51006,2995.79,17.018,0.01
pink,3,109,21.8,10.5506,10.53967,3023.268,17.18,0.04
pink,3,110,22.0,10.40848,10.53807,3047.714,17.322,0.038
pink,3,111,22.2,10.21997,10.50144,3081.738,17.51,0.001
pink,3,112,22.4,10.05357,10.48717,3103.55,17.677,0.013
pink,3,113,22.6,9.87871,10.51424,3131.818,17.852,0.014
pink,3,114,22.8,9.7224,10.52318,3155.913,18.008,0.023
pink,3,115,23.0,9.54342,10.49803,3183.427,18.187,0.002
pink,3,116,23.2,9.39298,10.49755,3199.994,18.337,0.002
pink,3,117,23.4,9.23029,10.54267,3222.205,18.5,0.043
pink,3,118,23.6,9.08286,10.5886,3250.692,18.647,0.089
pink,3,119,23.8,8.90755,10.6143,3270.002,18.864,0.061
pink,3,120,24.0,8.75129,10.64623,3297.671,19.018,0.02
pink,3,121,24.2,8.60762,10.7233,3315.482,19.181,0.024
pink,3,122,24.4,8.47222,10.81387,3347.902,19.343,0.045
pink,3,123,24.6,8.31416,10.87264,3370.046,19.51,0.027
pink,3,124,24.8,8.15184,10.92675,3402.514,19.68,0.002
pink,3,125,25.0,8.01912,11.0165,3421.48,19.839,0.023
pink,3,126,25.2,7.88294,11.1268,3451.983,20.01,0.061
pink,3,127,25.4,7.72333,11.18356,3474.652,20.178,0.04
pink,3,128,25.6,7.55745,11.23495,3507.01,20.349,0.012
pink,3,129,25.8,7.42125,11.33265,3528.467,20.515,0.039
pink,3,130,26.0,7.28453,11.44544,3562.518,20.687,0.078
pink,3,131,26.2,7.11795,11.50658,3584.653,20.864,0.059
pink,3,132,26.4,6.96355,11.55505,3625.877,21.024,0.033
pink,3,133,26.6,6.83522,11.63352,3645.135,21.173,0.046
pink,3,134,26.8,6.71372,11.73018,3674.335,21.325,0.078
pink,3,135,27.0,6.56487,11.7876,3694.65,21.484,0.063
pink,3,136,27.2,6.42402,11.84104,3734.675,21.634,0.047
pink,3,137,27.4,6.28867,11.94201,3754.573,21.8,0.077
pink,3,138,27.6,6.14668,12.0558,3790.691,21.978,0.116
pink,3,139,27.8,5.97394,12.11016,3813.018,22.157,0.087
pink,3,140,28.0,5.81753,12.1481,3844.918,22.314,0.051
pink,3,141,28.2,5.68029,12.21288,3861.232,22.465,0.047
pink,3,142,28.4,5.55051,12.27771,3887.415,22.611,0.047
pink,3,143,28.6,5.40212,12.30275,3912.918,22.754,0.003
pink,3,144,28.8,5.22421,12.34182,3945.499,22.931,0.041
pink,3,145,29.0,5.0892,12.42068,3966.302,23.087,0.031
pink,3,146,29.2,4.96099,12.50858,4000.701,23.241,0.01
pink,3,147,29.4,4.78908,12.57336,4025.257,23.424,0.029
pink,3,148,29.6,4.65697,12.63539,4065.381,23.57,0.032
pink,3,149,29.8,4.54234,12.74156,4092.792,23.72,0.011
pink,3,150,30.0,4.43356,12.81728,4119.45,23.851,0.03
pink,3,151,30.2,4.2972,12.87894,4152.738,24.0,0.025
pink,3,152,30.4,4.21953,12.97197,4194.377,24.112,0.073
pink,3,153,30.6,4.168,13.14318,4240.847,24.234,0.203
pink,3,154,30.8,4.07085,13.31478,4283.875,24.398,0.313
pink,3,155,31.0,3.95846,13.45886,4349.673,24.563,0.392
pink,3,156,31.2,3.84417,13.61897,4397.89,24.737,0.484
pink,3,157,31.4,3.74071,13.71295,4426.648,24.871,0.522
pink,3,158,31.6,3.64569,13.70482,4449.766,24.953,0.472
pink,3,159,31.8,3.58776,13.72451,4488.514,25.013,0.464
pink,3,160,32.0,3.57073,13.80488,4547.104,25.064,0.528
pink,3,161,32.2,3.45312,13.87979,4591.917,25.203,0.542
pink,3,162,32.4,3.43094,13.97307,4711.458,25.265,0.616
pink,3,163,32.6,3.43013,13.96664,4920.246,25.265,0.61
pink,3,164,32.8,3.45618,13.93727,5058.624,25.265,0.595
pink,4,0,0.0,24.0,3.0,0.0,0.0,0.0
pink,4,1,0.2,23.99956,3.00466,17.733,0.004,0.001
pink,4,2,0.4,23.95696,3.00508,54.106,0.021,0.038
pink,4,3,0.6,23.89819,3.05341,80.946,0.088,0.073
pink,4,4,0.8,23.81302,3.1819,103.572,0.24,0.103
pink,4,5,1.0,23.72339,3.34436,130.643,0.424,0.123
pink,4,6,1.2,23.69306,3.5202,149.98,0.598,0.083
pink,4,7,1.4,23.6723,3.70339,183.762,0.775,0.032
pink,4,8,1.6,23.60056,3.88054,219.515,0.966,0.03
pink,4,9,1.8,23.53213,4.06854,248.318,1.166,0.021
pink,4,10,2.0,23.47423,4.27031,293.967,1.375,0.003
pink,4,11,2.2,23.3901,4.44562,316.984,1.569,0.007
pink,4,12,2.4,23.30954,4.61048,351.673,1.752,0.018
pink,4,13,2.6,23.27593,4.78915,373.539,1.93,0.02
pink,4,14,2.8,23.24218,4.92671,404.32,2.07,0.042
pink,4,15,3.0,23.16844,5.07474,426.154,2.235,0.03
pink,4,16,3.2,23.10082,5.17679,458.124,2.355,0.007
pink,4,17,3.4,23.01707,5.24151,474.219,2.447,0.045
pink,4,18,3.6,22.91139,5.28595,497.945,2.529,0.126
pink,4,19,3.8,22.79899,5.38875,518.38,2.667,0.19
pink,4,20,4.0,22.70333,5.49402,549.951,2.801,0.238
pink,4,21,4.2,22.63444,5.56485,572.968,2.893,0.274
pink,4,22,4.4,22.57136,5.65344,593.202,2.999,0.298
pink,4,23,4.6,22.49606,5.79977,630.854,3.163,0.311
pink,4,24,4.8,22.45103,5.90894,662.833,3.281,0.311
pink,4,25,5.0,22.41617,6.03449,684.714,3.41,0.295
pink,4,26,5.2,22.37917,6.21408,709.205,3.59,0.26
pink,4,27,5.4,22.32569,6.40358,747.368,3.786,0.236
pink,4,28,5.6,22.29261,6.57313,767.904,3.955,0.202
pink,4,29,5.8,22.26515,6.72874,806.936,4.109,0.167
pink,4,30,6.0,22.23232,6.89765,827.848,4.278,0.133
pink,4,31,6.2,22.19627,7.07376,860.974,4.454,0.098
pink,4,32,6.4,22.1844,7.25563,882.083,4.627,0.039
pink,4,33,6.6,22.16474,7.42461,914.769,4.79,0.008
pink,4,34,6.8,22.09026,7.56452,935.414,4.948,0.007
pink,4,35,7.0,22.01273,7.6826,976.428,5.087,0.033
pink,4,36,7.2,21.9301,7.81279,995.187,5.271,0.008
pink,4,37,7.4,21.8345,7.92201,1021.139,5.394,0.069
pink,4,38,7.6,21.68458,7.97437,1043.816,5.552,0.076
pink,4,39,7.8,21.54386,8.0167,1076.178,5.699,0.076
pink,4,40,8.0,21.40264,8.07369,1094.182,5.851,0.09
pink,4,41,8.2,21.25882,8.13484,1120.588,6.006,0.108
pink,4,42,8.4,21.08949,8.15672,1142.72,6.175,0.08
pink,4,43,8.6,20.92134,8.17078,1179.022,6.34,0.045
pink,4,44,8.8,20.77312,8.22014,1197.398,6.496,0.05
pink,4,45,9.0,20.61785,8.28762,1230.456,6.664,0.07
pink,4,46,9.2,20.44933,8.30661,1253.804,6.831,0.04
pink,4,47,9.4,20.27706,8.31305,1288.909,6.998,0.004
pink,4,48,9.6,20.12395,8.35527,1311.734,7.156,0.007
pink,4,49,9.8,19.97608,8.40815,1342.801,7.313,0.001
pink,4,50,10.0,19.81865,8.44245,1363.952,7.474,0.011
pink,4,51,10.2,19.65254,8.47346,1394.794,7.642,0.029
pink,4,52,10.4,19.5082,8.53453,1409.567,7.798,0.012
pink,4,53,10.6,19.36766,8.62107,1445.514,7.957,0.03
pink,4,54,10.8,19.21891,8.66514,1470.352,8.112,0.03
pink,4,55,11.0,19.04443,8.69218,1505.362,8.287,0.005
pink,4,56,11.2,18.90602,8.74556,1522.728,8.435,0.017
pink,4,57,11.4,18.75588,8.83115,1553.975,8.604,0.055
pink,4,58,11.6,18.62385,8.83618,1582.306,8.732,0.022
pink,4,59,11.8,18.43109,8.82902,1619.536,8.914,0.04
pink,4,60,12.0,18.27443,8.87589,1647.416,9.078,0.04
pink,4,61,12.2,18.13524,8.93944,1675.521,9.229,0.019
pink,4,62,12.4,17.97155,9.00004,1696.222,9.402,0.013
pink,4,63,12.6,17.81814,9.04541,1738.277,9.559,0.041
pink,4,64,12.8,17.69024,9.09145,1754.35,9.694,0.057
pink,4,65,13.0,17.56895,9.15418,1774.792,9.831,0.055
pink,4,66,13.2,17.44724,9.2219,1796.068,9.97,0.049
pink,4,67,13.4,17.29104,9.29843,1826.034,10.144,0.05
pink,4,68,13.6,17.16075,9.38658,1852.563,10.3,0.03
pink,4,69,13.8,17.03109,9.52423,1886.52,10.477,0.036
pink,4,70,14.0,16.89371,9.61923,1912.502,10.643,0.059
pink,4,71,14.2,16.71856,9.6774,1949.986,10.825,0.033
pink,4,72,14.4,16.58921,9.74033,1967.664,10.969,0.031
pink,4,73,14.6,16.45167,9.84228,1995.193,11.138,0.061
pink,4,74,14.8,16.31477,9.91414,2018.339,11.292,0.064
pink,4,75,15.0,16.13702,9.95981,2048.179,11.472,0.025
pink,4,76,15.2,15.99442,10.02142,2065.361,11.627,0.017
pink,4,77,15.4,15.85466,10.12837,2093.589,11.8,0.05
pink,4,78,15.6,15.71395,10.20397,2117.292,11.959,0.055
pink,4,79,15.8,15.53822,10.25148,2151.466,12.138,0.018
pink,4,80,16.0,15.40398,10.31228,2171.217,12.285,0.013
pink,4,81,16.2,15.26098,10.41478,2200.667,12.459,0.04
pink,4,82,16.4,15.11728,10.47392,2225.168,12.614,0.029
pink,4,83,16.6,14.94323,10.48769,2261.387,12.787,0.012
pink,4,84,16.8,14.803,10.5112,2280.952,12.927,0.011
pink,4,85,17.0,14.64234,10.55735,2302.932,13.088,0.057
pink,4,86,17.2,14.51225,10.57459,2331.211,13.218,0.075
pink,4,87,17.4,14.33921,10.54905,2354.732,13.391,0.049
pink,4,88,17.6,14.16791,10.52277,2392.054,13.562,0.023
pink,4,89,17.8,13.99961,10.53325,2409.325,13.731,0.033
pink,4,90,18.0,13.8463,10.55238,2443.701,13.884,0.052
pink,4,91,18.2,13.6902,10.54175,2465.961,14.04,0.042
pink,4,92,18.4,13.52667,10.51985,2497.484,14.204,0.02
pink,4,93,18.6,13.37906,10.52053,2511.259,14.351,0.021
pink,4,94,18.8,13.21979,10.5391,2537.619,14.51,0.039
pink,4,95,19.0,13.07152,10.51724,2562.636,14.659,0.017
pink,4,96,19.2,12.8871,10.46768,2594.835,14.843,0.032
pink,4,97,19.4,12.74701,10.46133,2614.365,14.983,0.039
pink,4,98,19.6,12.59411,10.48765,2643.373,15.136,0.012
pink,4,99,19.8,12.42385,10.48389,2665.471,15.306,0.016
pink,4,100,20.0,12.2595,10.46639,2699.06,15.471,0.034
pink,4,101,20.2,12.13022,10.49721,2719.356,15.6,0.003
pink,4,102,20.4,11.98464,10.54333,2746.125,15.746,0.043
pink,4,103,20.6,11.82768,10.54041,2770.146,15.903,0.04
pink,4,104,20.8,11.64887,10.50671,2813.737,16.081,0.007
pink,4,105,21.0,11.49335,10.51443,2833.353,16.237,0.014
pink,4,106,21.2,11.32982,10.54463,2864.132,16.4,0.045
pink,4,107,21.4,11.17436,10.53636,2888.843,16.556,0.036
pink,4,108,21.6,10.98655,10.49889,2925.593,16.744,0.001
pink,4,109,21.8,10.82119,10.49581,2943.652,16.909,0.004
pink,4,110,22.0,10.64846,10.52601,2977.204,17.082,0.026
pink,4,111,22.2,10.48785,10.5249,2998.688,17.242,0.025
pink,4,112,22.4,10.31065,10.49873,3027.692,17.42,0.001
pink,4,113,22.6,10.15991,10.50211,3042.946,17.57,0.002
pink,4,114,22.8,9.99914,10.53188,3070.49,17.731,0.032
pink,4,115,23.0,9.85769,10.5268,3095.659,17.873,0.027
pink,4,116,23.2,9.66619,10.48442,3130.168,18.064,0.016
pink,4,117,23.4,9.50311,10.47239,3153.946,18.227,0.028
pink,4,118,23.6,9.33312,10.50891,3183.541,18.397,0.009
pink,4,119,23.8,9.20526,10.52855,3207.665,18.525,0.029
pink,4,120,24.0,9.0925,10.53553,3223.103,18.638,0.036
pink,4,121,24.2,8.98076,10.59007,3253.583,18.788,0.072
pink,4,122,24.4,8.88224,10.59922,3311.818,18.88,0.036
pink,4,123,24.6,8.78374,10.59288,3353.368,18.965,0.014
pink,4,124,24.8,8.66966,10.59445,3367.552,19.068,0.063
pink,4,125,25.0,8.55093,10.62332,3398.909,19.187,0.091
pink,4,126,25.2,8.36615,10.67503,3435.296,19.375,0.127
pink,4,127,25.4,8.22189,10.75622,3455.043,19.541,0.119
pink,4,128,25.6,8.11926,10.87501,3485.634,19.686,0.058
pink,4,129,25.8,7.99921,10.95368,3508.239,19.828,0.042
pink,4,130,26.0,7.87298,11.01912,3553.924,19.97,0.04
pink,4,131,26.2,7.7552,11.11122,3569.131,20.117,0.01
pink,4,132,26.4,7.63764,11.22719,3602.355,20.274,0.041
pink,4,133,26.6,7.49917,11.29524,3627.437,20.428,0.04
pink,4,134,26.8,7.32746,11.3352,3664.385,20.6,0.001
pink,4,135,27.0,7.17531,11.39367,3690.404,20.762,0.017
pink,4,136,27.2,7.04461,11.4586,3727.826,20.908,0.017
pink,4,137,27.4,6.90519,11.52118,3753.52,21.061,0.023
pink,4,138,27.6,6.74297,11.57403,3789.331,21.229,0.049
pink,4,139,27.8,6.60863,11.62013,3805.186,21.37,0.068
pink,4,140,28.0,6.50569,11.67337,3853.862,21.486,0.066
pink,4,141,28.2,6.45322,11.75054,3879.579,21.567,0.02
pink,4,142,28.4,6.39824,11.86781,3897.556,21.669,0.06
pink,4,143,28.6,6.30738,11.97746,3919.776,21.799,0.117
pink,4,144,28.8,6.1711,12.1013,3950.516,21.977,0.167
pink,4,145,29.0,6.04643,12.173,3976.108,22.12,0.175
pink,4,146,29.2,5.88199,12.21165,4005.213,22.285,0.137
pink,4,147,29.4,5.73425,12.24745,4029.906,22.433,0.102
pink,4,148,29.6,5.58235,12.31356,4049.833,22.598,0.094
pink,4,149,29.8,5.45926,12.3568,4081.212,22.728,0.077
pink,4,150,30.0,5.29507,12.39199,4104.277,22.89,0.035
pink,4,151,30.2,5.14148,12.42999,4139.884,23.045,0.001
pink,4,152,30.4,5.01693,12.50811,4159.394,23.191,0.015
pink,4,153,30.6,4.88108,12.612,4197.037,23.359,0.047
pink,4,154,30.8,4.71761,12.67527,4217.066,23.533,0.03
pink,4,155,31.0,4.57508,12.73044,4256.229,23.685,0.016
pink,4,156,31.2,4.46813,12.82688,4279.593,23.824,0.055
pink,4,157,31.4,4.33648,12.94166,4310.818,23.993,0.098
pink,4,158,31.6,4.16126,13.00116,4332.247,24.177,0.073
pink,4,159,31.8,4.00618,13.04557,4367.755,24.335,0.044
pink,4,160,32.0,3.88783,13.12836,4389.757,24.478,0.065
pink,4,161,32.2,3.78381,13.20946,4414.075,24.607,0.091
pink,4,162,32.4,3.65327,13.26666,4451.572,24.75,0.083
pink,4,163,32.6,3.53283,13.32907,4473.207,24.885,0.085
pink,4,164,32.8,3.38741,13.4349,4496.594,25.063,0.115
pink,4,165,33.0,3.24953,13.52234,4525.945,25.225,0.132
pink,4,166,33.2,3.0768,13.56566,4549.901,25.399,0.093
pink,4,167,33.4,2.94678,13.605,4583.668,25.533,0.07
pink,4,168,33.6,2.8091,13.68435,4603.851,25.692,0.08
pink,4,169,33.8,2.68678,13.75911,4638.145,25.834,0.092
pink,4,170,34.0,2.52327,13.79378,4662.052,25.996,0.05
pink,4,171,34.2,2.38453,13.81388,4706.533,26.129,0.006
pink,4,172,34.4,2.26722,13.85697,4724.688,26.253,0.008
pink,4,173,34.6,2.13176,13.931,4749.475,26.408,0.003
pink,4,174,34.8,2.00502,13.98006,4773.068,26.543,0.016
pink,4,175,35.0,1.83745,14.02556,4803.638,26.713,0.05
pink,4,176,35.2,1.71376,14.0979,4822.927,26.856,0.04
pink,4,177,35.4,1.59232,14.22899,4857.298,27.024,0.022
pink,4,178,35.6,1.46898,14.31396,4884.386,27.172,0.043
pink,4,179,35.8,1.31092,14.37029,4917.932,27.338,0.023
pink,4,180,36.0,1.18493,14.42589,4932.269,27.476,0.016
pink,4,181,36.2,1.04897,14.51514,4953.682,27.637,0.035
pink,4,182,36.4,0.92567,14.59471,4981.544,27.783,0.051
pink,4,183,36.6,0.76575,14.6496,5002.599,27.951,0.029
pink,4,184,36.8,0.62018,14.7007,5034.621,28.104,0.01
pink,4,185,37.0,0.49206,14.78143,5056.285,28.255,0.025
pink,5,0,0.0,24.0,3.0,0.0,0.0,0.0
pink,5,1,0.2,23.99956,3.00466,17.733,0.004,0.001
pink,5,2,0.4,23.95696,3.00508,54.106,0.021,0.038
pink,5,3,0.6,23.89819,3.05341,80.946,0.088,0.073
pink,5,4,0.8,23.81302,3.1819,103.572,0.24,0.103
pink,5,5,1.0,23.72339,3.34436,130.643,0.424,0.123
pink,5,6,1.2,23.69306,3.5202,149.98,0.598,0.083
pink,5,7,1.4,23.6723,3.70339,183.762,0.775,0.032
pink,5,8,1.6,23.60056,3.88054,219.515,0.966,0.03
pink,5,9,1.8,23.53213,4.06854,248.318,1.166,0.021
pink,5,10,2.0,23.47423,4.27031,293.967,1.375,0.003
pink,5,11,2.2,23.3901,4.44562,316.984,1.569,0.007
pink,5,12,2.4,23.30954,4.61048,351.673,1.752,0.018
pink,5,13,2.6,23.27592,4.78915,373.536,1.93,0.02
pink,5,14,2.8,23.24214,4.92708,404.42,2.07,0.042
pink,5,15,3.0,23.1684,5.0756,426.18,2.236,0.031
pink,5,16,3.2,23.09972,5.17807,454.72,2.357,0.007
pink,5,17,3.4,23.0154,5.24422,470.309,2.45,0.046
pink,5,18,3.6,22.909,5.28897,494.704,2.533,0.127
pink,5,19,3.8,22.79899,5.38836,514.269,2.667,0.19
pink,5,20,4.0,22.70258,5.49494,551.118,2.802,0.238
pink,5,21,4.2,22.63849,5.57474,578.167,2.9,0.266
pink,5,22,4.4,22.58363,5.67143,603.317,3.011,0.28
pink,5,23,4.6,22.50695,5.84584,636.208,3.201,0.284
pink,5,24,4.8,22.49036,6.00193,671.936,3.352,0.239
pink,5,25,5.0,22.5042,6.16674,701.899,3.498,0.163
pink,5,26,5.2,22.48054,6.33198,725.078,3.66,0.121
pink,5,27,5.4,22.41647,6.5083,760.584,3.847,0.112
pink,5,28,5.6,22.36794,6.67848,786.705,4.023,0.092
pink,5,29,5.8,22.32509,6.84958,821.819,4.198,0.065
pink,5,30,6.0,22.27339,7.0175,840.552,4.373,0.049
pink,5,31,6.2,22.22285,7.18798,875.236,4.549,0.03
pink,5,32,6.4,22.20104,7.37322,898.429,4.729,0.021
pink,5,33,6.6,22.1677,7.53826,931.226,4.894,0.054
pink,5,34,6.8,22.0778,7.66511,953.81,5.046,0.02
pink,5,35,7.0,21.99258,7.76711,996.805,5.172,0.02
pink,5,36,7.2,21.89135,7.88759,1018.182,5.329,0.053
pink,5,37,7.4,21.77701,7.98807,1047.083,5.468,0.116
pink,5,38,7.6,21.61432,8.0222,1070.523,5.633,0.102
pink,5,39,7.8,21.46404,8.05269,1101.681,5.786,0.088
pink,5,40,8.0,21.31586,8.10865,1120.265,5.944,0.099
pink,5,41,8.2,21.16737,8.15739,1151.357,6.1,0.103
pink,5,42,8.4,20.98443,8.16104,1174.884,6.276,0.054
pink,5,43,8.6,20.82479,8.17427,1204.86,6.433,0.021
pink,5,44,8.8,20.66967,8.23237,1223.816,6.598,0.032
pink,5,45,9.0,20.52094,8.28644,1253.423,6.756,0.041
pink,5,46,9.2,20.34162,8.30097,1276.685,6.932,0.003
pink,5,47,9.4,20.17896,8.32042,1308.237,7.094,0.025
pink,5,48,9.6,20.02308,8.3756,1328.475,7.259,0.017
pink,5,49,9.8,19.87869,8.42929,1358.03,7.413,0.007
pink,5,50,10.0,19.71175,8.46543,1377.262,7.583,0.02
pink,5,51,10.2,19.561,8.50462,1404.772,7.739,0.026
pink,5,52,10.4,19.4163,8.58112,1423.965,7.899,0.006
pink,5,53,10.6,19.28213,8.65779,1457.483,8.05,0.041
pink,5,54,10.8,19.11231,8.68862,1481.514,8.221,0.021
pink,5,55,11.0,18.95226,8.71323,1519.353,8.382,0.001
pink,5,56,11.2,18.8089,8.77551,1538.157,8.537,0.017
pink,5,57,11.4,18.66229,8.84839,1571.258,8.698,0.045
pink,5,58,11.6,18.49554,8.87319,1594.841,8.865,0.021
pink,5,59,11.8,18.31802,8.89775,1626.868,9.042,0.007
pink,5,60,12.0,18.17449,8.9818,1647.85,9.204,0.033
pink,5,61,12.2,18.04898,9.06294,1682.349,9.347,0.074
pink,5,62,12.4,17.89115,9.1137,1700.812,9.524,0.053
pink,5,63,12.6,17.74358,9.17214,1731.534,9.682,0.039
pink,5,64,12.8,17.59978,9.28142,1755.816,9.86,0.073
pink,5,65,13.0,17.47177,9.36704,1786.452,10.013,0.092
pink,5,66,13.2,17.30049,9.41636,1807.859,10.188,0.06
pink,5,67,13.4,17.14347,9.46163,1844.605,10.349,0.03
pink,5,68,13.6,17.00056,9.54701,1863.392,10.515,0.042
pink,5,69,13.8,16.87253,9.63331,1899.778,10.668,0.062
pink,5,70,14.0,16.71241,9.68494,1924.461,10.834,0.037
pink,5,71,14.2,16.54458,9.73592,1957.546,11.007,0.007
pink,5,72,14.4,16.40878,9.82458,1976.857,11.168,0.026
pink,5,73,14.6,16.27127,9.93269,2006.724,11.339,0.061
pink,5,74,14.8,16.11102,9.98854,2029.636,11.508,0.039
pink,5,75,15.0,15.94764,10.03995,2063.831,11.677,0.012
pink,5,76,15.2,15.81242,10.13298,2083.897,11.839,0.035
pink,5,77,15.4,15.67433,10.24296,2115.222,12.012,0.072
pink,5,78,15.6,15.51071,10.30077,2137.378,12.184,0.05
pink,5,79,15.8,15.35497,10.34562,2176.807,12.344,0.021
pink,5,80,16.0,15.21564,10.41732,2195.392,12.5,0.022
pink,5,81,16.2,15.06672,10.49824,2223.983,12.67,0.028
pink,5,82,16.4,14.90211,10.51269,2246.784,12.828,0.013
pink,5,83,16.6,14.75237,10.52328,2301.84,12.978,0.023
pink,5,84,16.8,14.6066,10.56979,2326.711,13.124,0.07
pink,5,85,17.0,14.45133,10.60744,2354.826,13.279,0.107
pink,5,86,17.2,14.28075,10.58268,2378.604,13.449,0.083
pink,5,87,17.4,14.11594,10.54384,2423.957,13.614,0.044
pink,5,88,17.6,13.95926,10.54767,2442.386,13.771,0.048
pink,5,89,17.8,13.8054,10.55885,2469.911,13.925,0.059
pink,5,90,18.0,13.64728,10.52683,2496.552,14.083,0.027
pink,5,91,18.2,13.47506,10.48338,2534.455,14.255,0.017
pink,5,92,18.4,13.34013,10.49407,2554.885,14.39,0.006
pink,5,93,18.6,13.18342,10.53054,2584.561,14.547,0.031
pink,5,94,18.8,13.01486,10.5196,2609.313,14.715,0.02
pink,5,95,19.0,12.8378,10.48377,2647.19,14.892,0.016
pink,5,96,19.2,12.69516,10.50742,2668.084,15.035,0.007
pink,5,97,19.4,12.54294,10.55779,2700.517,15.187,0.058
pink,5,98,19.6,12.39055,10.56093,2724.641,15.34,0.061
pink,5,99,19.8,12.21015,10.52927,2764.927,15.52,0.029
pink,5,100,20.0,12.04669,10.53482,2785.553,15.684,0.035
pink,5,101,20.2,11.88027,10.5644,2816.763,15.85,0.064
pink,5,102,20.4,11.72282,10.55327,2841.461,16.007,0.053
pink,5,103,20.6,11.535,10.51069,2879.328,16.195,0.011
pink,5,104,20.8,11.36858,10.50516,2897.475,16.362,0.005
pink,5,105,21.0,11.19524,10.53309,2930.699,16.535,0.033
pink,5,106,21.2,11.03529,10.53219,2951.752,16.695,0.032
pink,5,107,21.4,10.86045,10.50705,2979.547,16.87,0.007
pink,5,108,21.6,10.71223,10.51006,2995.79,17.018,0.01
pink,5,109,21.8,10.5506,10.53967,3023.268,17.18,0.04
pink,5,110,22.0,10.40848,10.53807,3047.714,17.322,0.038
pink,5,111,22.2,10.21997,10.50144,3081.738,17.51,0.001
pink,5,112,22.4,10.05357,10.48717,3103.55,17.677,0.013
pink,5,113,22.6,9.87871,10.51424,3131.818,17.852,0.014
pink,5,114,22.8,9.7224,10.52318,3155.913,18.008,0.023
pink,5,115,23.0,9.54342,10.49803,3183.427,18.187,0.002
pink,5,116,23.2,9.39298,10.49755,3199.994,18.337,0.002
pink,5,117,23.4,9.23029,10.54267,3222.205,18.5,0.043
pink,5,118,23.6,9.08286,10.5886,3250.692,18.647,0.089
pink,5,119,23.8,8.90755,10.6143,3270.002,18.864,0.061
pink,5,120,24.0,8.75129,10.64623,3297.671,19.018,0.02
pink,5,121,24.2,8.60762,10.7233,3315.482,19.181,0.024
pink,5,122,24.4,8.47222,10.81387,3347.902,19.343,0.045
pink,5,123,24.6,8.31416,10.87264,3370.046,19.51,0.027
pink,5,124,24.8,8.15184,10.92675,3402.514,19.68,0.002
pink,5,125,25.0,8.01912,11.0165,3421.48,19.839,0.023
pink,5,126,25.2,7.88294,11.1268,3451.983,20.01,0.061
pink,5,127,25.4,7.72333,11.18356,3474.652,20.178,0.04
pink,5,128,25.6,7.55745,11.23495,3507.01,20.349,0.012
pink,5,129,25.8,7.42125,11.33265,3528.467,20.515,0.039
pink,5,130,26.0,7.28453,11.44544,3562.518,20.687,0.078
pink,5,131,26.2,7.11795,11.50658,3584.653,20.864,0.059
pink,5,132,26.4,6.96355,11.55505,3625.877,21.024,0.033
pink,5,133,26.6,6.83522,11.63352,3645.135,21.173,0.046
pink,5,134,26.8,6.71372,11.73018,3674.335,21.325,0.078
pink,5,135,27.0,6.56487,11.7876,3694.65,21.484,0.063
pink,5,136,27.2,6.42402,11.84104,3734.675,21.634,0.047
pink,5,137,27.4,6.28867,11.94201,3754.573,21.8,0.077
pink,5,138,27.6,6.14668,12.0558,3790.691,21.978,0.116
pink,5,139,27.8,5.97394,12.11016,3813.018,22.157,0.087
pink,5,140,28.0,5.81753,12.1481,3844.918,22.314,0.051
pink,5,141,28.2,5.68029,12.21288,3861.232,22.465,0.047
pink,5,142,28.4,5.55051,12.27771,3887.415,22.611,0.047
pink,5,143,28.6,5.40212,12.30275,3912.918,22.754,0.003
pink,5,144,28.8,5.22421,12.34182,3945.499,22.931,0.041
pink,5,145,29.0,5.0892,12.42068,3966.302,23.087,0.031
pink,5,146,29.2,4.96099,12.50858,4000.701,23.241,0.01
pink,5,147,29.4,4.78908,12.57336,4025.257,23.424,0.029
pink,5,148,29.6,4.65697,12.63539,4065.381,23.57,0.032
pink,5,149,29.8,4.54234,12.74156,4092.792,23.72,0.011
pink,5,150,30.0,4.43356,12.81728,4119.45,23.851,0.03
pink,5,151,30.2,4.2972,12.87894,4152.738,24.0,0.025
pink,5,152,30.4,4.21953,12.97197,4194.377,24.112,0.073
pink,5,153,30.6,4.168,13.14318,4240.847,24.234,0.203
pink,5,154,30.8,4.07085,13.31478,4283.875,24.398,0.313
pink,5,155,31.0,3.95846,13.45886,4349.673,24.563,0.392
pink,5,156,31.2,3.84417,13.61897,4397.89,24.737,0.484
pink,5,157,31.4,3.74071,13.71295,4426.648,24.871,0.522
pink,5,158,31.6,3.64569,13.70482,4449.766,24.953,0.472
pink,5,159,31.8,3.58776,13.72451,4488.514,25.013,0.464
pink,5,160,32.0,3.57073,13.80488,4547.104,25.064,0.528
pink,5,161,32.2,3.45312,13.87979,4591.917,25.203,0.542
pink,5,162,32.4,3.43094,13.97307,4711.458,25.265,0.616
pink,5,163,32.6,3.43013,13.96664,4920.246,25.265,0.61
pink,5,164,32.8,3.45618,13.93727,5058.624,25.265,0.595
pink,6,0,0.0,24.0,3.0,0.0,0.0,0.0
pink,6,1,0.2,23.99956,3.00466,17.733,0.004,0.001
pink,6,2,0.4,23.95696,3.00508,54.106,0.021,0.038
pink,6,3,0.6,23.89819,3.05341,80.946,0.088,0.073
pink,6,4,0.8,23.81302,3.1819,103.572,0.24,0.103
pink,6,5,1.0,23.72339,3.34436,130.643,0.424,0.123
pink,6,6,1.2,23.69306,3.5202,149.98,0.598,0.083
pink,6,7,1.4,23.6723,3.70339,183.762,0.775,0.032
pink,6,8,1.6,23.60056,3.88054,219.515,0.966,0.03
pink,6,9,1.8,23.53213,4.06854,248.318,1.166,0.021
pink,6,10,2.0,23.47423,4.27031,293.967,1.375,0.003
pink,6,11,2.2,23.3901,4.44562,316.984,1.569,0.007
pink,6,12,2.4,23.30954,4.61048,351.673,1.752,0.018
pink,6,13,2.6,23.27593,4.78915,373.539,1.93,0.02
pink,6,14,2.8,23.24218,4.92671,404.32,2.07,0.042
pink,6,15,3.0,23.16844,5.07474,426.154,2.235,0.03
pink,6,16,3.2,23.10082,5.17679,458.124,2.355,0.007
pink,6,17,3.4,23.01707,5.24151,474.219,2.447,0.045
pink,6,18,3.6,22.91139,5.28595,497.945,2.529,0.126
pink,6,19,3.8,22.79899,5.38875,518.38,2.667,0.19
pink,6,20,4.0,22.70333,5.49402,549.951,2.801,0.238
pink,6,21,4.2,22.63444,5.56485,572.968,2.893,0.274
pink,6,22,4.4,22.57136,5.65344,593.202,2.999,0.298
pink,6,23,4.6,22.49606,5.79977,630.854,3.163,0.311
pink,6,24,4.8,22.45103,5.90894,662.833,3.281,0.311
pink,6,25,5.0,22.41617,6.03449,684.714,3.41,0.295
pink,6,26,5.2,22.37917,6.21408,709.205,3.59,0.26
pink,6,27,5.4,22.32569,6.40358,747.368,3.786,0.236
pink,6,28,5.6,22.29261,6.57313,767.904,3.955,0.202
pink,6,29,5.8,22.26515,6.72874,806.936,4.109,0.167
pink,6,30,6.0,22.23232,6.89765,827.848,4.278,0.133
pink,6,31,6.2,22.19627,7.07376,860.974,4.454,0.098
pink,6,32,6.4,22.1844,7.25563,882.083,4.627,0.039
pink,6,33,6.6,22.16474,7.42461,914.769,4.79,0.008
pink,6,34,6.8,22.09026,7.56452,935.414,4.948,0.007
pink,6,35,7.0,22.01273,7.6826,976.428,5.087,0.033
pink,6,36,7.2,21.9301,7.81279,995.187,5.271,0.008
pink,6,37,7.4,21.8345,7.92201,1021.139,5.394,0.069
pink,6,38,7.6,21.68458,7.97437,1043.816,5.552,0.076
pink,6,39,7.8,21.54386,8.0167,1076.178,5.699,0.076
pink,6,40,8.0,21.40264,8.07369,1094.182,5.851,0.09
pink,6,41,8.2,21.25882,8.13484,1120.588,6.006,0.108
pink,6,42,8.4,21.08949,8.15672,1142.72,6.175,0.08
pink,6,43,8.6,20.92134,8.17078,1179.022,6.34,0.045
pink,6,44,8.8,20.77312,8.22014,1197.398,6.496,0.05
pink,6,45,9.0,20.61785,8.28762,1230.456,6.664,0.07
pink,6,46,9.2,20.44933,8.30661,1253.804,6.831,0.04
pink,6,47,9.4,20.27706,8.31305,1288.909,6.998,0.004
pink,6,48,9.6,20.12395,8.35527,1311.734,7.156,0.007
pink,6,49,9.8,19.97608,8.40815,1342.801,7.313,0.001
pink,6,50,10.0,19.81865,8.44245,1363.952,7.474,0.011
pink,6,51,10.2,19.65254,8.47346,1394.794,7.642,0.029
pink,6,52,10.4,19.5082,8.53453,1409.567,7.798,0.012
pink,6,53,10.6,19.36766,8.62107,1445.514,7.957,0.03
pink,6,54,10.8,19.21891,8.66514,1470.352,8.112,0.03
pink,6,55,11.0,19.04443,8.69218,1505.362,8.287,0.005
pink,6,56,11.2,18.90602,8.74556,1522.728,8.435,0.017
pink,6,57,11.4,18.75588,8.83115,1553.975,8.604,0.055
pink,6,58,11.6,18.62385,8.83618,1582.306,8.732,0.022
pink,6,59,11.8,18.43109,8.82902,1619.536,8.914,0.04
pink,6,60,12.0,18.27443,8.87589,1647.416,9.078,0.04
pink,6,61,12.2,18.13524,8.93944,1675.521,9.229,0.019
pink,6,62,12.4,17.97155,9.00004,1696.222,9.402,0.013
pink,6,63,12.6,17.81814,9.04541,1738.277,9.559,0.041
pink,6,64,12.8,17.69024,9.09145,1754.35,9.694,0.057
pink,6,65,13.0,17.56895,9.15418,1774.792,9.831,0.055
pink,6,66,13.2,17.44724,9.2219,1796.068,9.97,0.049
pink,6,67,13.4,17.29104,9.29843,1826.034,10.144,0.05
pink,6,68,13.6,17.16075,9.38658,1852.563,10.3,0.03
pink,6,69,13.8,17.03109,9.52423,1886.52,10.477,0.036
pink,6,70,14.0,16.89371,9.61923,1912.502,10.643,0.059
pink,6,71,14.2,16.71856,9.6774,1949.986,10.825,0.033
pink,6,72,14.4,16.58921,9.74033,1967.664,10.969,0.031
pink,6,73,14.6,16.45167,9.84228,1995.193,11.138,0.061
pink,6,74,14.8,16.31477,9.91414,2018.339,11.292,0.064
pink,6,75,15.0,16.13702,9.95981,2048.179,11.472,0.025
pink,6,76,15.2,15.99442,10.02142,2065.361,11.627,0.017
pink,6,77,15.4,15.85466,10.12837,2093.589,11.8,0.05
pink,6,78,15.6,15.71395,10.20397,2117.292,11.959,0.055
pink,6,79,15.8,15.53822,10.25148,2151.466,12.138,0.018
pink,6,80,16.0,15.40398,10.31228,2171.217,12.285,0.013
pink,6,81,16.2,15.261,10.4148,2200.605,12.459,0.041
pink,6,82,16.4,15.11767,10.47432,2224.938,12.613,0.03
pink,6,83,16.6,14.94392,10.4889,2260.708,12.786,0.011
pink,6,84,16.8,14.80267,10.51421,2280.317,12.928,0.014
pink,6,85,17.0,14.64207,10.56308,2304.164,13.088,0.063
pink,6,86,17.2,14.50574,10.5739,2330.211,13.224,0.074
pink,6,87,17.4,14.32725,10.53615,2356.773,13.403,0.036
pink,6,88,17.6,14.17288,10.51135,2394.087,13.557,0.011
pink,6,89,17.8,14.00988,10.52545,2413.247,13.72,0.025
pink,6,90,18.0,13.85599,10.54009,2444.017,13.874,0.04
pink,6,91,18.2,13.69262,10.52166,2464.794,14.038,0.022
pink,6,92,18.4,13.53916,10.50496,2501.218,14.191,0.005
pink,6,93,18.6,13.38909,10.51915,2519.054,14.341,0.019
pink,6,94,18.8,13.23758,10.541,2548.975,14.493,0.041
pink,6,95,19.0,13.08541,10.52797,2574.655,14.645,0.028
pink,6,96,19.2,12.89477,10.48906,2611.183,14.835,0.011
pink,6,97,19.4,12.72709,10.48933,2629.832,15.003,0.011
pink,6,98,19.6,12.55457,10.52331,2659.945,15.176,0.023
pink,6,99,19.8,12.39574,10.52896,2681.029,15.334,0.029
pink,6,100,20.0,12.22367,10.50975,2710.988,15.507,0.01
pink,6,101,20.2,12.0764,10.50953,2724.124,15.654,0.01
pink,6,102,20.4,11.91344,10.53398,2749.534,15.817,0.034
pink,6,103,20.6,11.76862,10.52798,2773.405,15.962,0.028
pink,6,104,20.8,11.57945,10.48553,2808.028,16.151,0.014
pink,6,105,21.0,11.41285,10.48068,2831.928,16.317,0.019
pink,6,106,21.2,11.24001,10.51708,2858.869,16.49,0.017
pink,6,107,21.4,11.08524,10.53241,2880.009,16.645,0.032
pink,6,108,21.6,10.90787,10.51461,2906.945,16.822,0.015
pink,6,109,21.8,10.76119,10.51154,2925.368,16.969,0.012
pink,6,110,22.0,10.598,10.53822,2947.005,17.132,0.038
pink,6,111,22.2,10.45709,10.54704,2973.428,17.273,0.047
pink,6,112,22.4,10.28097,10.52083,2995.445,17.449,0.021
pink,6,113,22.6,10.10931,10.49309,3033.06,17.621,0.007
pink,6,114,22.8,9.94397,10.50231,3050.174,17.786,0.002
pink,6,115,23.0,9.78339,10.52546,3083.185,17.947,0.025
pink,6,116,23.2,9.61633,10.51235,3105.514,18.114,0.012
pink,6,117,23.4,9.4456,10.49292,3136.004,18.285,0.007
pink,6,118,23.6,9.29405,10.51642,3152.922,18.436,0.016
pink,6,119,23.8,9.13534,10.57412,3188.578,18.595,0.074
pink,6,120,24.0,8.98581,10.60778,3212.007,18.791,0.09
pink,6,121,24.2,8.80501,10.62869,3241.799,18.962,0.028
pink,6,122,24.4,8.66198,10.67995,3255.176,19.113,0.01
pink,6,123,24.6,8.51978,10.77723,3286.255,19.284,0.033
pink,6,124,24.8,8.38883,10.84568,3311.394,19.431,0.036
pink,6,125,25.0,8.21527,10.8987,3339.218,19.61,0.006
pink,6,126,25.2,8.0785,10.96487,3357.569,19.762,0.004
pink,6,127,25.4,7.94219,11.07828,3386.959,19.935,0.044
pink,6,128,25.6,7.80647,11.15792,3410.862,20.092,0.055
pink,6,129,25.8,7.63083,11.20786,3439.175,20.271,0.021
pink,6,130,26.0,7.49148,11.27757,3459.045,20.427,0.021
pink,6,131,26.2,7.35348,11.3992,3490.662,20.605,0.068
pink,6,132,26.4,7.2135,11.48219,3514.944,20.767,0.08
pink,6,133,26.6,7.04108,11.53121,3551.445,20.944,0.046
pink,6,134,26.8,6.9132,11.58874,3570.279,21.084,0.041
pink,6,135,27.0,6.78847,11.68773,3599.858,21.239,0.073
pink,6,136,27.2,6.66265,11.76225,3622.803,21.385,0.084
pink,6,137,27.4,6.51041,11.81452,3655.29,21.545,0.062
pink,6,138,27.6,6.38384,11.8876,3676.499,21.691,0.071
pink,6,139,27.8,6.24027,12.01338,3709.601,21.875,0.119
pink,6,140,28.0,6.09654,12.09327,3735.132,22.04,0.127
pink,6,141,28.2,5.92208,12.13348,3772.123,22.214,0.085
pink,6,142,28.4,5.79104,12.1841,3790.442,22.354,0.071
pink,6,143,28.6,5.64779,12.27096,3813.112,22.521,0.085
pink,6,144,28.8,5.53672,12.31974,3842.262,22.642,0.079
pink,6,145,29.0,5.36866,12.35911,3865.887,22.81,0.039
pink,6,146,29.2,5.2151,12.40585,3897.914,22.968,0.012
pink,6,147,29.4,5.08314,12.49376,3918.469,23.125,0.032
pink,6,148,29.6,4.95325,12.58459,3946.656,23.282,0.055
pink,6,149,29.8,4.78933,12.64495,3966.787,23.456,0.035
pink,6,150,30.0,4.64006,12.72176,4004.304,23.623,0.037
pink,6,151,30.2,4.49885,12.85212,4038.051,23.808,0.091
pink,6,152,30.4,4.39569,12.91477,4072.707,23.928,0.101
pink,6,153,30.6,4.29183,12.97209,4109.205,24.047,0.106
pink,6,154,30.8,4.19602,12.99343,4186.835,24.142,0.082
pink,6,155,31.0,4.14896,12.98008,4371.977,24.178,0.049
pink,6,156,31.2,4.14642,12.98831,4552.675,24.184,0.055
pink,6,157,31.4,4.14137,12.98802,4676.355,24.189,0.053
pink,6,158,31.6,4.13884,12.97288,4753.794,24.189,0.038
pink,6,159,31.8,4.12463,12.94395,4903.146,24.189,0.006
pink,6,160,32.0,4.12019,12.90113,5028.01,24.189,0.035
pink,6,161,32.2,4.11274,12.8539,5148.103,24.189,0.08
pink,6,162,32.4,4.13303,12.77748,5245.315,24.189,0.14
pink,6,163,32.6,4.1543,12.71832,5452.088,24.189,0.183
pink,7,0,0.0,24.0,3.0,0.0,0.0,0.0
pink,7,1,0.2,23.99956,3.00466,17.733,0.004,0.001
pink,7,2,0.4,23.95696,3.00508,54.106,0.021,0.038
pink,7,3,0.6,23.89819,3.05341,80.946,0.088,0.073
pink,7,4,0.8,23.81302,3.1819,103.572,0.24,0.103
pink,7,5,1.0,23.72339,3.34436,130.643,0.424,0.123
pink,7,6,1.2,23.69306,3.5202,149.98,0.598,0.083
pink,7,7,1.4,23.6723,3.70339,183.762,0.775,0.032
pink,7,8,1.6,23.60056,3.88054,219.515,0.966,0.03
pink,7,9,1.8,23.53213,4.06854,248.318,1.166,0.021
pink,7,10,2.0,23.47423,4.27031,293.967,1.375,0.003
pink,7,11,2.2,23.3901,4.44562,316.984,1.569,0.007
pink,7,12,2.4,23.30954,4.61048,351.673,1.752,0.018
pink,7,13,2.6,23.27592,4.78915,373.536,1.93,0.02
pink,7,14,2.8,23.24214,4.92708,404.42,2.07,0.042
pink,7,15,3.0,23.1684,5.0756,426.18,2.236,0.031
pink,7,16,3.2,23.09972,5.17807,454.72,2.357,0.007
pink,7,17,3.4,23.0154,5.24422,470.309,2.45,0.046
pink,7,18,3.6,22.909,5.28897,494.704,2.533,0.127
pink,7,19,3.8,22.79899,5.38836,514.269,2.667,0.19
pink,7,20,4.0,22.70258,5.49494,551.118,2.802,0.238
pink,7,21,4.2,22.63849,5.57474,578.167,2.9,0.266
pink,7,22,4.4,22.58363,5.67143,603.317,3.011,0.28
pink,7,23,4.6,22.50695,5.84584,636.208,3.201,0.284
pink,7,24,4.8,22.49036,6.00193,671.936,3.352,0.239
pink,7,25,5.0,22.5042,6.16674,701.899,3.498,0.163
pink,7,26,5.2,22.48054,6.33198,725.078,3.66,0.121
pink,7,27,5.4,22.41647,6.5083,760.584,3.847,0.112
pink,7,28,5.6,22.36794,6.67848,786.705,4.023,0.092
pink,7,29,5.8,22.32509,6.84958,821.819,4.198,0.065
pink,7,30,6.0,22.27339,7.0175,840.552,4.373,0.049
pink,7,31,6.2,22.22285,7.18798,875.236,4.549,0.03
pink,7,32,6.4,22.20104,7.37322,898.429,4.729,0.021
pink,7,33,6.6,22.1677,7.53826,931.226,4.894,0.054
pink,7,34,6.8,22.0778,7.66511,953.81,5.046,0.02
pink,7,35,7.0,21.99258,7.76711,996.805,5.172,0.02
pink,7,36,7.2,21.89135,7.88759,1018.182,5.329,0.053
pink,7,37,7.4,21.77701,7.98807,1047.083,5.468,0.116
pink,7,38,7.6,21.61432,8.0222,1070.523,5.633,0.102
pink,7,39,7.8,21.46404,8.05269,1101.681,5.786,0.088
pink,7,40,8.0,21.31586,8.10865,1120.265,5.944,0.099
pink,7,41,8.2,21.16737,8.15739,1151.357,6.1,0.103
pink,7,42,8.4,20.98443,8.16104,1174.884,6.276,0.054
pink,7,43,8.6,20.82479,8.17427,1204.86,6.433,0.021
pink,7,44,8.8,20.66967,8.23237,1223.816,6.598,0.032
pink,7,45,9.0,20.52094,8.28644,1253.423,6.756,0.041
pink,7,46,9.2,20.34162,8.30097,1276.685,6.932,0.003
pink,7,47,9.4,20.17896,8.32042,1308.237,7.094,0.025
pink,7,48,9.6,20.02308,8.3756,1328.475,7.259,0.017
pink,7,49,9.8,19.87869,8.42929,1358.03,7.413,0.007
pink,7,50,10.0,19.71175,8.46543,1377.262,7.583,0.02
pink,7,51,10.2,19.561,8.50462,1404.772,7.739,0.026
pink,7,52,10.4,19.4163,8.58112,1423.965,7.899,0.006
pink,7,53,10.6,19.28213,8.65779,1457.483,8.05,0.041
pink,7,54,10.8,19.11231,8.68862,1481.514,8.221,0.021
pink,7,55,11.0,18.95226,8.71323,1519.353,8.382,0.001
pink,7,56,11.2,18.8089,8.77551,1538.157,8.537,0.017
pink,7,57,11.4,18.66229,8.84839,1571.258,8.698,0.045
pink,7,58,11.6,18.49554,8.87319,1594.841,8.865,0.021
pink,7,59,11.8,18.31802,8.89775,1626.868,9.042,0.007
pink,7,60,12.0,18.17449,8.9818,1647.85,9.204,0.033
pink,7,61,12.2,18.04898,9.06294,1682.349,9.347,0.074
pink,7,62,12.4,17.89115,9.1137,1700.812,9.524,0.053
pink,7,63,12.6,17.74358,9.17214,1731.534,9.682,0.039
pink,7,64,12.8,17.59978,9.28142,1755.816,9.86,0.073
pink,7,65,13.0,17.47177,9.36704,1786.452,10.013,0.092
pink,7,66,13.2,17.30049,9.41636,1807.859,10.188,0.06
pink,7,67,13.4,17.14347,9.46163,1844.605,10.349,0.03
pink,7,68,13.6,17.00056,9.54701,1863.392,10.515,0.042
pink,7,69,13.8,16.87253,9.63331,1899.778,10.668,0.062
pink,7,70,14.0,16.71241,9.68494,1924.461,10.834,0.037
pink,7,71,14.2,16.54458,9.73592,1957.546,11.007,0.007
pink,7,72,14.4,16.40878,9.82458,1976.857,11.168,0.026
pink,7,73,14.6,16.27127,9.93269,2006.724,11.339,0.061
pink,7,74,14.8,16.11102,9.98854,2029.636,11.508,0.039
pink,7,75,15.0,15.94764,10.03995,2063.831,11.677,0.012
pink,7,76,15.2,15.81242,10.13298,2083.897,11.839,0.035
pink,7,77,15.4,15.67433,10.24296,2115.222,12.012,0.072
pink,7,78,15.6,15.51071,10.30077,2137.378,12.184,0.05
pink,7,79,15.8,15.35497,10.34562,2176.807,12.344,0.021
pink,7,80,16.0,15.21564,10.41732,2195.392,12.5,0.022
pink,7,81,16.2,15.06672,10.49824,2223.983,12.67,0.028
pink,7,82,16.4,14.90211,10.51269,2246.784,12.828,0.013
pink,7,83,16.6,14.75237,10.52328,2301.84,12.978,0.023
pink,7,84,16.8,14.6066,10.56979,2326.711,13.124,0.07
pink,7,85,17.0,14.45133,10.60744,2354.826,13.279,0.107
pink,7,86,17.2,14.28075,10.58268,2378.604,13.449,0.083
pink,7,87,17.4,14.11594,10.54384,2423.957,13.614,0.044
pink,7,88,17.6,13.95926,10.54767,2442.386,13.771,0.048
pink,7,89,17.8,13.8054,10.55885,2469.911,13.925,0.059
pink,7,90,18.0,13.64728,10.52683,2496.552,14.083,0.027
pink,7,91,18.2,13.47506,10.48338,2534.455,14.255,0.017
pink,7,92,18.4,13.34013,10.49407,2554.885,14.39,0.006
pink,7,93,18.6,13.18342,10.53054,2584.561,14.547,0.031
pink,7,94,18.8,13.01486,10.5196,2609.313,14.715,0.02
pink,7,95,19.0,12.8378,10.48377,2647.19,14.892,0.016
pink,7,96,19.2,12.69516,10.50742,2668.084,15.035,0.007
pink,7,97,19.4,12.54294,10.55779,2700.517,15.187,0.058
pink,7,98,19.6,12.39055,10.56093,2724.641,15.34,0.061
pink,7,99,19.8,12.21015,10.52927,2764.927,15.52,0.029
pink,7,100,20.0,12.04669,10.53482,2785.553,15.684,0.035
pink,7,101,20.2,11.88027,10.5644,2816.763,15.85,0.064
pink,7,102,20.4,11.72282,10.55327,2841.461,16.007,0.053
pink,7,103,20.6,11.535,10.51069,2879.328,16.195,0.011
pink,7,104,20.8,11.36858,10.50516,2897.475,16.362,0.005
pink,7,105,21.0,11.19524,10.53309,2930.699,16.535,0.033
pink,7,106,21.2,11.03529,10.53219,2951.752,16.695,0.032
pink,7,107,21.4,10.86045,10.50705,2979.547,16.87,0.007
pink,7,108,21.6,10.71223,10.51006,2995.79,17.018,0.01
pink,7,109,21.8,10.5506,10.53967,3023.268,17.18,0.04
pink,7,110,22.0,10.40848,10.53807,3047.714,17.322,0.038
pink,7,111,22.2,10.21997,10.50144,3081.738,17.51,0.001
pink,7,112,22.4,10.05357,10.48717,3103.55,17.677,0.013
pink,7,113,22.6,9.87871,10.51424,3131.818,17.852,0.014
pink,7,114,22.8,9.7224,10.52318,3155.913,18.008,0.023
pink,7,115,23.0,9.54342,10.49803,3183.427,18.187,0.002
pink,7,116,23.2,9.39298,10.49755,3199.994,18.337,0.002
pink,7,117,23.4,9.23029,10.54267,3222.205,18.5,0.043
pink,7,118,23.6,9.08286,10.5886,3250.692,18.647,0.089
pink,7,119,23.8,8.90755,10.6143,3270.002,18.864,0.061
pink,7,120,24.0,8.75129,10.64623,3297.671,19.018,0.02
pink,7,121,24.2,8.60762,10.7233,3315.482,19.181,0.024
pink,7,122,24.4,8.47222,10.81387,3347.902,19.343,0.045
pink,7,123,24.6,8.31416,10.87264,3370.046,19.51,0.027
pink,7,124,24.8,8.15184,10.92675,3402.514,19.68,0.002
pink,7,125,25.0,8.01912,11.0165,3421.48,19.839,0.023
pink,7,126,25.2,7.88294,11.1268,3451.983,20.01,0.061
pink,7,127,25.4,7.72333,11.18356,3474.652,20.178,0.04
pink,7,128,25.6,7.55745,11.23495,3507.01,20.349,0.012
pink,7,129,25.8,7.42125,11.33265,3528.467,20.515,0.039
pink,7,130,26.0,7.28453,11.44544,3562.518,20.687,0.078
pink,7,131,26.2,7.11795,11.50658,3584.653,20.864,0.059
pink,7,132,26.4,6.96355,11.55505,3625.877,21.024,0.033
pink,7,133,26.6,6.83522,11.63352,3645.135,21.173,0.046
pink,7,134,26.8,6.71372,11.73018,3674.335,21.325,0.078
pink,7,135,27.0,6.56487,11.7876,3694.65,21.484,0.063
pink,7,136,27.2,6.42402,11.84104,3734.675,21.634,0.047
pink,7,137,27.4,6.28867,11.94201,3754.573,21.8,0.077
pink,7,138,27.6,6.14668,12.0558,3790.691,21.978,0.116
pink,7,139,27.8,5.97394,12.11016,3813.018,22.157,0.087
pink,7,140,28.0,5.81753,12.1481,3844.918,22.314,0.051
pink,7,141,28.2,5.68029,12.21288,3861.232,22.465,0.047
pink,7,142,28.4,5.55051,12.27771,3887.415,22.611,0.047
pink,7,143,28.6,5.40212,12.30275,3912.918,22.754,0.003
pink,7,144,28.8,5.22421,12.34182,3945.499,22.931,0.041
pink,7,145,29.0,5.0892,12.42068,3966.302,23.087,0.031
pink,7,146,29.2,4.96099,12.50858,4000.701,23.241,0.01
pink,7,147,29.4,4.78908,12.57336,4025.257,23.424,0.029
pink,7,148,29.6,4.65697,12.63539,4065.381,23.57,0.032
pink,7,149,29.8,4.54234,12.74156,4092.792,23.72,0.011
pink,7,150,30.0,4.43356,12.81728,4119.45,23.851,0.03
pink,7,151,30.2,4.2972,12.87894,4152.738,24.0,0.025
pink,7,152,30.4,4.21953,12.97197,4194.377,24.112,0.073
pink,7,153,30.6,4.168,13.14318,4240.847,24.234,0.203
pink,7,154,30.8,4.07085,13.31478,4283.875,24.398,0.313
pink,7,155,31.0,3.95846,13.45886,4349.673,24.563,0.392
pink,7,156,31.2,3.84417,13.61897,4397.89,24.737,0.484
pink,7,157,31.4,3.74071,13.71295,4426.648,24.871,0.522
pink,7,158,31.6,3.64569,13.70482,4449.766,24.953,0.472
pink,7,159,31.8,3.58776,13.72451,4488.514,25.013,0.464
pink,7,160,32.0,3.57073,13.80488,4547.104,25.064,0.528
pink,7,161,32.2,3.45312,13.87979,4591.917,25.203,0.542
pink,7,162,32.4,3.43094,13.97307,4711.458,25.265,0.616
pink,7,163,32.6,3.42847,13.96558,4916.969,25.265,0.608
pink,7,164,32.8,3.45838,13.93915,5058.031,25.265,0.598
pink,8,0,0.0,24.0,3.0,0.0,0.0,0.0
pink,8,1,0.2,23.99956,3.00466,17.733,0.004,0.001
pink,8,2,0.4,23.95696,3.00508,54.106,0.021,0.038
pink,8,3,0.6,23.89819,3.05341,80.946,0.088,0.073
pink,8,4,0.8,23.81302,3.1819,103.572,0.24,0.103
pink,8,5,1.0,23.72339,3.34436,130.643,0.424,0.123
pink,8,6,1.2,23.69306,3.5202,149.98,0.598,0.083
pink,8,7,1.4,23.6723,3.70339,183.762,0.775,0.032
pink,8,8,1.6,23.60056,3.88054,219.515,0.966,0.03
pink,8,9,1.8,23.53213,4.06854,248.318,1.166,0.021
pink,8,10,2.0,23.47423,4.27031,293.967,1.375,0.003
pink,8,11,2.2,23.3901,4.44562,316.984,1.569,0.007
pink,8,12,2.4,23.30954,4.61048,351.673,1.752,0.018
pink,8,13,2.6,23.27593,4.78915,373.539,1.93,0.02
pink,8,14,2.8,23.24218,4.92671,404.32,2.07,0.042
pink,8,15,3.0,23.16844,5.07474,426.154,2.235,0.03
pink,8,16,3.2,23.10082,5.17679,458.124,2.355,0.007
pink,8,17,3.4,23.01707,5.24151,474.219,2.447,0.045
pink,8,18,3.6,22.91139,5.28595,497.945,2.529,0.126
pink,8,19,3.8,22.79899,5.38875,518.38,2.667,0.19
pink,8,20,4.0,22.70333,5.49402,549.951,2.801,0.238
pink,8,21,4.2,22.63444,5.56485,572.968,2.893,0.274
pink,8,22,4.4,22.57136,5.65344,593.202,2.999,0.298
pink,8,23,4.6,22.49606,5.79977,630.854,3.163,0.311
pink,8,24,4.8,22.45103,5.90894,662.833,3.281,0.311
pink,8,25,5.0,22.41617,6.03449,684.714,3.41,0.295
pink,8,26,5.2,22.37917,6.21408,709.205,3.59,0.26
pink,8,27,5.4,22.32569,6.40358,747.368,3.786,0.236
pink,8,28,5.6,22.29261,6.57313,767.904,3.955,0.202
pink,8,29,5.8,22.26515,6.72874,806.936,4.109,0.167
pink,8,30,6.0,22.23232,6.89765,827.848,4.278,0.133
pink,8,31,6.2,22.19627,7.07376,860.974,4.454,0.098
pink,8,32,6.4,22.1844,7.25563,882.083,4.627,0.039
pink,8,33,6.6,22.16474,7.42461,914.769,4.79,0.008
pink,8,34,6.8,22.09026,7.56452,935.414,4.948,0.007
pink,8,35,7.0,22.01277,7.68234,976.578,5.086,0.033
pink,8,36,7.2,21.93003,7.81142,995.354,5.27,0.009
pink,8,37,7.4,21.8343,7.92031,1023.055,5.393,0.068
pink,8,38,7.6,21.68498,7.97329,1045.404,5.552,0.075
pink,8,39,7.8,21.54463,8.01568,1077.75,5.698,0.076
pink,8,40,8.0,21.404,8.07098,1095.545,5.849,0.088
pink,8,41,8.2,21.25891,8.13127,1122.4,6.005,0.104
pink,8,42,8.4,21.08982,8.154,1144.437,6.174,0.078
pink,8,43,8.6,20.91928,8.16903,1179.977,6.341,0.043
pink,8,44,8.8,20.77033,8.22017,1198.39,6.499,0.049
pink,8,45,9.0,20.61536,8.29019,1229.918,6.667,0.072
pink,8,46,9.2,20.44837,8.30928,1253.909,6.833,0.042
pink,8,47,9.4,20.27437,8.31468,1288.014,7.001,0.003
pink,8,48,9.6,20.11975,8.35371,1309.246,7.16,0.01
pink,8,49,9.8,19.97205,8.40454,1339.969,7.316,0.004
pink,8,50,10.0,19.81725,8.43922,1361.435,7.474,0.015
pink,8,51,10.2,19.65174,8.46987,1391.327,7.642,0.033
pink,8,52,10.4,19.5091,8.52524,1405.494,7.794,0.021
pink,8,53,10.6,19.36259,8.61218,1434.89,7.96,0.02
pink,8,54,10.8,19.20741,8.65871,1457.659,8.122,0.02
pink,8,55,11.0,19.04145,8.6818,1500.148,8.287,0.006
pink,8,56,11.2,18.91181,8.7272,1518.521,8.424,0.001
pink,8,57,11.4,18.76036,8.80999,1550.581,8.593,0.036
pink,8,58,11.6,18.6259,8.85205,1578.901,8.734,0.038
pink,8,59,11.8,18.43952,8.87057,1613.325,8.918,0.002
pink,8,60,12.0,18.2881,8.90886,1628.469,9.074,0.005
pink,8,61,12.2,18.14349,8.99383,1656.772,9.237,0.035
pink,8,62,12.4,18.01832,9.05863,1682.282,9.386,0.061
pink,8,63,12.6,17.85625,9.10881,1715.485,9.553,0.033
pink,8,64,12.8,17.71228,9.17128,1733.815,9.71,0.025
pink,8,65,13.0,17.56801,9.27935,1762.961,9.887,0.057
pink,8,66,13.2,17.43387,9.34946,1788.289,10.039,0.059
pink,8,67,13.4,17.25512,9.39523,1823.055,10.219,0.02
pink,8,68,13.6,17.10474,9.45404,1841.904,10.38,0.006
pink,8,69,13.8,16.96009,9.55661,1869.444,10.555,0.033
pink,8,70,14.0,16.82191,9.62965,1894.722,10.711,0.036
pink,8,71,14.2,16.6438,9.67894,1924.568,10.893,0.001
pink,8,72,14.4,16.50194,9.74473,1941.587,11.049,0.004
pink,8,73,14.6,16.36504,9.85725,1970.573,11.222,0.036
pink,8,74,14.8,16.22757,9.93812,1994.793,11.381,0.046
pink,8,75,15.0,16.05336,9.99213,2027.473,11.561,0.017
pink,8,76,15.2,15.91957,10.05956,2046.587,11.711,0.017
pink,8,77,15.4,15.7816,10.17311,2075.85,11.885,0.057
pink,8,78,15.6,15.64429,10.25185,2100.102,12.043,0.066
pink,8,79,15.8,15.47037,10.29966,2130.692,12.22,0.031
pink,8,80,16.0,15.33137,10.35967,2151.089,12.371,0.023
pink,8,81,16.2,15.1837,10.46085,2180.49,12.548,0.047
pink,8,82,16.4,15.03874,10.51702,2205.308,12.703,0.033
pink,8,83,16.6,14.86829,10.5249,2241.398,12.862,0.025
pink,8,84,16.8,14.73726,10.54736,2267.986,12.993,0.047
pink,8,85,17.0,14.57521,10.59037,2290.92,13.155,0.09
pink,8,86,17.2,14.44208,10.60082,2320.321,13.288,0.101
pink,8,87,17.4,14.26293,10.56129,2344.592,13.467,0.061
pink,8,88,17.6,14.09372,10.52992,2385.25,13.637,0.03
pink,8,89,17.8,13.9206,10.54592,2406.273,13.81,0.046
pink,8,90,18.0,13.77312,10.55006,2436.091,13.957,0.05
pink,8,91,18.2,13.59703,10.51461,2458.541,14.133,0.015
pink,8,92,18.4,13.4249,10.48165,2495.406,14.305,0.018
pink,8,93,18.6,13.25662,10.49232,2513.049,14.474,0.008
pink,8,94,18.8,13.09801,10.51762,2547.381,14.632,0.018
pink,8,95,19.0,12.93063,10.5085,2570.22,14.8,0.009
pink,8,96,19.2,12.75952,10.49138,2601.046,14.971,0.009
pink,8,97,19.4,12.60388,10.51176,2618.397,15.126,0.012
pink,8,98,19.6,12.45197,10.54459,2648.266,15.278,0.045
pink,8,99,19.8,12.30259,10.53844,2674.281,15.428,0.038
pink,8,100,20.0,12.11539,10.50482,2711.37,15.615,0.005
pink,8,101,20.2,11.94945,10.50349,2729.083,15.781,0.003
pink,8,102,20.4,11.77829,10.53334,2762.912,15.952,0.033
pink,8,103,20.6,11.62388,10.53448,2784.321,16.106,0.034
pink,8,104,20.8,11.45405,10.51156,2813.583,16.276,0.012
pink,8,105,21.0,11.30581,10.50981,2826.668,16.424,0.01
pink,8,106,21.2,11.13955,10.53667,2851.07,16.591,0.037
pink,8,107,21.4,10.98816,10.5483,2870.929,16.742,0.048
pink,8,108,21.6,10.81508,10.53107,2898.786,16.915,0.031
pink,8,109,21.8,10.66902,10.5227,2917.386,17.061,0.023
pink,8,110,22.0,10.50743,10.53932,2937.021,17.223,0.039
pink,8,111,22.2,10.36645,10.54233,2962.157,17.364,0.042
pink,8,112,22.4,10.19513,10.50325,2987.309,17.535,0.003
pink,8,113,22.6,10.03619,10.48009,3017.611,17.694,0.02
pink,8,114,22.8,9.88853,10.5136,3040.281,17.842,0.014
pink,8,115,23.0,9.7423,10.53719,3066.509,17.988,0.037
pink,8,116,23.2,9.56149,10.51315,3089.36,18.169,0.013
pink,8,117,23.4,9.40586,10.49563,3130.343,18.324,0.004
pink,8,118,23.6,9.24675,10.52919,3150.306,18.483,0.029
pink,8,119,23.8,9.10669,10.57419,3196.26,18.624,0.074
pink,8,120,24.0,8.95285,10.60422,3219.394,18.819,0.072
pink,8,121,24.2,8.78104,10.62844,3253.02,18.984,0.017
pink,8,122,24.4,8.64608,10.68972,3270.153,19.132,0.011
pink,8,123,24.6,8.50273,10.79032,3302.65,19.305,0.037
pink,8,124,24.8,8.34609,10.85012,3326.218,19.472,0.021
pink,8,125,25.0,8.17169,10.89561,3362.735,19.648,0.017
pink,8,126,25.2,8.04072,10.97441,3381.593,19.8,0.005
pink,8,127,25.4,7.90566,11.09056,3412.707,19.973,0.039
pink,8,128,25.6,7.75434,11.162,3436.391,20.14,0.035
pink,8,129,25.8,7.58738,11.21426,3474.889,20.313,0.007
pink,8,130,26.0,7.45966,11.29041,3492.732,20.461,0.018
pink,8,131,26.2,7.32381,11.40193,3523.424,20.633,0.057
pink,8,132,26.4,7.17478,11.46715,3547.06,20.795,0.049
pink,8,133,26.6,7.00334,11.51596,3581.909,20.97,0.016
pink,8,134,26.8,6.8712,11.59376,3600.874,21.123,0.026
pink,8,135,27.0,6.74333,11.70405,3631.621,21.287,0.068
pink,8,136,27.2,6.60342,11.77475,3654.433,21.444,0.068
pink,8,137,27.4,6.45827,11.82086,3697.007,21.594,0.045
pink,8,138,27.6,6.32718,11.8785,3712.393,21.737,0.038
pink,8,139,27.8,6.18481,11.96706,3739.959,21.904,0.053
pink,8,140,28.0,6.03691,12.02474,3761.467,22.062,0.039
pink,8,141,28.2,5.85998,12.07082,3791.38,22.241,0.001
pink,8,142,28.4,5.72908,12.13983,3807.86,22.389,0.004
pink,8,143,28.6,5.59667,12.24424,3836.058,22.554,0.038
pink,8,144,28.8,5.4514,12.30924,3858.696,22.713,0.031
pink,8,145,29.0,5.2903,12.36034,3890.005,22.88,0.005
pink,8,146,29.2,5.17658,12.43504,3909.982,23.015,0.021
pink,8,147,29.4,5.05363,12.55039,3939.164,23.177,0.069
pink,8,148,29.6,4.91752,12.62612,3961.14,23.333,0.076
pink,8,149,29.8,4.76138,12.69088,3997.996,23.501,0.064
pink,8,150,30.0,4.62375,12.7998,4020.924,23.673,0.1
pink,8,151,30.2,4.4902,12.92429,4063.663,23.848,0.152
pink,8,152,30.4,4.34488,12.98362,4086.99,24.005,0.14
pink,8,153,30.6,4.18599,13.02321,4118.915,24.164,0.104
pink,8,154,30.8,4.05107,13.084,4136.836,24.312,0.098
pink,8,155,31.0,3.92006,13.16442,4165.406,24.465,0.111
pink,8,156,31.2,3.76824,13.2046,4187.603,24.619,0.079
pink,8,157,31.4,3.70233,13.20644,4204.797,24.679,0.052
pink,8,158,31.6,3.70181,13.1374,4217.107,24.679,0.01
pink,8,159,31.8,3.7393,12.981,4253.678,24.679,0.134
pink,8,160,32.0,3.73716,12.78654,4361.357,24.679,0.308
pink,8,161,32.2,3.7574,12.56448,4471.231,24.679,0.498
pink,8,162,32.4,3.75534,12.3674,4527.303,24.679,0.675
pink,8,163,32.6,3.73842,12.19991,4580.698,24.679,0.833
pink,8,164,32.8,3.75433,12.10207,4615.388,24.679,0.913
pink,8,165,33.0,3.757,12.05607,4638.101,24.679,0.953
pink,8,166,33.2,3.72639,12.0175,4652.568,24.679,1.001
pink,8,167,33.4,3.68797,11.99016,4680.4,24.679,1.043
pink,8,168,33.6,3.61632,11.9653,4709.018,24.679,1.097
pink,8,169,33.8,3.54111,11.97814,4742.556,24.679,1.119
pink,8,170,34.0,3.47722,12.08618,4763.947,24.679,1.051
pink,8,171,34.2,3.40281,12.2385,4786.847,24.679,0.948
pink,8,172,34.4,3.36356,12.39105,4805.006,24.679,0.829
pink,8,173,34.6,3.35362,12.57946,4837.592,24.71,0.665
pink,8,174,34.8,3.29832,12.73193,4863.162,24.828,0.554
pink,8,175,35.0,3.21461,12.88062,4897.461,24.969,0.458
pink,8,176,35.2,3.16485,13.01928,4918.809,25.076,0.356
pink,8,177,35.4,3.127,13.19247,4951.144,25.187,0.218
pink,8,178,35.6,3.03764,13.31977,4975.81,25.324,0.144
pink,8,179,35.8,2.9117,13.42968,5016.213,25.486,0.102
pink,8,180,36.0,2.82621,13.52578,5034.834,25.605,0.055
pink,8,181,36.2,2.72974,13.64851,5058.198,25.747,0.012
pink,8,182,36.4,2.60886,13.72167,5086.129,25.887,0.023
pink,8,183,36.6,2.4444,13.77878,5123.833,26.06,0.001
pink,8,184,36.8,2.32084,13.85175,5137.831,26.203,0.011
pink,8,185,37.0,2.19991,13.95454,5166.891,26.357,0.049
pink,8,186,37.2,2.07273,14.01526,5189.5,26.498,0.046
pink,8,187,37.4,1.90687,14.0542,5220.085,26.664,0.007
pink,8,188,37.6,1.78157,14.10978,5233.911,26.801,0.001
pink,8,189,37.8,1.64284,14.20059,5262.226,26.966,0.02
pink,8,190,38.0,1.50105,14.26307,5284.809,27.12,0.012
pink,8,191,38.2,1.3208,14.30967,5315.49,27.302,0.027
pink,8,192,38.4,1.1828,14.36351,5334.36,27.45,0.04
pink,8,193,38.6,1.04619,14.45571,5359.361,27.613,0.019
pink,8,194,38.8,0.93678,14.52551,5385.169,27.742,0.005
pink,8,195,39.0,0.78846,14.58738,5406.034,27.903,0.016
pink,8,196,39.2,0.64812,14.6472,5440.609,28.055,0.026
pink,8,197,39.4,0.52936,14.72904,5458.974,28.198,0.006
pink,8,198,39.6,0.41028,14.82913,5487.31,28.349,0.031
pink,9,0,0.0,24.0,3.0,0.0,0.0,0.0
pink,9,1,0.2,23.99956,3.00466,17.733,0.004,0.001
pink,9,2,0.4,23.95696,3.00508,54.106,0.021,0.038
pink,9,3,0.6,23.89819,3.05341,80.946,0.088,0.073
pink,9,4,0.8,23.81302,3.1819,103.572,0.24,0.103
pink,9,5,1.0,23.72339,3.34436,130.643,0.424,0.123
pink,9,6,1.2,23.69306,3.5202,149.98,0.598,0.083
pink,9,7,1.4,23.6723,3.70339,183.762,0.775,0.032
pink,9,8,1.6,23.60056,3.88054,219.515,0.966,0.03
pink,9,9,1.8,23.53213,4.06854,248.318,1.166,0.021
pink,9,10,2.0,23.47423,4.27031,293.967,1.375,0.003
pink,9,11,2.2,23.3901,4.44562,316.984,1.569,0.007
pink,9,12,2.4,23.30954,4.61048,351.673,1.752,0.018
pink,9,13,2.6,23.27592,4.78915,373.536,1.93,0.02
pink,9,14,2.8,23.24214,4.92708,404.42,2.07,0.042
pink,9,15,3.0,23.1684,5.0756,426.18,2.236,0.031
pink,9,16,3.2,23.09972,5.17807,454.72,2.357,0.007
pink,9,17,3.4,23.0154,5.24422,470.309,2.45,0.046
pink,9,18,3.6,22.909,5.28897,494.704,2.533,0.127
pink,9,19,3.8,22.79899,5.38836,514.269,2.667,0.19
pink,9,20,4.0,22.70258,5.49494,551.118,2.802,0.238
pink,9,21,4.2,22.63849,5.57474,578.167,2.9,0.266
pink,9,22,4.4,22.58363,5.67143,603.317,3.011,0.28
pink,9,23,4.6,22.50695,5.84584,636.208,3.201,0.284
pink,9,24,4.8,22.49036,6.00193,671.936,3.352,0.239
pink,9,25,5.0,22.5042,6.16674,701.899,3.498,0.163
pink,9,26,5.2,22.48054,6.33198,725.078,3.66,0.121
pink,9,27,5.4,22.41647,6.5083,760.584,3.847,0.112
pink,9,28,5.6,22.36794,6.67848,786.705,4.023,0.092
pink,9,29,5.8,22.32509,6.84958,821.819,4.198,0.065
pink,9,30,6.0,22.27339,7.0175,840.552,4.373,0.049
pink,9,31,6.2,22.22285,7.18798,875.236,4.549,0.03
pink,9,32,6.4,22.20104,7.37322,898.429,4.729,0.021
pink,9,33,6.6,22.1677,7.53826,931.226,4.894,0.054
pink,9,34,6.8,22.0778,7.66511,953.81,5.046,0.02
pink,9,35,7.0,21.99258,7.76711,996.805,5.172,0.02
pink,9,36,7.2,21.89135,7.88759,1018.182,5.329,0.053
pink,9,37,7.4,21.77701,7.98807,1047.083,5.468,0.116
pink,9,38,7.6,21.61432,8.0222,1070.523,5.633,0.102
pink,9,39,7.8,21.46404,8.05269,1101.681,5.786,0.088
pink,9,40,8.0,21.31586,8.10865,1120.265,5.944,0.099
pink,9,41,8.2,21.16737,8.15739,1151.357,6.1,0.103
pink,9,42,8.4,20.98443,8.16104,1174.884,6.276,0.054
pink,9,43,8.6,20.82479,8.17427,1204.86,6.433,0.021
pink,9,44,8.8,20.66967,8.23237,1223.816,6.598,0.032
pink,9,45,9.0,20.52094,8.28644,1253.423,6.756,0.041
pink,9,46,9.2,20.34162,8.30097,1276.685,6.932,0.003
pink,9,47,9.4,20.17896,8.32042,1308.237,7.094,0.025
pink,9,48,9.6,20.02308,8.3756,1328.475,7.259,0.017
pink,9,49,9.8,19.87869,8.42929,1358.03,7.413,0.007
pink,9,50,10.0,19.71175,8.46543,1377.262,7.583,0.02
pink,9,51,10.2,19.561,8.50462,1404.772,7.739,0.026
pink,9,52,10.4,19.4163,8.58112,1423.965,7.899,0.006
pink,9,53,10.6,19.28213,8.65779,1457.483,8.05,0.041
pink,9,54,10.8,19.11231,8.68862,1481.514,8.221,0.021
pink,9,55,11.0,18.95226,8.71323,1519.353,8.382,0.001
pink,9,56,11.2,18.8089,8.77551,1538.157,8.537,0.017
pink,9,57,11.4,18.66229,8.84839,1571.258,8.698,0.045
pink,9,58,11.6,18.49554,8.87319,1594.841,8.865,0.021
pink,9,59,11.8,18.31802,8.89775,1626.868,9.042,0.007
pink,9,60,12.0,18.17449,8.9818,1647.85,9.204,0.033
pink,9,61,12.2,18.04898,9.06294,1682.349,9.347,0.074
pink,9,62,12.4,17.89115,9.1137,1700.812,9.524,0.053
pink,9,63,12.6,17.74358,9.17214,1731.534,9.682,0.039
pink,9,64,12.8,17.59978,9.28142,1755.816,9.86,0.073
pink,9,65,13.0,17.47177,9.36704,1786.452,10.013,0.092
pink,9,66,13.2,17.30049,9.41636,1807.859,10.188,0.06
pink,9,67,13.4,17.14347,9.46163,1844.605,10.349,0.03
pink,9,68,13.6,17.00056,9.54701,1863.392,10.515,0.042
pink,9,69,13.8,16.87253,9.63331,1899.778,10.668,0.062
pink,9,70,14.0,16.71241,9.68494,1924.461,10.834,0.037
pink,9,71,14.2,16.54458,9.73592,1957.546,11.007,0.007
pink,9,72,14.4,16.40878,9.82458,1976.857,11.168,0.026
pink,9,73,14.6,16.27127,9.93269,2006.724,11.339,0.061
pink,9,74,14.8,16.11102,9.98854,2029.636,11.508,0.039
pink,9,75,15.0,15.94764,10.03995,2063.831,11.677,0.012
pink,9,76,15.2,15.81242,10.13298,2083.897,11.839,0.035
pink,9,77,15.4,15.67433,10.24296,2115.222,12.012,0.072
pink,9,78,15.6,15.51071,10.30077,2137.378,12.184,0.05
pink,9,79,15.8,15.35497,10.34562,2176.807,12.344,0.021
pink,9,80,16.0,15.21564,10.41732,2195.392,12.5,0.022
pink,9,81,16.2,15.06672,10.49824,2223.983,12.67,0.028
pink,9,82,16.4,14.90211,10.51269,2246.784,12.828,0.013
pink,9,83,16.6,14.75237,10.52328,2301.84,12.978,0.023
pink,9,84,16.8,14.6066,10.56979,2326.711,13.124,0.07
pink,9,85,17.0,14.45133,10.60744,2354.826,13.279,0.107
pink,9,86,17.2,14.28075,10.58268,2378.604,13.449,0.083
pink,9,87,17.4,14.11594,10.54384,2423.957,13.614,0.044
pink,9,88,17.6,13.95926,10.54767,2442.386,13.771,0.048
pink,9,89,17.8,13.8054,10.55885,2469.911,13.925,0.059
pink,9,90,18.0,13.64728,10.52683,2496.552,14.083,0.027
pink,9,91,18.2,13.47506,10.48338,2534.455,14.255,0.017
pink,9,92,18.4,13.34013,10.49407,2554.885,14.39,0.006
pink,9,93,18.6,13.18342,10.53054,2584.561,14.547,0.031
pink,9,94,18.8,13.01486,10.5196,2609.313,14.715,0.02
pink,9,95,19.0,12.8378,10.48377,2647.19,14.892,0.016
pink,9,96,19.2,12.69516,10.50742,2668.084,15.035,0.007
pink,9,97,19.4,12.54294,10.55779,2700.517,15.187,0.058
pink,9,98,19.6,12.39055,10.56093,2724.641,15.34,0.061
pink,9,99,19.8,12.21015,10.52927,2764.927,15.52,0.029
pink,9,100,20.0,12.04669,10.53482,2785.553,15.684,0.035
pink,9,101,20.2,11.88027,10.5644,2816.763,15.85,0.064
pink,9,102,20.4,11.72282,10.55327,2841.461,16.007,0.053
pink,9,103,20.6,11.535,10.51069,2879.328,16.195,0.011
pink,9,104,20.8,11.36858,10.50516,2897.475,16.362,0.005
pink,9,105,21.0,11.19524,10.53309,2930.699,16.535,0.033
pink,9,106,21.2,11.03529,10.53219,2951.752,16.695,0.032
pink,9,107,21.4,10.86045,10.50705,2979.547,16.87,0.007
pink,9,108,21.6,10.71223,10.51006,2995.79,17.018,0.01
pink,9,109,21.8,10.5506,10.53967,3023.268,17.18,0.04
pink,9,110,22.0,10.40848,10.53807,3047.714,17.322,0.038
pink,9,111,22.2,10.21997,10.50144,3081.738,17.51,0.001
pink,9,112,22.4,10.05357,10.48717,3103.55,17.677,0.013
pink,9,113,22.6,9.87871,10.51424,3131.818,17.852,0.014
pink,9,114,22.8,9.7224,10.52318,3155.913,18.008,0.023
pink,9,115,23.0,9.54342,10.49803,3183.427,18.187,0.002
pink,9,116,23.2,9.39298,10.49755,3199.994,18.337,0.002
pink,9,117,23.4,9.23029,10.54267,3222.205,18.5,0.043
pink,9,118,23.6,9.08286,10.5886,3250.692,18.647,0.089
pink,9,119,23.8,8.90755,10.6143,3270.002,18.864,0.061
pink,9,120,24.0,8.75129,10.64623,3297.671,19.018,0.02
pink,9,121,24.2,8.60762,10.7233,3315.482,19.181,0.024
pink,9,122,24.4,8.47222,10.81387,3347.902,19.343,0.045
pink,9,123,24.6,8.31416,10.87264,3370.046,19.51,0.027
pink,9,124,24.8,8.15184,10.92675,3402.514,19.68,0.002
pink,9,125,25.0,8.01912,11.0165,3421.48,19.839,0.023
pink,9,126,25.2,7.88294,11.1268,3451.983,20.01,0.061
pink,9,127,25.4,7.72333,11.18356,3474.652,20.178,0.04
pink,9,128,25.6,7.55745,11.23495,3507.01,20.349,0.012
pink,9,129,25.8,7.42125,11.33265,3528.467,20.515,0.039
pink,9,130,26.0,7.28453,11.44544,3562.518,20.687,0.078
pink,9,131,26.2,7.11795,11.50658,3584.653,20.864,0.059
pink,9,132,26.4,6.96355,11.55505,3625.877,21.024,0.033
pink,9,133,26.6,6.83522,11.63352,3645.135,21.173,0.046
pink,9,134,26.8,6.71372,11.73018,3674.335,21.325,0.078
pink,9,135,27.0,6.56487,11.7876,3694.65,21.484,0.063
pink,9,136,27.2,6.42402,11.84104,3734.675,21.634,0.047
pink,9,137,27.4,6.28867,11.94201,3754.573,21.8,0.077
pink,9,138,27.6,6.14668,12.0558,3790.691,21.978,0.116
pink,9,139,27.8,5.97394,12.11016,3813.018,22.157,0.087
pink,9,140,28.0,5.81753,12.1481,3844.918,22.314,0.051
pink,9,141,28.2,5.68029,12.21288,3861.232,22.465,0.047
pink,9,142,28.4,5.55051,12.27771,3887.415,22.611,0.047
pink,9,143,28.6,5.40212,12.30275,3912.918,22.754,0.003
pink,9,144,28.8,5.22421,12.34182,3945.499,22.931,0.041
pink,9,145,29.0,5.0892,12.42068,3966.302,23.087,0.031
pink,9,146,29.2,4.96099,12.50858,4000.701,23.241,0.01
pink,9,147,29.4,4.78908,12.57336,4025.257,23.424,0.029
pink,9,148,29.6,4.65697,12.63539,4065.381,23.57,0.032
pink,9,149,29.8,4.54234,12.74156,4092.792,23.72,0.011
pink,9,150,30.0,4.43356,12.81728,4119.45,23.851,0.03
pink,9,151,30.2,4.2972,12.87894,4152.738,24.0,0.025
pink,9,152,30.4,4.21953,12.97197,4194.377,24.112,0.073
pink,9,153,30.6,4.168,13.14318,4240.847,24.234,0.203
pink,9,154,30.8,4.07085,13.31478,4283.875,24.398,0.313
pink,9,155,31.0,3.95846,13.45886,4349.673,24.563,0.392
pink,9,156,31.2,3.84417,13.61897,4397.89,24.737,0.484
pink,9,157,31.4,3.74071,13.71295,4426.648,24.871,0.522
pink,9,158,31.6,3.64569,13.70482,4449.766,24.953,0.472
pink,9,159,31.8,3.58776,13.72451,4488.514,25.013,0.464
pink,9,160,32.0,3.57073,13.80488,4547.104,25.064,0.528
pink,9,161,32.2,3.45312,13.87979,4591.917,25.203,0.542
pink,9,162,32.4,3.43094,13.97307,4711.458,25.265,0.616
pink,9,163,32.6,3.42847,13.96558,4916.969,25.265,0.608
pink,9,164,32.8,3.45838,13.93915,5058.031,25.265,0.598
pink,10,0,0.0,24.0,3.0,0.0,0.0,0.0
pink,10,1,0.2,23.99956,3.00466,17.733,0.004,0.001
pink,10,2,0.4,23.95696,3.00508,54.106,0.021,0.038
pink,10,3,0.6,23.89819,3.05341,80.946,0.088,0.073
pink,10,4,0.8,23.81302,3.1819,103.572,0.24,0.103
pink,10,5,1.0,23.72339,3.34436,130.643,0.424,0.123
pink,10,6,1.2,23.69306,3.5202,149.98,0.598,0.083
pink,10,7,1.4,23.6723,3.70339,183.762,0.775,0.032
pink,10,8,1.6,23.60056,3.88054,219.515,0.966,0.03
pink,10,9,1.8,23.53213,4.06854,248.318,1.166,0.021
pink,10,10,2.0,23.47423,4.27031,293.967,1.375,0.003
pink,10,11,2.2,23.3901,4.44562,316.984,1.569,0.007
pink,10,12,2.4,23.30954,4.61048,351.673,1.752,0.018
pink,10,13,2.6,23.27592,4.78915,373.536,1.93,0.02
pink,10,14,2.8,23.24214,4.92708,404.42,2.07,0.042
pink,10,15,3.0,23.1684,5.0756,426.18,2.236,0.031
pink,10,16,3.2,23.09972,5.17807,454.72,2.357,0.007
pink,10,17,3.4,23.0154,5.24422,470.309,2.45,0.046
pink,10,18,3.6,22.909,5.28897,494.704,2.533,0.127
pink,10,19,3.8,22.79899,5.38836,514.269,2.667,0.19
pink,10,20,4.0,22.70258,5.49494,551.118,2.802,0.238
pink,10,21,4.2,22.63849,5.57474,578.167,2.9,0.266
pink,10,22,4.4,22.58363,5.67143,603.317,3.011,0.28
pink,10,23,4.6,22.50695,5.84584,636.208,3.201,0.284
pink,10,24,4.8,22.49036,6.00193,671.936,3.352,0.239
pink,10,25,5.0,22.5042,6.16674,701.899,3.498,0.163
pink,10,26,5.2,22.48054,6.33198,725.078,3.66,0.121
pink,10,27,5.4,22.41647,6.5083,760.584,3.847,0.112
pink,10,28,5.6,22.36794,6.67848,786.705,4.023,0.092
pink,10,29,5.8,22.32509,6.84958,821.819,4.198,0.065
pink,10,30,6.0,22.27339,7.0175,840.552,4.373,0.049
pink,10,31,6.2,22.22285,7.18798,875.236,4.549,0.03
pink,10,32,6.4,22.20104,7.37322,898.429,4.729,0.021
pink,10,33,6.6,22.1677,7.53826,931.226,4.894,0.054
pink,10,34,6.8,22.0778,7.66511,953.81,5.046,0.02
pink,10,35,7.0,21.99258,7.76711,996.805,5.172,0.02
pink,10,36,7.2,21.89135,7.88759,1018.182,5.329,0.053
pink,10,37,7.4,21.77701,7.98807,1047.083,5.468,0.116
pink,10,38,7.6,21.61432,8.0222,1070.523,5.633,0.102
pink,10,39,7.8,21.46404,8.05269,1101.681,5.786,0.088
pink,10,40,8.0,21.31586,8.10865,1120.265,5.944,0.099
pink,10,41,8.2,21.16737,8.15739,1151.357,6.1,0.103
pink,10,42,8.4,20.98443,8.16104,1174.884,6.276,0.054
pink,10,43,8.6,20.82479,8.17427,1204.86,6.433,0.021
pink,10,44,8.8,20.66967,8.23237,1223.816,6.598,0.032
pink,10,45,9.0,20.52094,8.28644,1253.423,6.756,0.041
pink,10,46,9.2,20.34162,8.30097,1276.685,6.932,0.003
pink,10,47,9.4,20.17896,8.32042,1308.237,7.094,0.025
pink,10,48,9.6,20.02308,8.3756,1328.475,7.259,0.017
pink,10,49,9.8,19.87869,8.42929,1358.03,7.413,0.007
pink,10,50,10.0,19.71175,8.46543,1377.262,7.583,0.02
pink,10,51,10.2,19.561,8.50462,1404.772,7.739,0.026
pink,10,52,10.4,19.4163,8.58112,1423.965,7.899,0.006
pink,10,53,10.6,19.28213,8.65779,1457.483,8.05,0.041
pink,10,54,10.8,19.11231,8.68862,1481.514,8.221,0.021
pink,10,55,11.0,18.95226,8.71323,1519.353,8.382,0.001
pink,10,56,11.2,18.8089,8.77551,1538.157,8.537,0.017
pink,10,57,11.4,18.66229,8.84839,1571.258,8.698,0.045
pink,10,58,11.6,18.49554,8.87319,1594.841,8.865,0.021
pink,10,59,11.8,18.31802,8.89775,1626.868,9.042,0.007
pink,10,60,12.0,18.17449,8.9818,1647.85,9.204,0.033
pink,10,61,12.2,18.04898,9.06294,1682.349,9.347,0.074
pink,10,62,12.4,17.89115,9.1137,1700.812,9.524,0.053
pink,10,63,12.6,17.74358,9.17214,1731.534,9.682,0.039
pink,10,64,12.8,17.59978,9.28142,1755.816,9.86,0.073
pink,10,65,13.0,17.47177,9.36704,1786.452,10.013,0.092
pink,10,66,13.2,17.30049,9.41636,1807.859,10.188,0.06
pink,10,67,13.4,17.14347,9.46163,1844.605,10.349,0.03
pink,10,68,13.6,17.00056,9.54701,1863.392,10.515,0.042
pink,10,69,13.8,16.87253,9.63331,1899.778,10.668,0.062
pink,10,70,14.0,16.71241,9.68494,1924.461,10.834,0.037
pink,10,71,14.2,16.54458,9.73592,1957.546,11.007,0.007
pink,10,72,14.4,16.40878,9.82458,1976.857,11.168,0.026
pink,10,73,14.6,16.27127,9.93269,2006.724,11.339,0.061
pink,10,74,14.8,16.11102,9.98854,2029.636,11.508,0.039
pink,10,75,15.0,15.94764,10.03995,2063.831,11.677,0.012
pink,10,76,15.2,15.81242,10.13298,2083.897,11.839,0.035
pink,10,77,15.4,15.67433,10.24296,2115.222,12.012,0.072
pink,10,78,15.6,15.51071,10.30077,2137.378,12.184,0.05
pink,10,79,15.8,15.35497,10.34562,2176.807,12.344,0.021
pink,10,80,16.0,15.21564,10.41732,2195.392,12.5,0.022
pink,10,81,16.2,15.06672,10.49824,2223.983,12.67,0.028
pink,10,82,16.4,14.90211,10.51269,2246.784,12.828,0.013
pink,10,83,16.6,14.75237,10.52328,2301.84,12.978,0.023
pink,10,84,16.8,14.6066,10.56979,2326.711,13.124,0.07
pink,10,85,17.0,14.45133,10.60744,2354.826,13.279,0.107
pink,10,86,17.2,14.28075,10.58268,2378.604,13.449,0.083
pink,10,87,17.4,14.11594,10.54384,2423.957,13.614,0.044
pink,10,88,17.6,13.95926,10.54767,2442.386,13.771,0.048
pink,10,89,17.8,13.8054,10.55885,2469.911,13.925,0.059
pink,10,90,18.0,13.64728,10.52683,2496.552,14.083,0.027
pink,10,91,18.2,13.47506,10.48338,2534.455,14.255,0.017
pink,10,92,18.4,13.34013,10.49407,2554.885,14.39,0.006
pink,10,93,18.6,13.18342,10.53054,2584.561,14.547,0.031
pink,10,94,18.8,13.01486,10.5196,2609.313,14.715,0.02
pink,10,95,19.0,12.8378,10.48377,2647.19,14.892,0.016
pink,10,96,19.2,12.69516,10.50742,2668.084,15.035,0.007
pink,10,97,19.4,12.54294,10.55779,2700.517,15.187,0.058
pink,10,98,19.6,12.39055,10.56093,2724.641,15.34,0.061
pink,10,99,19.8,12.21015,10.52927,2764.927,15.52,0.029
pink,10,100,20.0,12.04669,10.53482,2785.553,15.684,0.035
pink,10,101,20.2,11.88027,10.5644,2816.763,15.85,0.064
pink,10,102,20.4,11.72282,10.55327,2841.461,16.007,0.053
pink,10,103,20.6,11.535,10.51069,2879.328,16.195,0.011
pink,10,104,20.8,11.36858,10.50516,2897.475,16.362,0.005
pink,10,105,21.0,11.19524,10.53309,2930.699,16.535,0.033
pink,10,106,21.2,11.03529,10.53219,2951.752,16.695,0.032
pink,10,107,21.4,10.86045,10.50705,2979.547,16.87,0.007
pink,10,108,21.6,10.71223,10.51006,2995.79,17.018,0.01
pink,10,109,21.8,10.5506,10.53967,3023.268,17.18,0.04
pink,10,110,22.0,10.40848,10.53807,3047.714,17.322,0.038
pink,10,111,22.2,10.21997,10.50144,3081.738,17.51,0.001
pink,10,112,22.4,10.05357,10.48717,3103.55,17.677,0.013
pink,10,113,22.6,9.87871,10.51424,3131.818,17.852,0.014
pink,10,114,22.8,9.7224,10.52318,3155.913,18.008,0.023
pink,10,115,23.0,9.54342,10.49803,3183.427,18.187,0.002
pink,10,116,23.2,9.39298,10.49755,3199.994,18.337,0.002
pink,10,117,23.4,9.23029,10.54267,3222.205,18.5,0.043
pink,10,118,23.6,9.08286,10.5886,3250.692,18.647,0.089
pink,10,119,23.8,8.90755,10.6143,3270.002,18.864,0.061
pink,10,120,24.0,8.75129,10.64623,3297.671,19.018,0.02
pink,10,121,24.2,8.60762,10.7233,3315.482,19.181,0.024
pink,10,122,24.4,8.47222,10.81387,3347.902,19.343,0.045
pink,10,123,24.6,8.31416,10.87264,3370.046,19.51,0.027
pink,10,124,24.8,8.15184,10.92675,3402.514,19.68,0.002
pink,10,125,25.0,8.01912,11.0165,3421.48,19.839,0.023
pink,10,126,25.2,7.88294,11.1268,3451.983,20.01,0.061
pink,10,127,25.4,7.72333,11.18356,3474.652,20.178,0.04
pink,10,128,25.6,7.55745,11.23495,3507.01,20.349,0.012
pink,10,129,25.8,7.42125,11.33265,3528.467,20.515,0.039
pink,10,130,26.0,7.28453,11.44544,3562.518,20.687,0.078
pink,10,131,26.2,7.11795,11.50658,3584.653,20.864,0.059
pink,10,132,26.4,6.96355,11.55505,3625.877,21.024,0.033
pink,10,133,26.6,6.83522,11.63352,3645.135,21.173,0.046
pink,10,134,26.8,6.71372,11.73018,3674.335,21.325,0.078
pink,10,135,27.0,6.56487,11.7876,3694.65,21.484,0.063
pink,10,136,27.2,6.42402,11.84104,3734.675,21.634,0.047
pink,10,137,27.4,6.28867,11.94201,3754.573,21.8,0.077
pink,10,138,27.6,6.14668,12.0558,3790.691,21.978,0.116
pink,10,139,27.8,5.97394,12.11016,3813.018,22.157,0.087
pink,10,140,28.0,5.81753,12.1481,3844.918,22.314,0.051
pink,10,141,28.2,5.68029,12.21288,3861.232,22.465,0.047
pink,10,142,28.4,5.55051,12.27771,3887.415,22.611,0.047
pink,10,143,28.6,5.40212,12.30275,3912.918,22.754,0.003
pink,10,144,28.8,5.22421,12.34182,3945.499,22.931,0.041
pink,10,145,29.0,5.0892,12.42068,3966.302,23.087,0.031
pink,10,146,29.2,4.96099,12.50858,4000.701,23.241,0.01
pink,10,147,29.4,4.78908,12.57336,4025.257,23.424,0.029
pink,10,148,29.6,4.65697,12.63539,4065.381,23.57,0.032
pink,10,149,29.8,4.54234,12.74156,4092.792,23.72,0.011
pink,10,150,30.0,4.43356,12.81728,4119.45,23.851,0.03
pink,10,151,30.2,4.2972,12.87894,4152.738,24.0,0.025
pink,10,152,30.4,4.21953,12.97197,4194.377,24.112,0.073
pink,10,153,30.6,4.168,13.14318,4240.847,24.234,0.203
pink,10,154,30.8,4.07085,13.31478,4283.875,24.398,0.313
pink,10,155,31.0,3.95846,13.45886,4349.673,24.563,0.392
pink,10,156,31.2,3.84417,13.61897,4397.89,24.737,0.484
pink,10,157,31.4,3.74071,13.71295,4426.648,24.871,0.522
pink,10,158,31.6,3.64569,13.70482,4449.766,24.953,0.472
pink,10,159,31.8,3.58776,13.72451,4488.514,25.013,0.464
pink,10,160,32.0,3.57073,13.80488,4547.104,25.064,0.528
pink,10,161,32.2,3.45312,13.87979,4591.917,25.203,0.542
pink,10,162,32.4,3.43094,13.97307,4711.458,25.265,0.616
pink,10,163,32.6,3.43013,13.96664,4920.246,25.265,0.61
pink,10,164,32.8,3.45618,13.93727,5058.624,25.265,0.595
pink,11,0,0.0,24.0,3.0,0.0,0.0,0.0
pink,11,1,0.2,23.99956,3.00466,17.733,0.004,0.001
pink,11,2,0.4,23.95696,3.00508,54.106,0.021,0.038
pink,11,3,0.6,23.89819,3.05341,80.946,0.088,0.073
pink,11,4,0.8,23.81302,3.1819,103.572,0.24,0.103
pink,11,5,1.0,23.72339,3.34436,130.643,0.424,0.123
pink,11,6,1.2,23.69306,3.5202,149.98,0.598,0.083
pink,11,7,1.4,23.6723,3.70339,183.762,0.775,0.032
pink,11,8,1.6,23.60056,3.88054,219.515,0.966,0.03
pink,11,9,1.8,23.53213,4.06854,248.318,1.166,0.021
pink,11,10,2.0,23.47423,4.27031,293.967,1.375,0.003
pink,11,11,2.2,23.3901,4.44562,316.984,1.569,0.007
pink,11,12,2.4,23.30954,4.61048,351.673,1.752,0.018
pink,11,13,2.6,23.27593,4.78915,373.539,1.93,0.02
pink,11,14,2.8,23.24218,4.92671,404.32,2.07,0.042
pink,11,15,3.0,23.16844,5.07474,426.154,2.235,0.03
pink,11,16,3.2,23.10082,5.17679,458.124,2.355,0.007
pink,11,17,3.4,23.01707,5.24151,474.219,2.447,0.045
pink,11,18,3.6,22.91139,5.28595,497.945,2.529,0.126
pink,11,19,3.8,22.79899,5.38875,518.38,2.667,0.19
pink,11,20,4.0,22.70333,5.49402,549.951,2.801,0.238
pink,11,21,4.2,22.63444,5.56485,572.968,2.893,0.274
pink,11,22,4.4,22.57136,5.65344,593.202,2.999,0.298
pink,11,23,4.6,22.49606,5.79977,630.854,3.163,0.311
pink,11,24,4.8,22.45103,5.90894,662.833,3.281,0.311
pink,11,25,5.0,22.41617,6.03449,684.714,3.41,0.295
pink,11,26,5.2,22.37917,6.21408,709.205,3.59,0.26
pink,11,27,5.4,22.32569,6.40358,747.368,3.786,0.236
pink,11,28,5.6,22.29261,6.57313,767.904,3.955,0.202
pink,11,29,5.8,22.26515,6.72874,806.936,4.109,0.167
pink,11,30,6.0,22.23232,6.89765,827.848,4.278,0.133
pink,11,31,6.2,22.19627,7.07376,860.974,4.454,0.098
pink,11,32,6.4,22.1844,7.25563,882.083,4.627,0.039
pink,11,33,6.6,22.16474,7.42461,914.769,4.79,0.008
pink,11,34,6.8,22.09026,7.56452,935.414,4.948,0.007
pink,11,35,7.0,22.01277,7.68234,976.578,5.086,0.033
pink,11,36,7.2,21.93003,7.81142,995.354,5.27,0.009
pink,11,37,7.4,21.8343,7.92031,1023.055,5.393,0.068
pink,11,38,7.6,21.68498,7.97329,1045.404,5.552,0.075
pink,11,39,7.8,21.54463,8.01568,1077.75,5.698,0.076
pink,11,40,8.0,21.404,8.07098,1095.545,5.849,0.088
pink,11,41,8.2,21.25891,8.13127,1122.4,6.005,0.104
pink,11,42,8.4,21.08982,8.154,1144.437,6.174,0.078
pink,11,43,8.6,20.91928,8.16903,1179.977,6.341,0.043
pink,11,44,8.8,20.77033,8.22017,1198.39,6.499,0.049
pink,11,45,9.0,20.61536,8.29019,1229.918,6.667,0.072
pink,11,46,9.2,20.44837,8.30928,1253.909,6.833,0.042
pink,11,47,9.4,20.27437,8.31468,1288.014,7.001,0.003
pink,11,48,9.6,20.11975,8.35371,1309.246,7.16,0.01
pink,11,49,9.8,19.97205,8.40454,1339.969,7.316,0.004
pink,11,50,10.0,19.81725,8.43922,1361.435,7.474,0.015
pink,11,51,10.2,19.65174,8.46987,1391.327,7.642,0.033
pink,11,52,10.4,19.5091,8.52524,1405.494,7.794,0.021
pink,11,53,10.6,19.36259,8.61218,1434.89,7.96,0.02
pink,11,54,10.8,19.20741,8.65871,1457.659,8.122,0.02
pink,11,55,11.0,19.04145,8.6818,1500.148,8.287,0.006
pink,11,56,11.2,18.91181,8.7272,1518.521,8.424,0.001
pink,11,57,11.4,18.76036,8.80999,1550.581,8.593,0.036
pink,11,58,11.6,18.6259,8.85205,1578.901,8.734,0.038
pink,11,59,11.8,18.43952,8.87057,1613.325,8.918,0.002
pink,11,60,12.0,18.2881,8.90886,1628.469,9.074,0.005
pink,11,61,12.2,18.14349,8.99383,1656.772,9.237,0.035
pink,11,62,12.4,18.01832,9.05863,1682.282,9.386,0.061
pink,11,63,12.6,17.85625,9.10881,1715.485,9.553,0.033
pink,11,64,12.8,17.71228,9.17128,1733.815,9.71,0.025
pink,11,65,13.0,17.56801,9.27935,1762.961,9.887,0.057
pink,11,66,13.2,17.43387,9.34946,1788.289,10.039,0.059
pink,11,67,13.4,17.25512,9.39523,1823.055,10.219,0.02
pink,11,68,13.6,17.10474,9.45404,1841.904,10.38,0.006
pink,11,69,13.8,16.96009,9.55661,1869.444,10.555,0.033
pink,11,70,14.0,16.82191,9.62965,1894.722,10.711,0.036
pink,11,71,14.2,16.6438,9.67894,1924.568,10.893,0.001
pink,11,72,14.4,16.50194,9.74473,1941.587,11.049,0.004
pink,11,73,14.6,16.36504,9.85725,1970.573,11.222,0.036
pink,11,74,14.8,16.22757,9.93812,1994.793,11.381,0.046
pink,11,75,15.0,16.05336,9.99213,2027.473,11.561,0.017
pink,11,76,15.2,15.91957,10.05956,2046.587,11.711,0.017
pink,11,77,15.4,15.7816,10.17311,2075.85,11.885,0.057
pink,11,78,15.6,15.64429,10.25185,2100.102,12.043,0.066
pink,11,79,15.8,15.47037,10.29966,2130.692,12.22,0.031
pink,11,80,16.0,15.33137,10.35967,2151.089,12.371,0.023
pink,11,81,16.2,15.1837,10.46085,2180.49,12.548,0.047
pink,11,82,16.4,15.03874,10.51702,2205.308,12.703,0.033
pink,11,83,16.6,14.86829,10.5249,2241.398,12.862,0.025
pink,11,84,16.8,14.73726,10.54736,2267.986,12.993,0.047
pink,11,85,17.0,14.57521,10.59037,2290.92,13.155,0.09
pink,11,86,17.2,14.44208,10.60082,2320.321,13.288,0.101
pink,11,87,17.4,14.26293,10.56129,2344.592,13.467,0.061
pink,11,88,17.6,14.09372,10.52992,2385.25,13.637,0.03
pink,11,89,17.8,13.9206,10.54592,2406.273,13.81,0.046
pink,11,90,18.0,13.77312,10.55006,2436.091,13.957,0.05
pink,11,91,18.2,13.59703,10.51461,2458.541,14.133,0.015
pink,11,92,18.4,13.4249,10.48165,2495.406,14.305,0.018
pink,11,93,18.6,13.25662,10.49232,2513.049,14.474,0.008
pink,11,94,18.8,13.09801,10.51762,2547.381,14.632,0.018
pink,11,95,19.0,12.93063,10.5085,2570.22,14.8,0.009
pink,11,96,19.2,12.75952,10.49138,2601.046,14.971,0.009
pink,11,97,19.4,12.60388,10.51176,2618.397,15.126,0.012
pink,11,98,19.6,12.45197,10.54459,2648.266,15.278,0.045
pink,11,99,19.8,12.30259,10.53844,2674.281,15.428,0.038
pink,11,100,20.0,12.11539,10.50482,2711.37,15.615,0.005
pink,11,101,20.2,11.94945,10.50349,2729.083,15.781,0.003
pink,11,102,20.4,11.77829,10.53334,2762.912,15.952,0.033
pink,11,103,20.6,11.62388,10.53448,2784.321,16.106,0.034
pink,11,104,20.8,11.45405,10.51156,2813.583,16.276,0.012
pink,11,105,21.0,11.30581,10.50981,2826.668,16.424,0.01
pink,11,106,21.2,11.13955,10.53667,2851.07,16.591,0.037
pink,11,107,21.4,10.98816,10.5483,2870.929,16.742,0.048
pink,11,108,21.6,10.81508,10.53107,2898.786,16.915,0.031
pink,11,109,21.8,10.66902,10.5227,2917.386,17.061,0.023
pink,11,110,22.0,10.50743,10.53932,2937.021,17.223,0.039
pink,11,111,22.2,10.36645,10.54233,2962.157,17.364,0.042
pink,11,112,22.4,10.19513,10.50325,2987.309,17.535,0.003
pink,11,113,22.6,10.03619,10.48009,3017.611,17.694,0.02
pink,11,114,22.8,9.88853,10.5136,3040.281,17.842,0.014
pink,11,115,23.0,9.7423,10.53719,3066.509,17.988,0.037
pink,11,116,23.2,9.56149,10.51315,3089.36,18.169,0.013
pink,11,117,23.4,9.40586,10.49563,3130.343,18.324,0.004
pink,11,118,23.6,9.24675,10.52919,3150.306,18.483,0.029
pink,11,119,23.8,9.10669,10.57419,3196.26,18.624,0.074
pink,11,120,24.0,8.95285,10.60422,3219.394,18.819,0.072
pink,11,121,24.2,8.78104,10.62844,3253.02,18.984,0.017
pink,11,122,24.4,8.64608,10.68972,3270.153,19.132,0.011
pink,11,123,24.6,8.50273,10.79032,3302.65,19.305,0.037
pink,11,124,24.8,8.34609,10.85012,3326.218,19.472,0.021
pink,11,125,25.0,8.17169,10.89561,3362.735,19.648,0.017
pink,11,126,25.2,8.04072,10.97441,3381.593,19.8,0.005
pink,11,127,25.4,7.90566,11.09056,3412.707,19.973,0.039
pink,11,128,25.6,7.75434,11.162,3436.391,20.14,0.035
pink,11,129,25.8,7.58738,11.21426,3474.889,20.313,0.007
pink,11,130,26.0,7.45966,11.29041,3492.732,20.461,0.018
pink,11,131,26.2,7.32381,11.40193,3523.424,20.633,0.057
pink,11,132,26.4,7.17478,11.46715,3547.06,20.795,0.049
pink,11,133,26.6,7.00334,11.51596,3581.909,20.97,0.016
pink,11,134,26.8,6.8712,11.59376,3600.874,21.123,0.026
pink,11,135,27.0,6.74333,11.70405,3631.621,21.287,0.068
pink,11,136,27.2,6.60342,11.77475,3654.433,21.444,0.068
pink,11,137,27.4,6.45827,11.82086,3697.007,21.594,0.045
pink,11,138,27.6,6.32718,11.8785,3712.393,21.737,0.038
pink,11,139,27.8,6.18481,11.96706,3739.959,21.904,0.053
pink,11,140,28.0,6.03691,12.02474,3761.467,22.062,0.039
pink,11,141,28.2,5.85998,12.07082,3791.38,22.241,0.001
pink,11,142,28.4,5.72908,12.13983,3807.86,22.389,0.004
pink,11,143,28.6,5.59667,12.24424,3836.058,22.554,0.038
pink,11,144,28.8,5.4514,12.30924,3858.696,22.713,0.031
pink,11,145,29.0,5.2903,12.36034,3890.005,22.88,0.005
pink,11,146,29.2,5.17658,12.43504,3909.982,23.015,0.021
pink,11,147,29.4,5.05363,12.55039,3939.164,23.177,0.069
pink,11,148,29.6,4.91752,12.62612,3961.14,23.333,0.076
pink,11,149,29.8,4.76138,12.69088,3997.996,23.501,0.064
pink,11,150,30.0,4.62375,12.7998,4020.924,23.673,0.1
pink,11,151,30.2,4.4902,12.92429,4063.663,23.848,0.152
pink,11,152,30.4,4.34488,12.98362,4086.99,24.005,0.14
pink,11,153,30.6,4.18599,13.02321,4118.915,24.164,0.104
pink,11,154,30.8,4.05107,13.084,4136.836,24.312,0.098
pink,11,155,31.0,3.92006,13.16442,4165.406,24.465,0.111
pink,11,156,31.2,3.76824,13.2046,4187.603,24.619,0.079
pink,11,157,31.4,3.70233,13.20644,4204.797,24.679,0.052
pink,11,158,31.6,3.70181,13.1374,4217.107,24.679,0.01
pink,11,159,31.8,3.7393,12.981,4253.678,24.679,0.134
pink,11,160,32.0,3.73716,12.78654,4361.357,24.679,0.308
pink,11,161,32.2,3.7574,12.56448,4471.231,24.679,0.498
pink,11,162,32.4,3.75534,12.3674,4527.303,24.679,0.675
pink,11,163,32.6,3.73842,12.19991,4580.698,24.679,0.833
pink,11,164,32.8,3.75433,12.10207,4615.388,24.679,0.913
pink,11,165,33.0,3.757,12.05607,4638.101,24.679,0.953
pink,11,166,33.2,3.72639,12.0175,4652.568,24.679,1.001
pink,11,167,33.4,3.68797,11.99016,4680.4,24.679,1.043
pink,11,168,33.6,3.61632,11.9653,4709.018,24.679,1.097
pink,11,169,33.8,3.54111,11.97814,4742.556,24.679,1.119
pink,11,170,34.0,3.47722,12.08618,4763.947,24.679,1.051
pink,11,171,34.2,3.40281,12.2385,4786.847,24.679,0.948
pink,11,172,34.4,3.36356,12.39105,4805.006,24.679,0.829
pink,11,173,34.6,3.35362,12.57946,4837.592,24.71,0.665
pink,11,174,34.8,3.29832,12.73193,4863.162,24.828,0.554
pink,11,175,35.0,3.21461,12.88062,4897.461,24.969,0.458
pink,11,176,35.2,3.16485,13.01928,4918.809,25.076,0.356
pink,11,177,35.4,3.127,13.19247,4951.144,25.187,0.218
pink,11,178,35.6,3.03764,13.31977,4975.81,25.324,0.144
pink,11,179,35.8,2.9117,13.42968,5016.213,25.486,0.102
pink,11,180,36.0,2.82621,13.52578,5034.834,25.605,0.055
pink,11,181,36.2,2.72974,13.64851,5058.198,25.747,0.012
pink,11,182,36.4,2.60886,13.72167,5086.129,25.887,0.023
pink,11,183,36.6,2.4444,13.77878,5123.833,26.06,0.001
pink,11,184,36.8,2.32084,13.85175,5137.831,26.203,0.011
pink,11,185,37.0,2.19991,13.95454,5166.891,26.357,0.049
pink,11,186,37.2,2.07273,14.01526,5189.5,26.498,0.046
pink,11,187,37.4,1.90687,14.0542,5220.085,26.664,0.007
pink,11,188,37.6,1.78157,14.10978,5233.911,26.801,0.001
pink,11,189,37.8,1.64284,14.20059,5262.226,26.966,0.02
pink,11,190,38.0,1.50105,14.26307,5284.809,27.12,0.012
pink,11,191,38.2,1.3208,14.30967,5315.49,27.302,0.027
pink,11,192,38.4,1.1828,14.36351,5334.36,27.45,0.04
pink,11,193,38.6,1.04619,14.45571,5359.361,27.613,0.019
pink,11,194,38.8,0.93678,14.52551,5385.169,27.742,0.005
pink,11,195,39.0,0.78846,14.58738,5406.034,27.903,0.016
pink,11,196,39.2,0.64812,14.6472,5440.609,28.055,0.026
pink,11,197,39.4,0.52936,14.72904,5458.974,28.198,0.006
pink,11,198,39.6,0.41028,14.82913,5487.31,28.349,0.031
pink,12,0,0.0,24.0,3.0,0.0,0.0,0.0
pink,12,1,0.2,23.99956,3.00466,17.733,0.004,0.001
pink,12,2,0.4,23.95696,3.00508,54.106,0.021,0.038
pink,12,3,0.6,23.89819,3.05341,80.946,0.088,0.073
pink,12,4,0.8,23.81302,3.1819,103.572,0.24,0.103
pink,12,5,1.0,23.72339,3.34436,130.643,0.424,0.123
pink,12,6,1.2,23.69306,3.5202,149.98,0.598,0.083
pink,12,7,1.4,23.6723,3.70339,183.762,0.775,0.032
pink,12,8,1.6,23.60056,3.88054,219.515,0.966,0.03
pink,12,9,1.8,23.53213,4.06854,248.318,1.166,0.021
pink,12,10,2.0,23.47423,4.27031,293.967,1.375,0.003
pink,12,11,2.2,23.3901,4.44562,316.984,1.569,0.007
pink,12,12,2.4,23.30954,4.61048,351.673,1.752,0.018
pink,12,13,2.6,23.27592,4.78915,373.536,1.93,0.02
pink,12,14,2.8,23.24214,4.92708,404.42,2.07,0.042
pink,12,15,3.0,23.1684,5.0756,426.18,2.236,0.031
pink,12,16,3.2,23.09972,5.17807,454.72,2.357,0.007
pink,12,17,3.4,23.0154,5.24422,470.309,2.45,0.046
pink,12,18,3.6,22.909,5.28897,494.704,2.533,0.127
pink,12,19,3.8,22.79899,5.38836,514.269,2.667,0.19
pink,12,20,4.0,22.70258,5.49494,551.118,2.802,0.238
pink,12,21,4.2,22.63849,5.57474,578.167,2.9,0.266
pink,12,22,4.4,22.58363,5.67143,603.317,3.011,0.28
pink,12,23,4.6,22.50695,5.84584,636.208,3.201,0.284
pink,12,24,4.8,22.49036,6.00193,671.936,3.352,0.239
pink,12,25,5.0,22.5042,6.16674,701.899,3.498,0.163
pink,12,26,5.2,22.48054,6.33198,725.078,3.66,0.121
pink,12,27,5.4,22.41647,6.5083,760.584,3.847,0.112
pink,12,28,5.6,22.36794,6.67848,786.705,4.023,0.092
pink,12,29,5.8,22.32509,6.84958,821.819,4.198,0.065
pink,12,30,6.0,22.27339,7.0175,840.552,4.373,0.049
pink,12,31,6.2,22.22285,7.18798,875.236,4.549,0.03
pink,12,32,6.4,22.20104,7.37322,898.429,4.729,0.021
pink,12,33,6.6,22.1677,7.53826,931.226,4.894,0.054
pink,12,34,6.8,22.0778,7.66511,953.81,5.046,0.02
pink,12,35,7.0,21.99258,7.76711,996.805,5.172,0.02
pink,12,36,7.2,21.89135,7.88759,1018.182,5.329,0.053
pink,12,37,7.4,21.77701,7.98807,1047.083,5.468,0.116
pink,12,38,7.6,21.61432,8.0222,1070.523,5.633,0.102
pink,12,39,7.8,21.46404,8.05269,1101.681,5.786,0.088
pink,12,40,8.0,21.31586,8.10865,1120.265,5.944,0.099
pink,12,41,8.2,21.16737,8.15739,1151.357,6.1,0.103
pink,12,42,8.4,20.98443,8.16104,1174.884,6.276,0.054
pink,12,43,8.6,20.82479,8.17427,1204.86,6.433,0.021
pink,12,44,8.8,20.66967,8.23237,1223.816,6.598,0.032
pink,12,45,9.0,20.52094,8.28644,1253.423,6.756,0.041
pink,12,46,9.2,20.34162,8.30097,1276.685,6.932,0.003
pink,12,47,9.4,20.17896,8.32042,1308.237,7.094,0.025
pink,12,48,9.6,20.02308,8.3756,1328.475,7.259,0.017
pink,12,49,9.8,19.87869,8.42929,1358.03,7.413,0.007
pink,12,50,10.0,19.71175,8.46543,1377.262,7.583,0.02
pink,12,51,10.2,19.561,8.50462,1404.772,7.739,0.026
pink,12,52,10.4,19.4163,8.58112,1423.965,7.899,0.006
pink,12,53,10.6,19.28213,8.65779,1457.483,8.05,0.041
pink,12,54,10.8,19.11231,8.68862,1481.514,8.221,0.021
pink,12,55,11.0,18.95226,8.71323,1519.353,8.382,0.001
pink,12,56,11.2,18.8089,8.77551,1538.157,8.537,0.017
pink,12,57,11.4,18.66229,8.84839,1571.258,8.698,0.045
pink,12,58,11.6,18.49554,8.87319,1594.841,8.865,0.021
pink,12,59,11.8,18.31802,8.89775,1626.868,9.042,0.007
pink,12,60,12.0,18.17449,8.9818,1647.85,9.204,0.033
pink,12,61,12.2,18.04898,9.06294,1682.349,9.347,0.074
pink,12,62,12.4,17.89115,9.1137,1700.812,9.524,0.053
pink,12,63,12.6,17.74358,9.17214,1731.534,9.682,0.039
pink,12,64,12.8,17.59978,9.28142,1755.816,9.86,0.073
pink,12,65,13.0,17.47177,9.36704,1786.452,10.013,0.092
pink,12,66,13.2,17.30049,9.41636,1807.859,10.188,0.06
pink,12,67,13.4,17.14347,9.46163,1844.605,10.349,0.03
pink,12,68,13.6,17.00056,9.54701,1863.392,10.515,0.042
pink,12,69,13.8,16.87253,9.63331,1899.778,10.668,0.062
pink,12,70,14.0,16.71241,9.68494,1924.461,10.834,0.037
pink,12,71,14.2,16.54458,9.73592,1957.546,11.007,0.007
pink,12,72,14.4,16.40878,9.82458,1976.857,11.168,0.026
pink,12,73,14.6,16.27127,9.93269,2006.724,11.339,0.061
pink,12,74,14.8,16.11102,9.98854,2029.636,11.508,0.039
pink,12,75,15.0,15.94764,10.03995,2063.831,11.677,0.012
pink,12,76,15.2,15.81242,10.13298,2083.897,11.839,0.035
pink,12,77,15.4,15.67433,10.24296,2115.222,12.012,0.072
pink,12,78,15.6,15.51071,10.30077,2137.378,12.184,0.05
pink,12,79,15.8,15.35497,10.34562,2176.807,12.344,0.021
pink,12,80,16.0,15.21564,10.41732,2195.392,12.5,0.022
pink,12,81,16.2,15.06672,10.49824,2223.983,12.67,0.028
pink,12,82,16.4,14.90211,10.51269,2246.784,12.828,0.013
pink,12,83,16.6,14.75237,10.52328,2301.84,12.978,0.023
pink,12,84,16.8,14.6066,10.56979,2326.711,13.124,0.07
pink,12,85,17.0,14.45133,10.60744,2354.826,13.279,0.107
pink,12,86,17.2,14.28075,10.58268,2378.604,13.449,0.083
pink,12,87,17.4,14.11594,10.54384,2423.957,13.614,0.044
pink,12,88,17.6,13.95926,10.54767,2442.386,13.771,0.048
pink,12,89,17.8,13.8054,10.55885,2469.911,13.925,0.059
pink,12,90,18.0,13.64728,10.52683,2496.552,14.083,0.027
pink,12,91,18.2,13.47506,10.48338,2534.455,14.255,0.017
pink,12,92,18.4,13.34013,10.49407,2554.885,14.39,0.006
pink,12,93,18.6,13.18342,10.53054,2584.561,14.547,0.031
pink,12,94,18.8,13.01486,10.5196,2609.313,14.715,0.02
pink,12,95,19.0,12.8378,10.48377,2647.19,14.892,0.016
pink,12,96,19.2,12.69516,10.50742,2668.084,15.035,0.007
pink,12,97,19.4,12.54294,10.55779,2700.517,15.187,0.058
pink,12,98,19.6,12.39055,10.56093,2724.641,15.34,0.061
pink,12,99,19.8,12.21015,10.52927,2764.927,15.52,0.029
pink,12,100,20.0,12.04669,10.53482,2785.553,15.684,0.035
pink,12,101,20.2,11.88027,10.5644,2816.763,15.85,0.064
pink,12,102,20.4,11.72282,10.55327,2841.461,16.007,0.053
pink,12,103,20.6,11.535,10.51069,2879.328,16.195,0.011
pink,12,104,20.8,11.36858,10.50516,2897.475,16.362,0.005
pink,12,105,21.0,11.19524,10.53309,2930.699,16.535,0.033
pink,12,106,21.2,11.03529,10.53219,2951.752,16.695,0.032
pink,12,107,21.4,10.86045,10.50705,2979.547,16.87,0.007
pink,12,108,21.6,10.71223,10.51006,2995.79,17.018,0.01
pink,12,109,21.8,10.5506,10.53967,3023.268,17.18,0.04
pink,12,110,22.0,10.40848,10.53807,3047.714,17.322,0.038
pink,12,111,22.2,10.21997,10.50144,3081.738,17.51,0.001
pink,12,112,22.4,10.05357,10.48717,3103.55,17.677,0.013
pink,12,113,22.6,9.87871,10.51424,3131.818,17.852,0.014
pink,12,114,22.8,9.7224,10.52318,3155.913,18.008,0.023
pink,12,115,23.0,9.54342,10.49803,3183.427,18.187,0.002
pink,12,116,23.2,9.39298,10.49755,3199.994,18.337,0.002
pink,12,117,23.4,9.23029,10.54267,3222.205,18.5,0.043
pink,12,118,23.6,9.08286,10.5886,3250.692,18.647,0.089
pink,12,119,23.8,8.90755,10.6143,3270.002,18.864,0.061
pink,12,120,24.0,8.75129,10.64623,3297.671,19.018,0.02
pink,12,121,24.2,8.60762,10.7233,3315.482,19.181,0.024
pink,12,122,24.4,8.47222,10.81387,3347.902,19.343,0.045
pink,12,123,24.6,8.31416,10.87264,3370.046,19.51,0.027
pink,12,124,24.8,8.15184,10.92675,3402.514,19.68,0.002
pink,12,125,25.0,8.01912,11.0165,3421.48,19.839,0.023
pink,12,126,25.2,7.88294,11.1268,3451.983,20.01,0.061
pink,12,127,25.4,7.72333,11.18356,3474.652,20.178,0.04
pink,12,128,25.6,7.55745,11.23495,3507.01,20.349,0.012
pink,12,129,25.8,7.42125,11.33265,3528.467,20.515,0.039
pink,12,130,26.0,7.28453,11.44544,3562.518,20.687,0.078
pink,12,131,26.2,7.11795,11.50658,3584.653,20.864,0.059
pink,12,132,26.4,6.96355,11.55505,3625.877,21.024,0.033
pink,12,133,26.6,6.83522,11.63352,3645.135,21.173,0.046
pink,12,134,26.8,6.71372,11.73018,3674.335,21.325,0.078
pink,12,135,27.0,6.56487,11.7876,3694.65,21.484,0.063
pink,12,136,27.2,6.42402,11.84104,3734.675,21.634,0.047
pink,12,137,27.4,6.28867,11.94201,3754.573,21.8,0.077
pink,12,138,27.6,6.14668,12.0558,3790.691,21.978,0.116
pink,12,139,27.8,5.97394,12.11016,3813.018,22.157,0.087
pink,12,140,28.0,5.81753,12.1481,3844.918,22.314,0.051
pink,12,141,28.2,5.68029,12.21288,3861.232,22.465,0.047
pink,12,142,28.4,5.55051,12.27771,3887.415,22.611,0.047
pink,12,143,28.6,5.40212,12.30275,3912.918,22.754,0.003
pink,12,144,28.8,5.22421,12.34182,3945.499,22.931,0.041
pink,12,145,29.0,5.0892,12.42068,3966.302,23.087,0.031
pink,12,146,29.2,4.96099,12.50858,4000.701,23.241,0.01
pink,12,147,29.4,4.78908,12.57336,4025.257,23.424,0.029
pink,12,148,29.6,4.65697,12.63539,4065.381,23.57,0.032
pink,12,149,29.8,4.54234,12.74156,4092.792,23.72,0.011
pink,12,150,30.0,4.43356,12.81728,4119.45,23.851,0.03
pink,12,151,30.2,4.2972,12.87894,4152.738,24.0,0.025
pink,12,152,30.4,4.21953,12.97197,4194.377,24.112,0.073
pink,12,153,30.6,4.168,13.14318,4240.847,24.234,0.203
pink,12,154,30.8,4.07085,13.31478,4283.875,24.398,0.313
pink,12,155,31.0,3.95846,13.45886,4349.673,24.563,0.392
pink,12,156,31.2,3.84417,13.61897,4397.89,24.737,0.484
pink,12,157,31.4,3.74071,13.71295,4426.648,24.871,0.522
pink,12,158,31.6,3.64569,13.70482,4449.766,24.953,0.472
pink,12,159,31.8,3.58776,13.72451,4488.514,25.013,0.464
pink,12,160,32.0,3.57073,13.80488,4547.104,25.064,0.528
pink,12,161,32.2,3.45312,13.87979,4591.917,25.203,0.542
pink,12,162,32.4,3.43094,13.97307,4711.458,25.265,0.616
pink,12,163,32.6,3.42847,13.96558,4916.969,25.265,0.608
pink,12,164,32.8,3.45838,13.93915,5058.031,25.265,0.598
pink,13,0,0.0,24.0,3.0,0.0,0.0,0.0
pink,13,1,0.2,23.99956,3.00466,17.733,0.004,0.001
pink,13,2,0.4,23.95696,3.00508,54.106,0.021,0.038
pink,13,3,0.6,23.89819,3.05341,80.946,0.088,0.073
pink,13,4,0.8,23.81302,3.1819,103.572,0.24,0.103
pink,13,5,1.0,23.72339,3.34436,130.643,0.424,0.123
pink,13,6,1.2,23.69306,3.5202,149.98,0.598,0.083
pink,13,7,1.4,23.6723,3.70339,183.762,0.775,0.032
pink,13,8,1.6,23.60056,3.88054,219.515,0.966,0.03
pink,13,9,1.8,23.53213,4.06854,248.318,1.166,0.021
pink,13,10,2.0,23.47423,4.27031,293.967,1.375,0.003
pink,13,11,2.2,23.3901,4.44562,316.984,1.569,0.007
pink,13,12,2.4,23.30954,4.61048,351.673,1.752,0.018
pink,13,13,2.6,23.27592,4.78915,373.536,1.93,0.02
pink,13,14,2.8,23.24214,4.92708,404.42,2.07,0.042
pink,13,15,3.0,23.1684,5.0756,426.18,2.236,0.031
pink,13,16,3.2,23.09972,5.17807,454.72,2.357,0.007
pink,13,17,3.4,23.0154,5.24422,470.309,2.45,0.046
pink,13,18,3.6,22.909,5.28897,494.704,2.533,0.127
pink,13,19,3.8,22.79899,5.38836,514.269,2.667,0.19
pink,13,20,4.0,22.70258,5.49494,551.118,2.802,0.238
pink,13,21,4.2,22.63849,5.57474,578.167,2.9,0.266
pink,13,22,4.4,22.58363,5.67143,603.317,3.011,0.28
pink,13,23,4.6,22.50695,5.84584,636.208,3.201,0.284
pink,13,24,4.8,22.49036,6.00193,671.936,3.352,0.239
pink,13,25,5.0,22.5042,6.16674,701.899,3.498,0.163
pink,13,26,5.2,22.48054,6.33198,725.078,3.66,0.121
pink,13,27,5.4,22.41647,6.5083,760.584,3.847,0.112
pink,13,28,5.6,22.36794,6.67848,786.705,4.023,0.092
pink,13,29,5.8,22.32509,6.84958,821.819,4.198,0.065
pink,13,30,6.0,22.27339,7.0175,840.552,4.373,0.049
pink,13,31,6.2,22.22285,7.18798,875.236,4.549,0.03
pink,13,32,6.4,22.20104,7.37322,898.429,4.729,0.021
pink,13,33,6.6,22.1677,7.53826,931.226,4.894,0.054
pink,13,34,6.8,22.0778,7.66511,953.81,5.046,0.02
pink,13,35,7.0,21.99258,7.76711,996.805,5.172,0.02
pink,13,36,7.2,21.89135,7.88759,1018.182,5.329,0.053
pink,13,37,7.4,21.77701,7.98807,1047.083,5.468,0.116
pink,13,38,7.6,21.61432,8.0222,1070.523,5.633,0.102
pink,13,39,7.8,21.46404,8.05269,1101.681,5.786,0.088
pink,13,40,8.0,21.31586,8.10865,1120.265,5.944,0.099
pink,13,41,8.2,21.16737,8.15739,1151.357,6.1,0.103
pink,13,42,8.4,20.98443,8.16104,1174.884,6.276,0.054
pink,13,43,8.6,20.82479,8.17427,1204.86,6.433,0.021
pink,13,44,8.8,20.66967,8.23237,1223.816,6.598,0.032
pink,13,45,9.0,20.52094,8.28644,1253.423,6.756,0.041
pink,13,46,9.2,20.34162,8.30097,1276.685,6.932,0.003
pink,13,47,9.4,20.17896,8.32042,1308.237,7.094,0.025
pink,13,48,9.6,20.02308,8.3756,1328.475,7.259,0.017
pink,13,49,9.8,19.87869,8.42929,1358.03,7.413,0.007
pink,13,50,10.0,19.71175,8.46543,1377.262,7.583,0.02
pink,13,51,10.2,19.561,8.50462,1404.772,7.739,0.026
pink,13,52,10.4,19.4163,8.58112,1423.965,7.899,0.006
pink,13,53,10.6,19.28213,8.65779,1457.483,8.05,0.041
pink,13,54,10.8,19.11231,8.68862,1481.514,8.221,0.021
pink,13,55,11.0,18.95226,8.71323,1519.353,8.382,0.001
pink,13,56,11.2,18.8089,8.77551,1538.157,8.537,0.017
pink,13,57,11.4,18.66229,8.84839,1571.258,8.698,0.045
pink,13,58,11.6,18.49554,8.87319,1594.841,8.865,0.021
pink,13,59,11.8,18.31802,8.89775,1626.868,9.042,0.007
pink,13,60,12.0,18.17449,8.9818,1647.85,9.204,0.033
pink,13,61,12.2,18.04898,9.06294,1682.349,9.347,0.074
pink,13,62,12.4,17.89115,9.1137,1700.812,9.524,0.053
pink,13,63,12.6,17.74358,9.17214,1731.534,9.682,0.039
pink,13,64,12.8,17.59978,9.28142,1755.816,9.86,0.073
pink,13,65,13.0,17.47177,9.36704,1786.452,10.013,0.092
pink,13,66,13.2,17.30049,9.41636,1807.859,10.188,0.06
pink,13,67,13.4,17.14347,9.46163,1844.605,10.349,0.03
pink,13,68,13.6,17.00056,9.54701,1863.392,10.515,0.042
pink,13,69,13.8,16.87253,9.63331,1899.778,10.668,0.062
pink,13,70,14.0,16.71241,9.68494,1924.461,10.834,0.037
pink,13,71,14.2,16.54458,9.73592,1957.546,11.007,0.007
pink,13,72,14.4,16.40878,9.82458,1976.857,11.168,0.026
pink,13,73,14.6,16.27127,9.93269,2006.724,11.339,0.061
pink,13,74,14.8,16.11102,9.98854,2029.636,11.508,0.039
pink,13,75,15.0,15.94764,10.03995,2063.831,11.677,0.012
pink,13,76,15.2,15.81242,10.13298,2083.897,11.839,0.035
pink,13,77,15.4,15.67433,10.24296,2115.222,12.012,0.072
pink,13,78,15.6,15.51071,10.30077,2137.378,12.184,0.05
pink,13,79,15.8,15.35497,10.34562,2176.807,12.344,0.021
pink,13,80,16.0,15.21564,10.41732,2195.392,12.5,0.022
pink,13,81,16.2,15.06672,10.49824,2223.983,12.67,0.028
pink,13,82,16.4,14.90211,10.51269,2246.784,12.828,0.013
pink,13,83,16.6,14.75237,10.52328,2301.84,12.978,0.023
pink,13,84,16.8,14.6066,10.56979,2326.711,13.124,0.07
pink,13,85,17.0,14.45133,10.60744,2354.826,13.279,0.107
pink,13,86,17.2,14.28075,10.58268,2378.604,13.449,0.083
pink,13,87,17.4,14.11594,10.54384,2423.957,13.614,0.044
pink,13,88,17.6,13.95926,10.54767,2442.386,13.771,0.048
pink,13,89,17.8,13.8054,10.55885,2469.911,13.925,0.059
pink,13,90,18.0,13.64728,10.52683,2496.552,14.083,0.027
pink,13,91,18.2,13.47506,10.48338,2534.455,14.255,0.017
pink,13,92,18.4,13.34013,10.49407,2554.885,14.39,0.006
pink,13,93,18.6,13.18342,10.53054,2584.561,14.547,0.031
pink,13,94,18.8,13.01486,10.5196,2609.313,14.715,0.02
pink,13,95,19.0,12.8378,10.48377,2647.19,14.892,0.016
pink,13,96,19.2,12.69516,10.50742,2668.084,15.035,0.007
pink,13,97,19.4,12.54294,10.55779,2700.517,15.187,0.058
pink,13,98,19.6,12.39055,10.56093,2724.641,15.34,0.061
pink,13,99,19.8,12.21015,10.52927,2764.927,15.52,0.029
pink,13,100,20.0,12.04669,10.53482,2785.553,15.684,0.035
pink,13,101,20.2,11.88027,10.5644,2816.763,15.85,0.064
pink,13,102,20.4,11.72282,10.55327,2841.461,16.007,0.053
pink,13,103,20.6,11.535,10.51069,2879.328,16.195,0.011
pink,13,104,20.8,11.36858,10.50516,2897.475,16.362,0.005
pink,13,105,21.0,11.19524,10.53309,2930.699,16.535,0.033
pink,13,106,21.2,11.03529,10.53219,2951.752,16.695,0.032
pink,13,107,21.4,10.86045,10.50705,2979.547,16.87,0.007
pink,13,108,21.6,10.71223,10.51006,2995.79,17.018,0.01
pink,13,109,21.8,10.5506,10.53967,3023.268,17.18,0.04
pink,13,110,22.0,10.40848,10.53807,3047.714,17.322,0.038
pink,13,111,22.2,10.21997,10.50144,3081.738,17.51,0.001
pink,13,112,22.4,10.05357,10.48717,3103.55,17.677,0.013
pink,13,113,22.6,9.87871,10.51424,3131.818,17.852,0.014
pink,13,114,22.8,9.7224,10.52318,3155.913,18.008,0.023
pink,13,115,23.0,9.54342,10.49803,3183.427,18.187,0.002
pink,13,116,23.2,9.39298,10.49755,3199.994,18.337,0.002
pink,13,117,23.4,9.23029,10.54267,3222.205,18.5,0.043
pink,13,118,23.6,9.08286,10.5886,3250.692,18.647,0.089
pink,13,119,23.8,8.90755,10.6143,3270.002,18.864,0.061
pink,13,120,24.0,8.75129,10.64623,3297.671,19.018,0.02
pink,13,121,24.2,8.60762,10.7233,3315.482,19.181,0.024
pink,13,122,24.4,8.47222,10.81387,3347.902,19.343,0.045
pink,13,123,24.6,8.31416,10.87264,3370.046,19.51,0.027
pink,13,124,24.8,8.15184,10.92675,3402.514,19.68,0.002
pink,13,125,25.0,8.01912,11.0165,3421.48,19.839,0.023
pink,13,126,25.2,7.88294,11.1268,3451.983,20.01,0.061
pink,13,127,25.4,7.72333,11.18356,3474.652,20.178,0.04
pink,13,128,25.6,7.55745,11.23495,3507.01,20.349,0.012
pink,13,129,25.8,7.42125,11.33265,3528.467,20.515,0.039
pink,13,130,26.0,7.28453,11.44544,3562.518,20.687,0.078
pink,13,131,26.2,7.11795,11.50658,3584.653,20.864,0.059
pink,13,132,26.4,6.96355,11.55505,3625.877,21.024,0.033
pink,13,133,26.6,6.83522,11.63352,3645.135,21.173,0.046
pink,13,134,26.8,6.71372,11.73018,3674.335,21.325,0.078
pink,13,135,27.0,6.56487,11.7876,3694.65,21.484,0.063
pink,13,136,27.2,6.42402,11.84104,3734.675,21.634,0.047
pink,13,137,27.4,6.28867,11.94201,3754.573,21.8,0.077
pink,13,138,27.6,6.14668,12.0558,3790.691,21.978,0.116
pink,13,139,27.8,5.97394,12.11016,3813.018,22.157,0.087
pink,13,140,28.0,5.81753,12.1481,3844.918,22.314,0.051
pink,13,141,28.2,5.68029,12.21288,3861.232,22.465,0.047
pink,13,142,28.4,5.55051,12.27771,3887.415,22.611,0.047
pink,13,143,28.6,5.40212,12.30275,3912.918,22.754,0.003
pink,13,144,28.8,5.22421,12.34182,3945.499,22.931,0.041
pink,13,145,29.0,5.0892,12.42068,3966.302,23.087,0.031
pink,13,146,29.2,4.96099,12.50858,4000.701,23.241,0.01
pink,13,147,29.4,4.78908,12.57336,4025.257,23.424,0.029
pink,13,148,29.6,4.65697,12.63539,4065.381,23.57,0.032
pink,13,149,29.8,4.54234,12.74156,4092.792,23.72,0.011
pink,13,150,30.0,4.43356,12.81728,4119.45,23.851,0.03
pink,13,151,30.2,4.2972,12.87894,4152.738,24.0,0.025
pink,13,152,30.4,4.21953,12.97197,4194.377,24.112,0.073
pink,13,153,30.6,4.168,13.14318,4240.847,24.234,0.203
pink,13,154,30.8,4.07085,13.31478,4283.875,24.398,0.313
pink,13,155,31.0,3.95846,13.45886,4349.673,24.563,0.392
pink,13,156,31.2,3.84417,13.61897,4397.89,24.737,0.484
pink,13,157,31.4,3.74071,13.71295,4426.648,24.871,0.522
pink,13,158,31.6,3.64569,13.70482,4449.766,24.953,0.472
pink,13,159,31.8,3.58776,13.72451,4488.514,25.013,0.464
pink,13,160,32.0,3.57073,13.80488,4547.104,25.064,0.528
pink,13,161,32.2,3.45312,13.87979,4591.917,25.203,0.542
pink,13,162,32.4,3.43094,13.97307,4711.458,25.265,0.616
pink,13,163,32.6,3.43013,13.96664,4920.246,25.265,0.61
pink,13,164,32.8,3.45618,13.93727,5058.624,25.265,0.595
pink,14,0,0.0,24.0,3.0,0.0,0.0,0.0
pink,14,1,0.2,23.99956,3.00466,17.733,0.004,0.001
pink,14,2,0.4,23.95696,3.00508,54.106,0.021,0.038
pink,14,3,0.6,23.89819,3.05341,80.946,0.088,0.073
pink,14,4,0.8,23.81302,3.1819,103.572,0.24,0.103
pink,14,5,1.0,23.72339,3.34436,130.643,0.424,0.123
pink,14,6,1.2,23.69306,3.5202,149.98,0.598,0.083
pink,14,7,1.4,23.6723,3.70339,183.762,0.775,0.032
pink,14,8,1.6,23.60056,3.88054,219.515,0.966,0.03
pink,14,9,1.8,23.53213,4.06854,248.318,1.166,0.021
pink,14,10,2.0,23.47423,4.27031,293.967,1.375,0.003
pink,14,11,2.2,23.3901,4.44562,316.984,1.569,0.007
pink,14,12,2.4,23.30954,4.61048,351.673,1.752,0.018
pink,14,13,2.6,23.27592,4.78915,373.536,1.93,0.02
pink,14,14,2.8,23.24214,4.92708,404.42,2.07,0.042
pink,14,15,3.0,23.1684,5.0756,426.18,2.236,0.031
pink,14,16,3.2,23.09972,5.17807,454.72,2.357,0.007
pink,14,17,3.4,23.0154,5.24422,470.309,2.45,0.046
pink,14,18,3.6,22.909,5.28897,494.704,2.533,0.127
pink,14,19,3.8,22.79899,5.38836,514.269,2.667,0.19
pink,14,20,4.0,22.70258,5.49494,551.118,2.802,0.238
pink,14,21,4.2,22.63849,5.57474,578.167,2.9,0.266
pink,14,22,4.4,22.58363,5.67143,603.317,3.011,0.28
pink,14,23,4.6,22.50695,5.84584,636.208,3.201,0.284
pink,14,24,4.8,22.49036,6.00193,671.936,3.352,0.239
pink,14,25,5.0,22.5042,6.16674,701.899,3.498,0.163
pink,14,26,5.2,22.48054,6.33198,725.078,3.66,0.121
pink,14,27,5.4,22.41647,6.5083,760.584,3.847,0.112
pink,14,28,5.6,22.36794,6.67848,786.705,4.023,0.092
pink,14,29,5.8,22.32509,6.84958,821.819,4.198,0.065
pink,14,30,6.0,22.27339,7.0175,840.552,4.373,0.049
pink,14,31,6.2,22.22285,7.18798,875.236,4.549,0.03
pink,14,32,6.4,22.20104,7.37322,898.429,4.729,0.021
pink,14,33,6.6,22.1677,7.53826,931.226,4.894,0.054
pink,14,34,6.8,22.0778,7.66511,953.81,5.046,0.02
pink,14,35,7.0,21.99258,7.76711,996.805,5.172,0.02
pink,14,36,7.2,21.89135,7.88759,1018.182,5.329,0.053
pink,14,37,7.4,21.77701,7.98807,1047.083,5.468,0.116
pink,14,38,7.6,21.61432,8.0222,1070.523,5.633,0.102
pink,14,39,7.8,21.46404,8.05269,1101.681,5.786,0.088
pink,14,40,8.0,21.31586,8.10865,1120.265,5.944,0.099
pink,14,41,8.2,21.16737,8.15739,1151.357,6.1,0.103
pink,14,42,8.4,20.98443,8.16104,1174.884,6.276,0.054
pink,14,43,8.6,20.82479,8.17427,1204.86,6.433,0.021
pink,14,44,8.8,20.66967,8.23237,1223.816,6.598,0.032
pink,14,45,9.0,20.52094,8.28644,1253.423,6.756,0.041
pink,14,46,9.2,20.34162,8.30097,1276.685,6.932,0.003
pink,14,47,9.4,20.17896,8.32042,1308.237,7.094,0.025
pink,14,48,9.6,20.02308,8.3756,1328.475,7.259,0.017
pink,14,49,9.8,19.87869,8.42929,1358.03,7.413,0.007
pink,14,50,10.0,19.71175,8.46543,1377.262,7.583,0.02
pink,14,51,10.2,19.561,8.50462,1404.772,7.739,0.026
pink,14,52,10.4,19.4163,8.58112,1423.965,7.899,0.006
pink,14,53,10.6,19.28213,8.65779,1457.483,8.05,0.041
pink,14,54,10.8,19.11231,8.68862,1481.514,8.221,0.021
pink,14,55,11.0,18.95226,8.71323,1519.353,8.382,0.001
pink,14,56,11.2,18.8089,8.77551,1538.157,8.537,0.017
pink,14,57,11.4,18.66229,8.84839,1571.258,8.698,0.045
pink,14,58,11.6,18.49554,8.87319,1594.841,8.865,0.021
pink,14,59,11.8,18.31802,8.89775,1626.868,9.042,0.007
pink,14,60,12.0,18.17449,8.9818,1647.85,9.204,0.033
pink,14,61,12.2,18.04898,9.06294,1682.349,9.347,0.074
pink,14,62,12.4,17.89115,9.1137,1700.812,9.524,0.053
pink,14,63,12.6,17.74358,9.17214,1731.534,9.682,0.039
pink,14,64,12.8,17.59978,9.28142,1755.816,9.86,0.073
pink,14,65,13.0,17.47177,9.36704,1786.452,10.013,0.092
pink,14,66,13.2,17.30049,9.41636,1807.859,10.188,0.06
pink,14,67,13.4,17.14347,9.46163,1844.605,10.349,0.03
pink,14,68,13.6,17.00056,9.54701,1863.392,10.515,0.042
pink,14,69,13.8,16.87253,9.63331,1899.778,10.668,0.062
pink,14,70,14.0,16.71241,9.68494,1924.461,10.834,0.037
pink,14,71,14.2,16.54458,9.73592,1957.546,11.007,0.007
pink,14,72,14.4,16.40878,9.82458,1976.857,11.168,0.026
pink,14,73,14.6,16.27127,9.93269,2006.724,11.339,0.061
pink,14,74,14.8,16.11102,9.98854,2029.636,11.508,0.039
pink,14,75,15.0,15.94764,10.03995,2063.831,11.677,0.012
pink,14,76,15.2,15.81242,10.13298,2083.897,11.839,0.035
pink,14,77,15.4,15.67433,10.24296,2115.222,12.012,0.072
pink,14,78,15.6,15.51071,10.30077,2137.378,12.184,0.05
pink,14,79,15.8,15.35497,10.34562,2176.807,12.344,0.021
pink,14,80,16.0,15.21564,10.41732,2195.392,12.5,0.022
pink,14,81,16.2,15.06672,10.49824,2223.983,12.67,0.028
pink,14,82,16.4,14.90211,10.51269,2246.784,12.828,0.013
pink,14,83,16.6,14.75237,10.52328,2301.84,12.978,0.023
pink,14,84,16.8,14.6066,10.56979,2326.711,13.124,0.07
pink,14,85,17.0,14.45133,10.60744,2354.826,13.279,0.107
pink,14,86,17.2,14.28075,10.58268,2378.604,13.449,0.083
pink,14,87,17.4,14.11594,10.54384,2423.957,13.614,0.044
pink,14,88,17.6,13.95926,10.54767,2442.386,13.771,0.048
pink,14,89,17.8,13.8054,10.55885,2469.911,13.925,0.059
pink,14,90,18.0,13.64728,10.52683,2496.552,14.083,0.027
pink,14,91,18.2,13.47506,10.48338,2534.455,14.255,0.017
pink,14,92,18.4,13.34013,10.49407,2554.885,14.39,0.006
pink,14,93,18.6,13.18342,10.53054,2584.561,14.547,0.031
pink,14,94,18.8,13.01486,10.5196,2609.313,14.715,0.02
pink,14,95,19.0,12.8378,10.48377,2647.19,14.892,0.016
pink,14,96,19.2,12.69516,10.50742,2668.084,15.035,0.007
pink,14,97,19.4,12.54294,10.55779,2700.517,15.187,0.058
pink,14,98,19.6,12.39055,10.56093,2724.641,15.34,0.061
pink,14,99,19.8,12.21015,10.52927,2764.927,15.52,0.029
pink,14,100,20.0,12.04669,10.53482,2785.553,15.684,0.035
pink,14,101,20.2,11.88027,10.5644,2816.763,15.85,0.064
pink,14,102,20.4,11.72282,10.55327,2841.461,16.007,0.053
pink,14,103,20.6,11.535,10.51069,2879.328,16.195,0.011
pink,14,104,20.8,11.36858,10.50516,2897.475,16.362,0.005
pink,14,105,21.0,11.19524,10.53309,2930.699,16.535,0.033
pink,14,106,21.2,11.03529,10.53219,2951.752,16.695,0.032
pink,14,107,21.4,10.86045,10.50705,2979.547,16.87,0.007
pink,14,108,21.6,10.71223,10.51006,2995.79,17.018,0.01
pink,14,109,21.8,10.5506,10.53967,3023.268,17.18,0.04
pink,14,110,22.0,10.40848,10.53807,3047.714,17.322,0.038
pink,14,111,22.2,10.21997,10.50144,3081.738,17.51,0.001
pink,14,112,22.4,10.05357,10.48717,3103.55,17.677,0.013
pink,14,113,22.6,9.87871,10.51424,3131.818,17.852,0.014
pink,14,114,22.8,9.7224,10.52318,3155.913,18.008,0.023
pink,14,115,23.0,9.54342,10.49803,3183.427,18.187,0.002
pink,14,116,23.2,9.39298,10.49755,3199.994,18.337,0.002
pink,14,117,23.4,9.23029,10.54267,3222.205,18.5,0.043
pink,14,118,23.6,9.08286,10.5886,3250.692,18.647,0.089
pink,14,119,23.8,8.90755,10.6143,3270.002,18.864,0.061
pink,14,120,24.0,8.75129,10.64623,3297.671,19.018,0.02
pink,14,121,24.2,8.60762,10.7233,3315.482,19.181,0.024
pink,14,122,24.4,8.47222,10.81387,3347.902,19.343,0.045
pink,14,123,24.6,8.31416,10.87264,3370.046,19.51,0.027
pink,14,124,24.8,8.15184,10.92675,3402.514,19.68,0.002
pink,14,125,25.0,8.01912,11.0165,3421.48,19.839,0.023
pink,14,126,25.2,7.88294,11.1268,3451.983,20.01,0.061
pink,14,127,25.4,7.72333,11.18356,3474.652,20.178,0.04
pink,14,128,25.6,7.55745,11.23495,3507.01,20.349,0.012
pink,14,129,25.8,7.42125,11.33265,3528.467,20.515,0.039
pink,14,130,26.0,7.28453,11.44544,3562.518,20.687,0.078
pink,14,131,26.2,7.11795,11.50658,3584.653,20.864,0.059
pink,14,132,26.4,6.96355,11.55505,3625.877,21.024,0.033
pink,14,133,26.6,6.83522,11.63352,3645.135,21.173,0.046
pink,14,134,26.8,6.71372,11.73018,3674.335,21.325,0.078
pink,14,135,27.0,6.56487,11.7876,3694.65,21.484,0.063
pink,14,136,27.2,6.42402,11.84104,3734.675,21.634,0.047
pink,14,137,27.4,6.28867,11.94201,3754.573,21.8,0.077
pink,14,138,27.6,6.14668,12.0558,3790.691,21.978,0.116
pink,14,139,27.8,5.97394,12.11016,3813.018,22.157,0.087
pink,14,140,28.0,5.81753,12.1481,3844.918,22.314,0.051
pink,14,141,28.2,5.68029,12.21288,3861.232,22.465,0.047
pink,14,142,28.4,5.55051,12.27771,3887.415,22.611,0.047
pink,14,143,28.6,5.40212,12.30275,3912.918,22.754,0.003
pink,14,144,28.8,5.22421,12.34182,3945.499,22.931,0.041
pink,14,145,29.0,5.0892,12.42068,3966.302,23.087,0.031
pink,14,146,29.2,4.96099,12.50858,4000.701,23.241,0.01
pink,14,147,29.4,4.78908,12.57336,4025.257,23.424,0.029
pink,14,148,29.6,4.65697,12.63539,4065.381,23.57,0.032
pink,14,149,29.8,4.54234,12.74156,4092.792,23.72,0.011
pink,14,150,30.0,4.43356,12.81728,4119.45,23.851,0.03
pink,14,151,30.2,4.2972,12.87894,4152.738,24.0,0.025
pink,14,152,30.4,4.21953,12.97197,4194.377,24.112,0.073
pink,14,153,30.6,4.168,13.14318,4240.847,24.234,0.203
pink,14,154,30.8,4.07085,13.31478,4283.875,24.398,0.313
pink,14,155,31.0,3.95846,13.45886,4349.673,24.563,0.392
pink,14,156,31.2,3.84417,13.61897,4397.89,24.737,0.484
pink,14,157,31.4,3.74071,13.71295,4426.648,24.871,0.522
pink,14,158,31.6,3.64569,13.70482,4449.766,24.953,0.472
pink,14,159,31.8,3.58776,13.72451,4488.514,25.013,0.464
pink,14,160,32.0,3.57073,13.80488,4547.104,25.064,0.528
pink,14,161,32.2,3.45312,13.87979,4591.917,25.203,0.542
pink,14,162,32.4,3.43094,13.97307,4711.458,25.265,0.616
pink,14,163,32.6,3.42847,13.96558,4916.969,25.265,0.608
pink,14,164,32.8,3.45838,13.93915,5058.031,25.265,0.598
pink,15,0,0.0,24.0,3.0,0.0,0.0,0.0
pink,15,1,0.2,23.99956,3.00466,17.733,0.004,0.001
pink,15,2,0.4,23.95696,3.00508,54.106,0.021,0.038
pink,15,3,0.6,23.89819,3.05341,80.946,0.088,0.073
pink,15,4,0.8,23.81302,3.1819,103.572,0.24,0.103
pink,15,5,1.0,23.72339,3.34436,130.643,0.424,0.123
pink,15,6,1.2,23.69306,3.5202,149.98,0.598,0.083
pink,15,7,1.4,23.6723,3.70339,183.762,0.775,0.032
pink,15,8,1.6,23.60056,3.88054,219.515,0.966,0.03
pink,15,9,1.8,23.53213,4.06854,248.318,1.166,0.021
pink,15,10,2.0,23.47423,4.27031,293.967,1.375,0.003
pink,15,11,2.2,23.3901,4.44562,316.984,1.569,0.007
pink,15,12,2.4,23.30954,4.61048,351.673,1.752,0.018
pink,15,13,2.6,23.27592,4.78915,373.536,1.93,0.02
pink,15,14,2.8,23.24214,4.92708,404.42,2.07,0.042
pink,15,15,3.0,23.1684,5.0756,426.18,2.236,0.031
pink,15,16,3.2,23.09972,5.17807,454.72,2.357,0.007
pink,15,17,3.4,23.0154,5.24422,470.309,2.45,0.046
pink,15,18,3.6,22.909,5.28897,494.704,2.533,0.127
pink,15,19,3.8,22.79899,5.38836,514.269,2.667,0.19
pink,15,20,4.0,22.70258,5.49494,551.118,2.802,0.238
pink,15,21,4.2,22.63849,5.57474,578.167,2.9,0.266
pink,15,22,4.4,22.58363,5.67143,603.317,3.011,0.28
pink,15,23,4.6,22.50695,5.84584,636.208,3.201,0.284
pink,15,24,4.8,22.49036,6.00193,671.936,3.352,0.239
pink,15,25,5.0,22.5042,6.16674,701.899,3.498,0.163
pink,15,26,5.2,22.48054,6.33198,725.078,3.66,0.121
pink,15,27,5.4,22.41647,6.5083,760.584,3.847,0.112
pink,15,28,5.6,22.36794,6.67848,786.705,4.023,0.092
pink,15,29,5.8,22.32509,6.84958,821.819,4.198,0.065
pink,15,30,6.0,22.27339,7.0175,840.552,4.373,0.049
pink,15,31,6.2,22.22285,7.18798,875.236,4.549,0.03
pink,15,32,6.4,22.20104,7.37322,898.429,4.729,0.021
pink,15,33,6.6,22.1677,7.53826,931.226,4.894,0.054
pink,15,34,6.8,22.0778,7.66511,953.81,5.046,0.02
pink,15,35,7.0,21.99258,7.76711,996.805,5.172,0.02
pink,15,36,7.2,21.89135,7.88759,1018.182,5.329,0.053
pink,15,37,7.4,21.77701,7.98807,1047.083,5.468,0.116
pink,15,38,7.6,21.61432,8.0222,1070.523,5.633,0.102
pink,15,39,7.8,21.46404,8.05269,1101.681,5.786,0.088
pink,15,40,8.0,21.31586,8.10865,1120.265,5.944,0.099
pink,15,41,8.2,21.16737,8.15739,1151.357,6.1,0.103
pink,15,42,8.4,20.98443,8.16104,1174.884,6.276,0.054
pink,15,43,8.6,20.82479,8.17427,1204.86,6.433,0.021
pink,15,44,8.8,20.66967,8.23237,1223.816,6.598,0.032
pink,15,45,9.0,20.52094,8.28644,1253.423,6.756,0.041
pink,15,46,9.2,20.34162,8.30097,1276.685,6.932,0.003
pink,15,47,9.4,20.17896,8.32042,1308.237,7.094,0.025
pink,15,48,9.6,20.02308,8.3756,1328.475,7.259,0.017
pink,15,49,9.8,19.87869,8.42929,1358.03,7.413,0.007
pink,15,50,10.0,19.71175,8.46543,1377.262,7.583,0.02
pink,15,51,10.2,19.561,8.50462,1404.772,7.739,0.026
pink,15,52,10.4,19.4163,8.58112,1423.965,7.899,0.006
pink,15,53,10.6,19.28213,8.65779,1457.483,8.05,0.041
pink,15,54,10.8,19.11231,8.68862,1481.514,8.221,0.021
pink,15,55,11.0,18.95226,8.71323,1519.353,8.382,0.001
pink,15,56,11.2,18.8089,8.77551,1538.157,8.537,0.017
pink,15,57,11.4,18.66229,8.84839,1571.258,8.698,0.045
pink,15,58,11.6,18.49554,8.87319,1594.841,8.865,0.021
pink,15,59,11.8,18.31802,8.89775,1626.868,9.042,0.007
pink,15,60,12.0,18.17449,8.9818,1647.85,9.204,0.033
pink,15,61,12.2,18.04898,9.06294,1682.349,9.347,0.074
pink,15,62,12.4,17.89115,9.1137,1700.812,9.524,0.053
pink,15,63,12.6,17.74358,9.17214,1731.534,9.682,0.039
pink,15,64,12.8,17.59978,9.28142,1755.816,9.86,0.073
pink,15,65,13.0,17.47177,9.36704,1786.452,10.013,0.092
pink,15,66,13.2,17.30049,9.41636,1807.859,10.188,0.06
pink,15,67,13.4,17.14347,9.46163,1844.605,10.349,0.03
pink,15,68,13.6,17.00056,9.54701,1863.392,10.515,0.042
pink,15,69,13.8,16.87253,9.63331,1899.778,10.668,0.062
pink,15,70,14.0,16.71241,9.68494,1924.461,10.834,0.037
pink,15,71,14.2,16.54458,9.73592,1957.546,11.007,0.007
pink,15,72,14.4,16.40878,9.82458,1976.857,11.168,0.026
pink,15,73,14.6,16.27127,9.93269,2006.724,11.339,0.061
pink,15,74,14.8,16.11102,9.98854,2029.636,11.508,0.039
pink,15,75,15.0,15.94764,10.03995,2063.831,11.677,0.012
pink,15,76,15.2,15.81242,10.13298,2083.897,11.839,0.035
pink,15,77,15.4,15.67433,10.24296,2115.222,12.012,0.072
pink,15,78,15.6,15.51071,10.30077,2137.378,12.184,0.05
pink,15,79,15.8,15.35497,10.34562,2176.807,12.344,0.021
pink,15,80,16.0,15.21564,10.41732,2195.392,12.5,0.022
pink,15,81,16.2,15.06672,10.49824,2223.983,12.67,0.028
pink,15,82,16.4,14.90211,10.51269,2246.784,12.828,0.013
pink,15,83,16.6,14.75237,10.52328,2301.84,12.978,0.023
pink,15,84,16.8,14.6066,10.56979,2326.711,13.124,0.07
pink,15,85,17.0,14.45133,10.60744,2354.826,13.279,0.107
pink,15,86,17.2,14.28075,10.58268,2378.604,13.449,0.083
pink,15,87,17.4,14.11594,10.54384,2423.957,13.614,0.044
pink,15,88,17.6,13.95926,10.54767,2442.386,13.771,0.048
pink,15,89,17.8,13.8054,10.55885,2469.911,13.925,0.059
pink,15,90,18.0,13.64728,10.52683,2496.552,14.083,0.027
pink,15,91,18.2,13.47506,10.48338,2534.455,14.255,0.017
pink,15,92,18.4,13.34013,10.49407,2554.885,14.39,0.006
pink,15,93,18.6,13.18342,10.53054,2584.561,14.547,0.031
pink,15,94,18.8,13.01486,10.5196,2609.313,14.715,0.02
pink,15,95,19.0,12.8378,10.48377,2647.19,14.892,0.016
pink,15,96,19.2,12.69516,10.50742,2668.084,15.035,0.007
pink,15,97,19.4,12.54294,10.55779,2700.517,15.187,0.058
pink,15,98,19.6,12.39055,10.56093,2724.641,15.34,0.061
pink,15,99,19.8,12.21015,10.52927,2764.927,15.52,0.029
pink,15,100,20.0,12.04669,10.53482,2785.553,15.684,0.035
pink,15,101,20.2,11.88027,10.5644,2816.763,15.85,0.064
pink,15,102,20.4,11.72282,10.55327,2841.461,16.007,0.053
pink,15,103,20.6,11.535,10.51069,2879.328,16.195,0.011
pink,15,104,20.8,11.36858,10.50516,2897.475,16.362,0.005
pink,15,105,21.0,11.19524,10.53309,2930.699,16.535,0.033
pink,15,106,21.2,11.03529,10.53219,2951.752,16.695,0.032
pink,15,107,21.4,10.86045,10.50705,2979.547,16.87,0.007
pink,15,108,21.6,10.71223,10.51006,2995.79,17.018,0.01
pink,15,109,21.8,10.5506,10.53967,3023.268,17.18,0.04
pink,15,110,22.0,10.40848,10.53807,3047.714,17.322,0.038
pink,15,111,22.2,10.21997,10.50144,3081.738,17.51,0.001
pink,15,112,22.4,10.05357,10.48717,3103.55,17.677,0.013
pink,15,113,22.6,9.87871,10.51424,3131.818,17.852,0.014
pink,15,114,22.8,9.7224,10.52318,3155.913,18.008,0.023
pink,15,115,23.0,9.54342,10.49803,3183.427,18.187,0.002
pink,15,116,23.2,9.39298,10.49755,3199.994,18.337,0.002
pink,15,117,23.4,9.23029,10.54267,3222.205,18.5,0.043
pink,15,118,23.6,9.08286,10.5886,3250.692,18.647,0.089
pink,15,119,23.8,8.90755,10.6143,3270.002,18.864,0.061
pink,15,120,24.0,8.75129,10.64623,3297.671,19.018,0.02
pink,15,121,24.2,8.60762,10.7233,3315.482,19.181,0.024
pink,15,122,24.4,8.47222,10.81387,3347.902,19.343,0.045
pink,15,123,24.6,8.31416,10.87264,3370.046,19.51,0.027
pink,15,124,24.8,8.15184,10.92675,3402.514,19.68,0.002
pink,15,125,25.0,8.01912,11.0165,3421.48,19.839,0.023
pink,15,126,25.2,7.88294,11.1268,3451.983,20.01,0.061
pink,15,127,25.4,7.72333,11.18356,3474.652,20.178,0.04
pink,15,128,25.6,7.55745,11.23495,3507.01,20.349,0.012
pink,15,129,25.8,7.42125,11.33265,3528.467,20.515,0.039
pink,15,130,26.0,7.28453,11.44544,3562.518,20.687,0.078
pink,15,131,26.2,7.11795,11.50658,3584.653,20.864,0.059
pink,15,132,26.4,6.96355,11.55505,3625.877,21.024,0.033
pink,15,133,26.6,6.83522,11.63352,3645.135,21.173,0.046
pink,15,134,26.8,6.71372,11.73018,3674.335,21.325,0.078
pink,15,135,27.0,6.56487,11.7876,3694.65,21.484,0.063
pink,15,136,27.2,6.42402,11.84104,3734.675,21.634,0.047
pink,15,137,27.4,6.28867,11.94201,3754.573,21.8,0.077
pink,15,138,27.6,6.14668,12.0558,3790.691,21.978,0.116
pink,15,139,27.8,5.97394,12.11016,3813.018,22.157,0.087
pink,15,140,28.0,5.81753,12.1481,3844.918,22.314,0.051
pink,15,141,28.2,5.68029,12.21288,3861.232,22.465,0.047
pink,15,142,28.4,5.55051,12.27771,3887.415,22.611,0.047
pink,15,143,28.6,5.40212,12.30275,3912.918,22.754,0.003
pink,15,144,28.8,5.22421,12.34182,3945.499,22.931,0.041
pink,15,145,29.0,5.0892,12.42068,3966.302,23.087,0.031
pink,15,146,29.2,4.96099,12.50858,4000.701,23.241,0.01
pink,15,147,29.4,4.78908,12.57336,4025.257,23.424,0.029
pink,15,148,29.6,4.65697,12.63539,4065.381,23.57,0.032
pink,15,149,29.8,4.54234,12.74156,4092.792,23.72,0.011
pink,15,150,30.0,4.43356,12.81728,4119.45,23.851,0.03
pink,15,151,30.2,4.2972,12.87894,4152.738,24.0,0.025
pink,15,152,30.4,4.21953,12.97197,4194.377,24.112,0.073
pink,15,153,30.6,4.168,13.14318,4240.847,24.234,0.203
pink,15,154,30.8,4.07085,13.31478,4283.875,24.398,0.313
pink,15,155,31.0,3.95846,13.45886,4349.673,24.563,0.392
pink,15,156,31.2,3.84417,13.61897,4397.89,24.737,0.484
pink,15,157,31.4,3.74071,13.71295,4426.648,24.871,0.522
pink,15,158,31.6,3.64569,13.70482,4449.766,24.953,0.472
pink,15,159,31.8,3.58776,13.72451,4488.514,25.013,0.464
pink,15,160,32.0,3.57073,13.80488,4547.104,25.064,0.528
pink,15,161,32.2,3.45312,13.87979,4591.917,25.203,0.542
pink,15,162,32.4,3.43094,13.97307,4711.458,25.265,0.616
pink,15,163,32.6,3.42847,13.96558,4916.969,25.265,0.608
pink,15,164,32.8,3.45838,13.93915,5058.031,25.265,0.598
pink,16,0,0.0,24.0,3.0,0.0,0.0,0.0
pink,16,1,0.2,23.99956,3.00466,17.733,0.004,0.001
pink,16,2,0.4,23.95696,3.00508,54.106,0.021,0.038
pink,16,3,0.6,23.89819,3.05341,80.946,0.088,0.073
pink,16,4,0.8,23.81302,3.1819,103.572,0.24,0.103
pink,16,5,1.0,23.72339,3.34436,130.643,0.424,0.123
pink,16,6,1.2,23.69306,3.5202,149.98,0.598,0.083
pink,16,7,1.4,23.6723,3.70339,183.762,0.775,0.032
pink,16,8,1.6,23.60056,3.88054,219.515,0.966,0.03
pink,16,9,1.8,23.53213,4.06854,248.318,1.166,0.021
pink,16,10,2.0,23.47423,4.27031,293.967,1.375,0.003
pink,16,11,2.2,23.3901,4.44562,316.984,1.569,0.007
pink,16,12,2.4,23.30954,4.61048,351.673,1.752,0.018
pink,16,13,2.6,23.27593,4.78915,373.539,1.93,0.02
pink,16,14,2.8,23.24218,4.92671,404.32,2.07,0.042
pink,16,15,3.0,23.16844,5.07474,426.154,2.235,0.03
pink,16,16,3.2,23.10082,5.17679,458.124,2.355,0.007
pink,16,17,3.4,23.01707,5.24151,474.219,2.447,0.045
pink,16,18,3.6,22.91139,5.28595,497.945,2.529,0.126
pink,16,19,3.8,22.79899,5.38875,518.38,2.667,0.19
pink,16,20,4.0,22.70333,5.49402,549.951,2.801,0.238
pink,16,21,4.2,22.63444,5.56485,572.968,2.893,0.274
pink,16,22,4.4,22.57136,5.65344,593.202,2.999,0.298
pink,16,23,4.6,22.49606,5.79977,630.854,3.163,0.311
pink,16,24,4.8,22.45103,5.90894,662.833,3.281,0.311
pink,16,25,5.0,22.41617,6.03449,684.714,3.41,0.295
pink,16,26,5.2,22.37917,6.21408,709.205,3.59,0.26
pink,16,27,5.4,22.32569,6.40358,747.368,3.786,0.236
pink,16,28,5.6,22.29261,6.57313,767.904,3.955,0.202
pink,16,29,5.8,22.26515,6.72874,806.936,4.109,0.167
pink,16,30,6.0,22.23232,6.89765,827.848,4.278,0.133
pink,16,31,6.2,22.19627,7.07376,860.974,4.454,0.098
pink,16,32,6.4,22.1844,7.25563,882.083,4.627,0.039
pink,16,33,6.6,22.16474,7.42461,914.769,4.79,0.008
pink,16,34,6.8,22.09026,7.56452,935.414,4.948,0.007
pink,16,35,7.0,22.01277,7.68234,976.578,5.086,0.033
pink,16,36,7.2,21.93003,7.81142,995.354,5.27,0.009
pink,16,37,7.4,21.8343,7.92031,1023.055,5.393,0.068
pink,16,38,7.6,21.68498,7.97329,1045.404,5.552,0.075
pink,16,39,7.8,21.54463,8.01568,1077.75,5.698,0.076
pink,16,40,8.0,21.404,8.07098,1095.545,5.849,0.088
pink,16,41,8.2,21.25891,8.13127,1122.4,6.005,0.104
pink,16,42,8.4,21.08982,8.154,1144.437,6.174,0.078
pink,16,43,8.6,20.91928,8.16903,1179.977,6.341,0.043
pink,16,44,8.8,20.77033,8.22017,1198.39,6.499,0.049
pink,16,45,9.0,20.61536,8.29019,1229.918,6.667,0.072
pink,16,46,9.2,20.44837,8.30928,1253.909,6.833,0.042
pink,16,47,9.4,20.27437,8.31468,1288.014,7.001,0.003
pink,16,48,9.6,20.11975,8.35371,1309.246,7.16,0.01
pink,16,49,9.8,19.97205,8.40454,1339.969,7.316,0.004
pink,16,50,10.0,19.81725,8.43922,1361.435,7.474,0.015
pink,16,51,10.2,19.65174,8.46987,1391.327,7.642,0.033
pink,16,52,10.4,19.5091,8.52524,1405.494,7.794,0.021
pink,16,53,10.6,19.36259,8.61218,1434.89,7.96,0.02
pink,16,54,10.8,19.20741,8.65871,1457.659,8.122,0.02
pink,16,55,11.0,19.04145,8.6818,1500.148,8.287,0.006
pink,16,56,11.2,18.91181,8.7272,1518.521,8.424,0.001
pink,16,57,11.4,18.76036,8.80999,1550.581,8.593,0.036
pink,16,58,11.6,18.6259,8.85205,1578.901,8.734,0.038
pink,16,59,11.8,18.43952,8.87057,1613.325,8.918,0.002
pink,16,60,12.0,18.2881,8.90886,1628.469,9.074,0.005
pink,16,61,12.2,18.14349,8.99383,1656.772,9.237,0.035
pink,16,62,12.4,18.01832,9.05863,1682.282,9.386,0.061
pink,16,63,12.6,17.85625,9.10881,1715.485,9.553,0.033
pink,16,64,12.8,17.71228,9.17128,1733.815,9.71,0.025
pink,16,65,13.0,17.56801,9.27935,1762.961,9.887,0.057
pink,16,66,13.2,17.43387,9.34946,1788.289,10.039,0.059
pink,16,67,13.4,17.25512,9.39523,1823.055,10.219,0.02
pink,16,68,13.6,17.10474,9.45404,1841.904,10.38,0.006
pink,16,69,13.8,16.96009,9.55661,1869.444,10.555,0.033
pink,16,70,14.0,16.82191,9.62965,1894.722,10.711,0.036
pink,16,71,14.2,16.6438,9.67894,1924.568,10.893,0.001
pink,16,72,14.4,16.50194,9.74473,1941.587,11.049,0.004
pink,16,73,14.6,16.36504,9.85725,1970.573,11.222,0.036
pink,16,74,14.8,16.22757,9.93812,1994.793,11.381,0.046
pink,16,75,15.0,16.05336,9.99213,2027.473,11.561,0.017
pink,16,76,15.2,15.91957,10.05956,2046.587,11.711,0.017
pink,16,77,15.4,15.7816,10.17311,2075.85,11.885,0.057
pink,16,78,15.6,15.64429,10.25185,2100.102,12.043,0.066
pink,16,79,15.8,15.47037,10.29966,2130.692,12.22,0.031
pink,16,80,16.0,15.33137,10.35967,2151.089,12.371,0.023
pink,16,81,16.2,15.1837,10.46085,2180.49,12.548,0.047
pink,16,82,16.4,15.03874,10.51702,2205.308,12.703,0.033
pink,16,83,16.6,14.86829,10.5249,2241.398,12.862,0.025
pink,16,84,16.8,14.73726,10.54736,2267.986,12.993,0.047
pink,16,85,17.0,14.57521,10.59037,2290.92,13.155,0.09
pink,16,86,17.2,14.44208,10.60082,2320.321,13.288,0.101
pink,16,87,17.4,14.26293,10.56129,2344.592,13.467,0.061
pink,16,88,17.6,14.09372,10.52992,2385.25,13.637,0.03
pink,16,89,17.8,13.9206,10.54592,2406.273,13.81,0.046
pink,16,90,18.0,13.77312,10.55006,2436.091,13.957,0.05
pink,16,91,18.2,13.59703,10.51461,2458.541,14.133,0.015
pink,16,92,18.4,13.4249,10.48165,2495.406,14.305,0.018
pink,16,93,18.6,13.25662,10.49232,2513.049,14.474,0.008
pink,16,94,18.8,13.09801,10.51762,2547.381,14.632,0.018
pink,16,95,19.0,12.93063,10.5085,2570.22,14.8,0.009
pink,16,96,19.2,12.75952,10.49138,2601.046,14.971,0.009
pink,16,97,19.4,12.60388,10.51176,2618.397,15.126,0.012
pink,16,98,19.6,12.45197,10.54459,2648.266,15.278,0.045
pink,16,99,19.8,12.30259,10.53844,2674.281,15.428,0.038
pink,16,100,20.0,12.11539,10.50482,2711.37,15.615,0.005
pink,16,101,20.2,11.94945,10.50349,2729.083,15.781,0.003
pink,16,102,20.4,11.77829,10.53334,2762.912,15.952,0.033
pink,16,103,20.6,11.62388,10.53448,2784.321,16.106,0.034
pink,16,104,20.8,11.45405,10.51156,2813.583,16.276,0.012
pink,16,105,21.0,11.30581,10.50981,2826.668,16.424,0.01
pink,16,106,21.2,11.13955,10.53667,2851.07,16.591,0.037
pink,16,107,21.4,10.98816,10.5483,2870.929,16.742,0.048
pink,16,108,21.6,10.81508,10.53107,2898.786,16.915,0.031
pink,16,109,21.8,10.66902,10.5227,2917.386,17.061,0.023
pink,16,110,22.0,10.50743,10.53932,2937.021,17.223,0.039
pink,16,111,22.2,10.36645,10.54233,2962.157,17.364,0.042
pink,16,112,22.4,10.19513,10.50325,2987.309,17.535,0.003
pink,16,113,22.6,10.03619,10.48009,3017.611,17.694,0.02
pink,16,114,22.8,9.88853,10.5136,3040.281,17.842,0.014
pink,16,115,23.0,9.7423,10.53719,3066.509,17.988,0.037
pink,16,116,23.2,9.56149,10.51315,3089.36,18.169,0.013
pink,16,117,23.4,9.40586,10.49563,3130.343,18.324,0.004
pink,16,118,23.6,9.24675,10.52919,3150.306,18.483,0.029
pink,16,119,23.8,9.10669,10.57419,3196.26,18.624,0.074
pink,16,120,24.0,8.95285,10.60422,3219.394,18.819,0.072
pink,16,121,24.2,8.78104,10.62844,3253.02,18.984,0.017
pink,16,122,24.4,8.64608,10.68972,3270.153,19.132,0.011
pink,16,123,24.6,8.50273,10.79032,3302.65,19.305,0.037
pink,16,124,24.8,8.34609,10.85012,3326.218,19.472,0.021
pink,16,125,25.0,8.17169,10.89561,3362.735,19.648,0.017
pink,16,126,25.2,8.04072,10.97441,3381.593,19.8,0.005
pink,16,127,25.4,7.90566,11.09056,3412.707,19.973,0.039
pink,16,128,25.6,7.75434,11.162,3436.391,20.14,0.035
pink,16,129,25.8,7.58738,11.21426,3474.889,20.313,0.007
pink,16,130,26.0,7.45966,11.29041,3492.732,20.461,0.018
pink,16,131,26.2,7.32381,11.40193,3523.424,20.633,0.057
pink,16,132,26.4,7.17478,11.46715,3547.06,20.795,0.049
pink,16,133,26.6,7.00334,11.51596,3581.909,20.97,0.016
pink,16,134,26.8,6.8712,11.59376,3600.874,21.123,0.026
pink,16,135,27.0,6.74333,11.70405,3631.621,21.287,0.068
pink,16,136,27.2,6.60342,11.77475,3654.433,21.444,0.068
pink,16,137,27.4,6.45827,11.82086,3697.007,21.594,0.045
pink,16,138,27.6,6.32718,11.8785,3712.393,21.737,0.038
pink,16,139,27.8,6.18481,11.96706,3739.959,21.904,0.053
pink,16,140,28.0,6.03691,12.02474,3761.467,22.062,0.039
pink,16,141,28.2,5.85998,12.07082,3791.38,22.241,0.001
pink,16,142,28.4,5.72908,12.13983,3807.86,22.389,0.004
pink,16,143,28.6,5.59667,12.24424,3836.058,22.554,0.038
pink,16,144,28.8,5.4514,12.30924,3858.696,22.713,0.031
pink,16,145,29.0,5.2903,12.36034,3890.005,22.88,0.005
pink,16,146,29.2,5.17658,12.43504,3909.982,23.015,0.021
pink,16,147,29.4,5.05363,12.55039,3939.164,23.177,0.069
pink,16,148,29.6,4.91752,12.62612,3961.14,23.333,0.076
pink,16,149,29.8,4.76138,12.69088,3997.996,23.501,0.064
pink,16,150,30.0,4.62375,12.7998,4020.924,23.673,0.1
pink,16,151,30.2,4.4902,12.92429,4063.663,23.848,0.152
pink,16,152,30.4,4.34488,12.98362,4086.99,24.005,0.14
pink,16,153,30.6,4.18599,13.02321,4118.915,24.164,0.104
pink,16,154,30.8,4.05107,13.084,4136.836,24.312,0.098
pink,16,155,31.0,3.92006,13.16442,4165.406,24.465,0.111
pink,16,156,31.2,3.76824,13.2046,4187.603,24.619,0.079
pink,16,157,31.4,3.70233,13.20644,4204.797,24.679,0.052
pink,16,158,31.6,3.70181,13.1374,4217.107,24.679,0.01
pink,16,159,31.8,3.7393,12.981,4253.678,24.679,0.134
pink,16,160,32.0,3.73716,12.78654,4361.357,24.679,0.308
pink,16,161,32.2,3.7574,12.56448,4471.231,24.679,0.498
pink,16,162,32.4,3.75534,12.3674,4527.303,24.679,0.675
pink,16,163,32.6,3.73842,12.19991,4580.698,24.679,0.833
pink,16,164,32.8,3.75433,12.10207,4615.388,24.679,0.913
pink,16,165,33.0,3.757,12.05607,4638.101,24.679,0.953
pink,16,166,33.2,3.72639,12.0175,4652.568,24.679,1.001
pink,16,167,33.4,3.68797,11.99016,4680.4,24.679,1.043
pink,16,168,33.6,3.61632,11.9653,4709.018,24.679,1.097
pink,16,169,33.8,3.54111,11.97814,4742.556,24.679,1.119
pink,16,170,34.0,3.47722,12.08618,4763.947,24.679,1.051
pink,16,171,34.2,3.40281,12.2385,4786.847,24.679,0.948
pink,16,172,34.4,3.36356,12.39105,4805.006,24.679,0.829
pink,16,173,34.6,3.35362,12.57946,4837.592,24.71,0.665
pink,16,174,34.8,3.29832,12.73193,4863.162,24.828,0.554
pink,16,175,35.0,3.21461,12.88062,4897.461,24.969,0.458
pink,16,176,35.2,3.16485,13.01928,4918.809,25.076,0.356
pink,16,177,35.4,3.127,13.19247,4951.144,25.187,0.218
pink,16,178,35.6,3.03764,13.31977,4975.81,25.324,0.144
pink,16,179,35.8,2.9117,13.42968,5016.213,25.486,0.102
pink,16,180,36.0,2.82621,13.52578,5034.834,25.605,0.055
pink,16,181,36.2,2.72974,13.64851,5058.198,25.747,0.012
pink,16,182,36.4,2.60886,13.72167,5086.129,25.887,0.023
pink,16,183,36.6,2.4444,13.77878,5123.833,26.06,0.001
pink,16,184,36.8,2.32084,13.85175,5137.831,26.203,0.011
pink,16,185,37.0,2.19991,13.95454,5166.891,26.357,0.049
pink,16,186,37.2,2.07273,14.01526,5189.5,26.498,0.046
pink,16,187,37.4,1.90687,14.0542,5220.085,26.664,0.007
pink,16,188,37.6,1.78157,14.10978,5233.911,26.801,0.001
pink,16,189,37.8,1.64284,14.20059,5262.226,26.966,0.02
pink,16,190,38.0,1.50105,14.26307,5284.809,27.12,0.012
pink,16,191,38.2,1.3208,14.30967,5315.49,27.302,0.027
pink,16,192,38.4,1.1828,14.36351,5334.36,27.45,0.04
pink,16,193,38.6,1.04619,14.45571,5359.361,27.613,0.019
pink,16,194,38.8,0.93678,14.52551,5385.169,27.742,0.005
pink,16,195,39.0,0.78846,14.58738,5406.034,27.903,0.016
pink,16,196,39.2,0.64812,14.6472,5440.609,28.055,0.026
pink,16,197,39.4,0.52936,14.72904,5458.974,28.198,0.006
pink,16,198,39.6,0.41028,14.82913,5487.31,28.349,0.031
pink,17,0,0.0,24.0,3.0,0.0,0.0,0.0
pink,17,1,0.2,23.99956,3.00466,17.733,0.004,0.001
pink,17,2,0.4,23.95696,3.00508,54.106,0.021,0.038
pink,17,3,0.6,23.89819,3.05341,80.946,0.088,0.073
pink,17,4,0.8,23.81302,3.1819,103.572,0.24,0.103
pink,17,5,1.0,23.72339,3.34436,130.643,0.424,0.123
pink,17,6,1.2,23.69306,3.5202,149.98,0.598,0.083
pink,17,7,1.4,23.6723,3.70339,183.762,0.775,0.032
pink,17,8,1.6,23.60056,3.88054,219.515,0.966,0.03
pink,17,9,1.8,23.53213,4.06854,248.318,1.166,0.021
pink,17,10,2.0,23.47423,4.27031,293.967,1.375,0.003
pink,17,11,2.2,23.3901,4.44562,316.984,1.569,0.007
pink,17,12,2.4,23.30954,4.61048,351.673,1.752,0.018
pink,17,13,2.6,23.27593,4.78915,373.539,1.93,0.02
pink,17,14,2.8,23.24218,4.92671,404.32,2.07,0.042
pink,17,15,3.0,23.16844,5.07474,426.154,2.235,0.03
pink,17,16,3.2,23.10082,5.17679,458.124,2.355,0.007
pink,17,17,3.4,23.01707,5.24151,474.219,2.447,0.045
pink,17,18,3.6,22.91139,5.28595,497.945,2.529,0.126
pink,17,19,3.8,22.79899,5.38875,518.38,2.667,0.19
pink,17,20,4.0,22.70333,5.49402,549.951,2.801,0.238
pink,17,21,4.2,22.63444,5.56485,572.968,2.893,0.274
pink,17,22,4.4,22.57136,5.65344,593.202,2.999,0.298
pink,17,23,4.6,22.49606,5.79977,630.854,3.163,0.311
pink,17,24,4.8,22.45103,5.90894,662.833,3.281,0.311
pink,17,25,5.0,22.41617,6.03449,684.714,3.41,0.295
pink,17,26,5.2,22.37917,6.21408,709.205,3.59,0.26
pink,17,27,5.4,22.32569,6.40358,747.368,3.786,0.236
pink,17,28,5.6,22.29261,6.57313,767.904,3.955,0.202
pink,17,29,5.8,22.26515,6.72874,806.936,4.109,0.167
pink,17,30,6.0,22.23232,6.89765,827.848,4.278,0.133
pink,17,31,6.2,22.19627,7.07376,860.974,4.454,0.098
pink,17,32,6.4,22.1844,7.25563,882.083,4.627,0.039
pink,17,33,6.6,22.16474,7.42461,914.769,4.79,0.008
pink,17,34,6.8,22.09026,7.56452,935.414,4.948,0.007
pink,17,35,7.0,22.01273,7.6826,976.428,5.087,0.033
pink,17,36,7.2,21.9301,7.81279,995.187,5.271,0.008
pink,17,37,7.4,21.8345,7.92201,1021.139,5.394,0.069
pink,17,38,7.6,21.68458,7.97437,1043.816,5.552,0.076
pink,17,39,7.8,21.54386,8.0167,1076.178,5.699,0.076
pink,17,40,8.0,21.40264,8.07369,1094.182,5.851,0.09
pink,17,41,8.2,21.25882,8.13484,1120.588,6.006,0.108
pink,17,42,8.4,21.08949,8.15672,1142.72,6.175,0.08
pink,17,43,8.6,20.92134,8.17078,1179.022,6.34,0.045
pink,17,44,8.8,20.77312,8.22014,1197.398,6.496,0.05
pink,17,45,9.0,20.61785,8.28762,1230.456,6.664,0.07
pink,17,46,9.2,20.44933,8.30661,1253.804,6.831,0.04
pink,17,47,9.4,20.27706,8.31305,1288.909,6.998,0.004
pink,17,48,9.6,20.12395,8.35527,1311.734,7.156,0.007
pink,17,49,9.8,19.97608,8.40815,1342.801,7.313,0.001
pink,17,50,10.0,19.81865,8.44245,1363.952,7.474,0.011
pink,17,51,10.2,19.65254,8.47346,1394.794,7.642,0.029
pink,17,52,10.4,19.5082,8.53453,1409.567,7.798,0.012
pink,17,53,10.6,19.36766,8.62107,1445.514,7.957,0.03
pink,17,54,10.8,19.21891,8.66514,1470.352,8.112,0.03
pink,17,55,11.0,19.04443,8.69218,1505.362,8.287,0.005
pink,17,56,11.2,18.90602,8.74556,1522.728,8.435,0.017
pink,17,57,11.4,18.75588,8.83115,1553.975,8.604,0.055
pink,17,58,11.6,18.62385,8.83618,1582.306,8.732,0.022
pink,17,59,11.8,18.43109,8.82902,1619.536,8.914,0.04
pink,17,60,12.0,18.27443,8.87589,1647.416,9.078,0.04
pink,17,61,12.2,18.13524,8.93944,1675.521,9.229,0.019
pink,17,62,12.4,17.97155,9.00004,1696.222,9.402,0.013
pink,17,63,12.6,17.81814,9.04541,1738.277,9.559,0.041
pink,17,64,12.8,17.69024,9.09145,1754.35,9.694,0.057
pink,17,65,13.0,17.56895,9.15418,1774.792,9.831,0.055
pink,17,66,13.2,17.44724,9.2219,1796.068,9.97,0.049
pink,17,67,13.4,17.29104,9.29843,1826.034,10.144,0.05
pink,17,68,13.6,17.16075,9.38658,1852.563,10.3,0.03
pink,17,69,13.8,17.03109,9.52423,1886.52,10.477,0.036
pink,17,70,14.0,16.89371,9.61923,1912.502,10.643,0.059
pink,17,71,14.2,16.71856,9.6774,1949.986,10.825,0.033
pink,17,72,14.4,16.58921,9.74033,1967.664,10.969,0.031
pink,17,73,14.6,16.45167,9.84228,1995.193,11.138,0.061
pink,17,74,14.8,16.31477,9.91414,2018.339,11.292,0.064
pink,17,75,15.0,16.13702,9.95981,2048.179,11.472,0.025
pink,17,76,15.2,15.99442,10.02142,2065.361,11.627,0.017
pink,17,77,15.4,15.85466,10.12837,2093.589,11.8,0.05
pink,17,78,15.6,15.71395,10.20397,2117.292,11.959,0.055
pink,17,79,15.8,15.53822,10.25148,2151.466,12.138,0.018
pink,17,80,16.0,15.40398,10.31228,2171.217,12.285,0.013
pink,17,81,16.2,15.26098,10.41478,2200.667,12.459,0.04
pink,17,82,16.4,15.11728,10.47392,2225.168,12.614,0.029
pink,17,83,16.6,14.94323,10.48769,2261.387,12.787,0.012
pink,17,84,16.8,14.803,10.5112,2280.952,12.927,0.011
pink,17,85,17.0,14.64234,10.55735,2302.932,13.088,0.057
pink,17,86,17.2,14.51225,10.57459,2331.211,13.218,0.075
pink,17,87,17.4,14.33921,10.54905,2354.732,13.391,0.049
pink,17,88,17.6,14.16791,10.52277,2392.054,13.562,0.023
pink,17,89,17.8,13.99961,10.53325,2409.325,13.731,0.033
pink,17,90,18.0,13.8463,10.55238,2443.701,13.884,0.052
pink,17,91,18.2,13.6902,10.54175,2465.961,14.04,0.042
pink,17,92,18.4,13.52667,10.51985,2497.484,14.204,0.02
pink,17,93,18.6,13.37906,10.52053,2511.259,14.351,0.021
pink,17,94,18.8,13.21979,10.5391,2537.619,14.51,0.039
pink,17,95,19.0,13.07152,10.51724,2562.636,14.659,0.017
pink,17,96,19.2,12.8871,10.46768,2594.835,14.843,0.032
pink,17,97,19.4,12.74701,10.46133,2614.365,14.983,0.039
pink,17,98,19.6,12.59411,10.48765,2643.373,15.136,0.012
pink,17,99,19.8,12.42385,10.48389,2665.471,15.306,0.016
pink,17,100,20.0,12.2595,10.46639,2699.06,15.471,0.034
pink,17,101,20.2,12.13022,10.49721,2719.356,15.6,0.003
pink,17,102,20.4,11.98464,10.54333,2746.125,15.746,0.043
pink,17,103,20.6,11.82768,10.54041,2770.146,15.903,0.04
pink,17,104,20.8,11.64887,10.50671,2813.737,16.081,0.007
pink,17,105,21.0,11.49335,10.51443,2833.353,16.237,0.014
pink,17,106,21.2,11.32982,10.54463,2864.132,16.4,0.045
pink,17,107,21.4,11.17436,10.53636,2888.843,16.556,0.036
pink,17,108,21.6,10.98655,10.49889,2925.593,16.744,0.001
pink,17,109,21.8,10.82119,10.49581,2943.652,16.909,0.004
pink,17,110,22.0,10.64846,10.52601,2977.204,17.082,0.026
pink,17,111,22.2,10.48785,10.5249,2998.688,17.242,0.025
pink,17,112,22.4,10.31065,10.49873,3027.692,17.42,0.001
pink,17,113,22.6,10.15991,10.50211,3042.946,17.57,0.002
pink,17,114,22.8,9.99914,10.53188,3070.49,17.731,0.032
pink,17,115,23.0,9.85769,10.5268,3095.659,17.873,0.027
pink,17,116,23.2,9.66619,10.48442,3130.168,18.064,0.016
pink,17,117,23.4,9.50311,10.47239,3153.946,18.227,0.028
pink,17,118,23.6,9.33305,10.5089,3183.557,18.397,0.009
pink,17,119,23.8,9.20494,10.52859,3207.748,18.525,0.029
pink,17,120,24.0,9.09218,10.53562,3223.186,18.638,0.036
pink,17,121,24.2,8.98058,10.59005,3254.036,18.788,0.072
pink,17,122,24.4,8.88404,10.59799,3311.578,18.878,0.036
pink,17,123,24.6,8.78718,10.59095,3353.137,18.961,0.014
pink,17,124,24.8,8.67319,10.58994,3367.184,19.063,0.066
pink,17,125,25.0,8.55595,10.61724,3399.02,19.18,0.094
pink,17,126,25.2,8.37215,10.67051,3426.922,19.368,0.128
pink,17,127,25.4,8.22099,10.74319,3459.824,19.536,0.131
pink,17,128,25.6,8.09546,10.87259,3484.857,19.706,0.071
pink,17,129,25.8,7.98679,10.96825,3516.436,19.846,0.034
pink,17,130,26.0,7.82856,11.04892,3538.033,20.023,0.033
pink,17,131,26.2,7.67591,11.12523,3576.556,20.194,0.033
pink,17,132,26.4,7.54172,11.23095,3594.294,20.361,0.002
pink,17,133,26.6,7.41262,11.32788,3627.759,20.52,0.031
pink,17,134,26.8,7.24286,11.38606,3650.177,20.698,0.007
pink,17,135,27.0,7.12769,11.4652,3701.545,20.837,0.026
pink,17,136,27.2,7.10004,11.6178,3743.424,20.929,0.15
pink,17,137,27.4,7.03963,11.82297,3806.861,21.075,0.307
pink,17,138,27.6,6.92608,11.93626,3843.381,21.228,0.357
pink,17,139,27.8,6.81525,12.00022,3895.273,21.355,0.365
pink,17,140,28.0,6.69776,12.04276,3920.096,21.479,0.35
pink,17,141,28.2,6.53207,12.09052,3940.5,21.649,0.319
pink,17,142,28.4,6.39773,12.12843,3971.877,21.786,0.293
pink,17,143,28.6,6.23634,12.1364,3992.333,21.934,0.228
pink,17,144,28.8,6.08577,12.14758,4020.86,22.074,0.17
pink,17,145,29.0,5.9367,12.18947,4037.415,22.226,0.141
pink,17,146,29.2,5.78086,12.24883,4067.895,22.392,0.125
pink,17,147,29.4,5.60895,12.27477,4090.351,22.557,0.071
pink,17,148,29.6,5.43453,12.30149,4122.719,22.725,0.017
pink,17,149,29.8,5.29024,12.38107,4142.879,22.89,0.023
pink,17,150,30.0,5.15854,12.46953,4179.854,23.047,0.044
pink,17,151,30.2,5.05758,12.49366,4200.418,23.148,0.02
pink,17,152,30.4,4.96008,12.51067,4221.195,23.243,0.008
pink,17,153,30.6,4.83424,12.46601,4294.907,23.335,0.105
pink,17,154,30.8,4.7637,12.41574,4489.848,23.376,0.181
pink,17,155,31.0,4.80998,12.33467,4655.314,23.376,0.233
pink,17,156,31.2,4.81983,12.22667,4763.406,23.376,0.325
pink,17,157,31.4,4.76463,12.09121,4940.144,23.376,0.471
pink,18,0,0.0,24.0,3.0,0.0,0.0,0.0
pink,18,1,0.2,23.99956,3.00466,17.733,0.004,0.001
pink,18,2,0.4,23.95696,3.00508,54.106,0.021,0.038
pink,18,3,0.6,23.89819,3.05341,80.946,0.088,0.073
pink,18,4,0.8,23.81302,3.1819,103.572,0.24,0.103
pink,18,5,1.0,23.72339,3.34436,130.643,0.424,0.123
pink,18,6,1.2,23.69306,3.5202,149.98,0.598,0.083
pink,18,7,1.4,23.6723,3.70339,183.762,0.775,0.032
pink,18,8,1.6,23.60056,3.88054,219.515,0.966,0.03
pink,18,9,1.8,23.53213,4.06854,248.318,1.166,0.021
pink,18,10,2.0,23.47423,4.27031,293.967,1.375,0.003
pink,18,11,2.2,23.3901,4.44562,316.984,1.569,0.007
pink,18,12,2.4,23.30954,4.61048,351.673,1.752,0.018
pink,18,13,2.6,23.27592,4.78915,373.536,1.93,0.02
pink,18,14,2.8,23.24214,4.92708,404.42,2.07,0.042
pink,18,15,3.0,23.1684,5.0756,426.18,2.236,0.031
pink,18,16,3.2,23.09972,5.17807,454.72,2.357,0.007
pink,18,17,3.4,23.0154,5.24422,470.309,2.45,0.046
pink,18,18,3.6,22.909,5.28897,494.704,2.533,0.127
pink,18,19,3.8,22.79899,5.38836,514.269,2.667,0.19
pink,18,20,4.0,22.70258,5.49494,551.118,2.802,0.238
pink,18,21,4.2,22.63849,5.57474,578.167,2.9,0.266
pink,18,22,4.4,22.58363,5.67143,603.317,3.011,0.28
pink,18,23,4.6,22.50695,5.84584,636.208,3.201,0.284
pink,18,24,4.8,22.49036,6.00193,671.936,3.352,0.239
pink,18,25,5.0,22.5042,6.16674,701.899,3.498,0.163
pink,18,26,5.2,22.48054,6.33198,725.078,3.66,0.121
pink,18,27,5.4,22.41647,6.5083,760.584,3.847,0.112
pink,18,28,5.6,22.36794,6.67848,786.705,4.023,0.092
pink,18,29,5.8,22.32509,6.84958,821.819,4.198,0.065
pink,18,30,6.0,22.27339,7.0175,840.552,4.373,0.049
pink,18,31,6.2,22.22285,7.18798,875.236,4.549,0.03
pink,18,32,6.4,22.20104,7.37322,898.429,4.729,0.021
pink,18,33,6.6,22.1677,7.53826,931.226,4.894,0.054
pink,18,34,6.8,22.0778,7.66511,953.81,5.046,0.02
pink,18,35,7.0,21.99258,7.76711,996.805,5.172,0.02
pink,18,36,7.2,21.89135,7.88759,1018.182,5.329,0.053
pink,18,37,7.4,21.77701,7.98807,1047.083,5.468,0.116
pink,18,38,7.6,21.61432,8.0222,1070.523,5.633,0.102
pink,18,39,7.8,21.46404,8.05269,1101.681,5.786,0.088
pink,18,40,8.0,21.31586,8.10865,1120.265,5.944,0.099
pink,18,41,8.2,21.16737,8.15739,1151.357,6.1,0.103
pink,18,42,8.4,20.98443,8.16104,1174.884,6.276,0.054
pink,18,43,8.6,20.82479,8.17427,1204.86,6.433,0.021
pink,18,44,8.8,20.66967,8.23237,1223.816,6.598,0.032
pink,18,45,9.0,20.52094,8.28644,1253.423,6.756,0.041
pink,18,46,9.2,20.34162,8.30097,1276.685,6.932,0.003
pink,18,47,9.4,20.17896,8.32042,1308.237,7.094,0.025
pink,18,48,9.6,20.02308,8.3756,1328.475,7.259,0.017
pink,18,49,9.8,19.87869,8.42929,1358.03,7.413,0.007
pink,18,50,10.0,19.71175,8.46543,1377.262,7.583,0.02
pink,18,51,10.2,19.561,8.50462,1404.772,7.739,0.026
pink,18,52,10.4,19.4163,8.58112,1423.965,7.899,0.006
pink,18,53,10.6,19.28213,8.65779,1457.483,8.05,0.041
pink,18,54,10.8,19.11231,8.68862,1481.514,8.221,0.021
pink,18,55,11.0,18.95226,8.71323,1519.353,8.382,0.001
pink,18,56,11.2,18.8089,8.77551,1538.157,8.537,0.017
pink,18,57,11.4,18.66229,8.84839,1571.258,8.698,0.045
pink,18,58,11.6,18.49554,8.87319,1594.841,8.865,0.021
pink,18,59,11.8,18.31802,8.89775,1626.868,9.042,0.007
pink,18,60,12.0,18.17449,8.9818,1647.85,9.204,0.033
pink,18,61,12.2,18.04898,9.06294,1682.349,9.347,0.074
pink,18,62,12.4,17.89115,9.1137,1700.812,9.524,0.053
pink,18,63,12.6,17.74358,9.17214,1731.534,9.682,0.039
pink,18,64,12.8,17.59978,9.28142,1755.816,9.86,0.073
pink,18,65,13.0,17.47177,9.36704,1786.452,10.013,0.092
pink,18,66,13.2,17.30049,9.41636,1807.859,10.188,0.06
pink,18,67,13.4,17.14347,9.46163,1844.605,10.349,0.03
pink,18,68,13.6,17.00056,9.54701,1863.392,10.515,0.042
pink,18,69,13.8,16.87253,9.63331,1899.778,10.668,0.062
pink,18,70,14.0,16.71241,9.68494,1924.461,10.834,0.037
pink,18,71,14.2,16.54458,9.73592,1957.546,11.007,0.007
pink,18,72,14.4,16.40878,9.82458,1976.857,11.168,0.026
pink,18,73,14.6,16.27127,9.93269,2006.724,11.339,0.061
pink,18,74,14.8,16.11102,9.98854,2029.636,11.508,0.039
pink,18,75,15.0,15.94764,10.03995,2063.831,11.677,0.012
pink,18,76,15.2,15.81242,10.13298,2083.897,11.839,0.035
pink,18,77,15.4,15.67433,10.24296,2115.222,12.012,0.072
pink,18,78,15.6,15.51071,10.30077,2137.378,12.184,0.05
pink,18,79,15.8,15.35497,10.34562,2176.807,12.344,0.021
pink,18,80,16.0,15.21564,10.41732,2195.392,12.5,0.022
pink,18,81,16.2,15.06672,10.49824,2223.983,12.67,0.028
pink,18,82,16.4,14.90211,10.51269,2246.784,12.828,0.013
pink,18,83,16.6,14.75237,10.52328,2301.84,12.978,0.023
pink,18,84,16.8,14.6066,10.56979,2326.711,13.124,0.07
pink,18,85,17.0,14.45133,10.60744,2354.826,13.279,0.107
pink,18,86,17.2,14.28075,10.58268,2378.604,13.449,0.083
pink,18,87,17.4,14.11594,10.54384,2423.957,13.614,0.044
pink,18,88,17.6,13.95926,10.54767,2442.386,13.771,0.048
pink,18,89,17.8,13.8054,10.55885,2469.911,13.925,0.059
pink,18,90,18.0,13.64728,10.52683,2496.552,14.083,0.027
pink,18,91,18.2,13.47506,10.48338,2534.455,14.255,0.017
pink,18,92,18.4,13.34013,10.49407,2554.885,14.39,0.006
pink,18,93,18.6,13.18342,10.53054,2584.561,14.547,0.031
pink,18,94,18.8,13.01486,10.5196,2609.313,14.715,0.02
pink,18,95,19.0,12.8378,10.48377,2647.19,14.892,0.016
pink,18,96,19.2,12.69516,10.50742,2668.084,15.035,0.007
pink,18,97,19.4,12.54294,10.55779,2700.517,15.187,0.058
pink,18,98,19.6,12.39055,10.56093,2724.641,15.34,0.061
pink,18,99,19.8,12.21015,10.52927,2764.927,15.52,0.029
pink,18,100,20.0,12.04669,10.53482,2785.553,15.684,0.035
pink,18,101,20.2,11.88027,10.5644,2816.763,15.85,0.064
pink,18,102,20.4,11.72282,10.55327,2841.461,16.007,0.053
pink,18,103,20.6,11.535,10.51069,2879.328,16.195,0.011
pink,18,104,20.8,11.36858,10.50516,2897.475,16.362,0.005
pink,18,105,21.0,11.19524,10.53309,2930.699,16.535,0.033
pink,18,106,21.2,11.03529,10.53219,2951.752,16.695,0.032
pink,18,107,21.4,10.86045,10.50705,2979.547,16.87,0.007
pink,18,108,21.6,10.71223,10.51006,2995.79,17.018,0.01
pink,18,109,21.8,10.5506,10.53967,3023.268,17.18,0.04
pink,18,110,22.0,10.40848,10.53807,3047.714,17.322,0.038
pink,18,111,22.2,10.21997,10.50144,3081.738,17.51,0.001
pink,18,112,22.4,10.05357,10.48717,3103.55,17.677,0.013
pink,18,113,22.6,9.87871,10.51424,3131.818,17.852,0.014
pink,18,114,22.8,9.7224,10.52318,3155.913,18.008,0.023
pink,18,115,23.0,9.54342,10.49803,3183.427,18.187,0.002
pink,18,116,23.2,9.39298,10.49755,3199.994,18.337,0.002
pink,18,117,23.4,9.23029,10.54267,3222.205,18.5,0.043
pink,18,118,23.6,9.08286,10.5886,3250.692,18.647,0.089
pink,18,119,23.8,8.90755,10.6143,3270.002,18.864,0.061
pink,18,120,24.0,8.75129,10.64623,3297.671,19.018,0.02
pink,18,121,24.2,8.60762,10.7233,3315.482,19.181,0.024
pink,18,122,24.4,8.47222,10.81387,3347.902,19.343,0.045
pink,18,123,24.6,8.31416,10.87264,3370.046,19.51,0.027
pink,18,124,24.8,8.15184,10.92675,3402.514,19.68,0.002
pink,18,125,25.0,8.01912,11.0165,3421.48,19.839,0.023
pink,18,126,25.2,7.88294,11.1268,3451.983,20.01,0.061
pink,18,127,25.4,7.72333,11.18356,3474.652,20.178,0.04
pink,18,128,25.6,7.55745,11.23495,3507.01,20.349,0.012
pink,18,129,25.8,7.42125,11.33265,3528.467,20.515,0.039
pink,18,130,26.0,7.28453,11.44544,3562.518,20.687,0.078
pink,18,131,26.2,7.11795,11.50658,3584.653,20.864,0.059
pink,18,132,26.4,6.96355,11.55505,3625.877,21.024,0.033
pink,18,133,26.6,6.83522,11.63352,3645.135,21.173,0.046
pink,18,134,26.8,6.71372,11.73018,3674.335,21.325,0.078
pink,18,135,27.0,6.56487,11.7876,3694.65,21.484,0.063
pink,18,136,27.2,6.42402,11.84104,3734.675,21.634,0.047
pink,18,137,27.4,6.28867,11.94201,3754.573,21.8,0.077
pink,18,138,27.6,6.14668,12.0558,3790.691,21.978,0.116
pink,18,139,27.8,5.97394,12.11016,3813.018,22.157,0.087
pink,18,140,28.0,5.81753,12.1481,3844.918,22.314,0.051
pink,18,141,28.2,5.68029,12.21288,3861.232,22.465,0.047
pink,18,142,28.4,5.55051,12.27771,3887.415,22.611,0.047
pink,18,143,28.6,5.40212,12.30275,3912.918,22.754,0.003
pink,18,144,28.8,5.22421,12.34182,3945.499,22.931,0.041
pink,18,145,29.0,5.0892,12.42068,3966.302,23.087,0.031
pink,18,146,29.2,4.96099,12.50858,4000.701,23.241,0.01
pink,18,147,29.4,4.78908,12.57336,4025.257,23.424,0.029
pink,18,148,29.6,4.65697,12.63539,4065.381,23.57,0.032
pink,18,149,29.8,4.54234,12.74156,4092.792,23.72,0.011
pink,18,150,30.0,4.43356,12.81728,4119.45,23.851,0.03
pink,18,151,30.2,4.2972,12.87894,4152.738,24.0,0.025
pink,18,152,30.4,4.21953,12.97197,4194.377,24.112,0.073
pink,18,153,30.6,4.168,13.14318,4240.847,24.234,0.203
pink,18,154,30.8,4.07085,13.31478,4283.875,24.398,0.313
pink,18,155,31.0,3.95846,13.45886,4349.673,24.563,0.392
pink,18,156,31.2,3.84417,13.61897,4397.89,24.737,0.484
pink,18,157,31.4,3.74071,13.71295,4426.648,24.871,0.522
pink,18,158,31.6,3.64569,13.70482,4449.766,24.953,0.472
pink,18,159,31.8,3.58776,13.72451,4488.514,25.013,0.464
pink,18,160,32.0,3.57073,13.80488,4547.104,25.064,0.528
pink,18,161,32.2,3.45312,13.87979,4591.917,25.203,0.542
pink,18,162,32.4,3.43094,13.97307,4711.458,25.265,0.616
pink,18,163,32.6,3.42847,13.96558,4916.969,25.265,0.608
pink,18,164,32.8,3.45838,13.93915,5058.031,25.265,0.598
pink,19,0,0.0,24.0,3.0,0.0,0.0,0.0
pink,19,1,0.2,23.99956,3.00466,17.733,0.004,0.001
pink,19,2,0.4,23.95696,3.00508,54.106,0.021,0.038
pink,19,3,0.6,23.89819,3.05341,80.946,0.088,0.073
pink,19,4,0.8,23.81302,3.1819,103.572,0.24,0.103
pink,19,5,1.0,23.72339,3.34436,130.643,0.424,0.123
pink,19,6,1.2,23.69306,3.5202,149.98,0.598,0.083
pink,19,7,1.4,23.6723,3.70339,183.762,0.775,0.032
pink,19,8,1.6,23.60056,3.88054,219.515,0.966,0.03
pink,19,9,1.8,23.53213,4.06854,248.318,1.166,0.021
pink,19,10,2.0,23.47423,4.27031,293.967,1.375,0.003
pink,19,11,2.2,23.3901,4.44562,316.984,1.569,0.007
pink,19,12,2.4,23.30954,4.61048,351.673,1.752,0.018
pink,19,13,2.6,23.27592,4.78915,373.536,1.93,0.02
pink,19,14,2.8,23.24214,4.92708,404.42,2.07,0.042
pink,19,15,3.0,23.1684,5.0756,426.18,2.236,0.031
pink,19,16,3.2,23.09972,5.17807,454.72,2.357,0.007
pink,19,17,3.4,23.0154,5.24422,470.309,2.45,0.046
pink,19,18,3.6,22.909,5.28897,494.704,2.533,0.127
pink,19,19,3.8,22.79899,5.38836,514.269,2.667,0.19
pink,19,20,4.0,22.70258,5.49494,551.118,2.802,0.238
pink,19,21,4.2,22.63849,5.57474,578.167,2.9,0.266
pink,19,22,4.4,22.58363,5.67143,603.317,3.011,0.28
pink,19,23,4.6,22.50695,5.84584,636.208,3.201,0.284
pink,19,24,4.8,22.49036,6.00193,671.936,3.352,0.239
pink,19,25,5.0,22.5042,6.16674,701.899,3.498,0.163
pink,19,26,5.2,22.48054,6.33198,725.078,3.66,0.121
pink,19,27,5.4,22.41647,6.5083,760.584,3.847,0.112
pink,19,28,5.6,22.36794,6.67848,786.705,4.023,0.092
pink,19,29,5.8,22.32509,6.84958,821.819,4.198,0.065
pink,19,30,6.0,22.27339,7.0175,840.552,4.373,0.049
pink,19,31,6.2,22.22285,7.18798,875.236,4.549,0.03
pink,19,32,6.4,22.20104,7.37322,898.429,4.729,0.021
pink,19,33,6.6,22.1677,7.53826,931.226,4.894,0.054
pink,19,34,6.8,22.0778,7.66511,953.81,5.046,0.02
pink,19,35,7.0,21.99258,7.76711,996.805,5.172,0.02
pink,19,36,7.2,21.89135,7.88759,1018.182,5.329,0.053
pink,19,37,7.4,21.77701,7.98807,1047.083,5.468,0.116
pink,19,38,7.6,21.61432,8.0222,1070.523,5.633,0.102
pink,19,39,7.8,21.46404,8.05269,1101.681,5.786,0.088
pink,19,40,8.0,21.31586,8.10865,1120.265,5.944,0.099
pink,19,41,8.2,21.16737,8.15739,1151.357,6.1,0.103
pink,19,42,8.4,20.98443,8.16104,1174.884,6.276,0.054
pink,19,43,8.6,20.82479,8.17427,1204.86,6.433,0.021
pink,19,44,8.8,20.66967,8.23237,1223.816,6.598,0.032
pink,19,45,9.0,20.52094,8.28644,1253.423,6.756,0.041
pink,19,46,9.2,20.34162,8.30097,1276.685,6.932,0.003
pink,19,47,9.4,20.17896,8.32042,1308.237,7.094,0.025
pink,19,48,9.6,20.02308,8.3756,1328.475,7.259,0.017
pink,19,49,9.8,19.87869,8.42929,1358.03,7.413,0.007
pink,19,50,10.0,19.71175,8.46543,1377.262,7.583,0.02
pink,19,51,10.2,19.561,8.50462,1404.772,7.739,0.026
pink,19,52,10.4,19.4163,8.58112,1423.965,7.899,0.006
pink,19,53,10.6,19.28213,8.65779,1457.483,8.05,0.041
pink,19,54,10.8,19.11231,8.68862,1481.514,8.221,0.021
pink,19,55,11.0,18.95226,8.71323,1519.353,8.382,0.001
pink,19,56,11.2,18.8089,8.77551,1538.157,8.537,0.017
pink,19,57,11.4,18.66229,8.84839,1571.258,8.698,0.045
pink,19,58,11.6,18.49554,8.87319,1594.841,8.865,0.021
pink,19,59,11.8,18.31802,8.89775,1626.868,9.042,0.007
pink,19,60,12.0,18.17449,8.9818,1647.85,9.204,0.033
pink,19,61,12.2,18.04898,9.06294,1682.349,9.347,0.074
pink,19,62,12.4,17.89115,9.1137,1700.812,9.524,0.053
pink,19,63,12.6,17.74358,9.17214,1731.534,9.682,0.039
pink,19,64,12.8,17.59978,9.28142,1755.816,9.86,0.073
pink,19,65,13.0,17.47177,9.36704,1786.452,10.013,0.092
pink,19,66,13.2,17.30049,9.41636,1807.859,10.188,0.06
pink,19,67,13.4,17.14347,9.46163,1844.605,10.349,0.03
pink,19,68,13.6,17.00056,9.54701,1863.392,10.515,0.042
pink,19,69,13.8,16.87253,9.63331,1899.778,10.668,0.062
pink,19,70,14.0,16.71241,9.68494,1924.461,10.834,0.037
pink,19,71,14.2,16.54458,9.73592,1957.546,11.007,0.007
pink,19,72,14.4,16.40878,9.82458,1976.857,11.168,0.026
pink,19,73,14.6,16.27127,9.93269,2006.724,11.339,0.061
pink,19,74,14.8,16.11102,9.98854,2029.636,11.508,0.039
pink,19,75,15.0,15.94764,10.03995,2063.831,11.677,0.012
pink,19,76,15.2,15.81242,10.13298,2083.897,11.839,0.035
pink,19,77,15.4,15.67433,10.24296,2115.222,12.012,0.072
pink,19,78,15.6,15.51071,10.30077,2137.378,12.184,0.05
pink,19,79,15.8,15.35497,10.34562,2176.807,12.344,0.021
pink,19,80,16.0,15.21564,10.41732,2195.392,12.5,0.022
pink,19,81,16.2,15.06672,10.49824,2223.983,12.67,0.028
pink,19,82,16.4,14.90211,10.51269,2246.784,12.828,0.013
pink,19,83,16.6,14.75237,10.52328,2301.84,12.978,0.023
pink,19,84,16.8,14.6066,10.56979,2326.711,13.124,0.07
pink,19,85,17.0,14.45133,10.60744,2354.826,13.279,0.107
pink,19,86,17.2,14.28075,10.58268,2378.604,13.449,0.083
pink,19,87,17.4,14.11594,10.54384,2423.957,13.614,0.044
pink,19,88,17.6,13.95926,10.54767,2442.386,13.771,0.048
pink,19,89,17.8,13.8054,10.55885,2469.911,13.925,0.059
pink,19,90,18.0,13.64728,10.52683,2496.552,14.083,0.027
pink,19,91,18.2,13.47506,10.48338,2534.455,14.255,0.017
pink,19,92,18.4,13.34013,10.49407,2554.885,14.39,0.006
pink,19,93,18.6,13.18342,10.53054,2584.561,14.547,0.031
pink,19,94,18.8,13.01486,10.5196,2609.313,14.715,0.02
pink,19,95,19.0,12.8378,10.48377,2647.19,14.892,0.016
pink,19,96,19.2,12.69516,10.50742,2668.084,15.035,0.007
pink,19,97,19.4,12.54294,10.55779,2700.517,15.187,0.058
pink,19,98,19.6,12.39055,10.56093,2724.641,15.34,0.061
pink,19,99,19.8,12.21015,10.52927,2764.927,15.52,0.029
pink,19,100,20.0,12.04669,10.53482,2785.553,15.684,0.035
pink,19,101,20.2,11.88027,10.5644,2816.763,15.85,0.064
pink,19,102,20.4,11.72282,10.55327,2841.461,16.007,0.053
pink,19,103,20.6,11.535,10.51069,2879.328,16.195,0.011
pink,19,104,20.8,11.36858,10.50516,2897.475,16.362,0.005
pink,19,105,21.0,11.19524,10.53309,2930.699,16.535,0.033
pink,19,106,21.2,11.03529,10.53219,2951.752,16.695,0.032
pink,19,107,21.4,10.86045,10.50705,2979.547,16.87,0.007
pink,19,108,21.6,10.71223,10.51006,2995.79,17.018,0.01
pink,19,109,21.8,10.5506,10.53967,3023.268,17.18,0.04
pink,19,110,22.0,10.40848,10.53807,3047.714,17.322,0.038
pink,19,111,22.2,10.21997,10.50144,3081.738,17.51,0.001
pink,19,112,22.4,10.05357,10.48717,3103.55,17.677,0.013
pink,19,113,22.6,9.87871,10.51424,3131.818,17.852,0.014
pink,19,114,22.8,9.7224,10.52318,3155.913,18.008,0.023
pink,19,115,23.0,9.54342,10.49803,3183.427,18.187,0.002
pink,19,116,23.2,9.39298,10.49755,3199.994,18.337,0.002
pink,19,117,23.4,9.23029,10.54267,3222.205,18.5,0.043
pink,19,118,23.6,9.08286,10.5886,3250.692,18.647,0.089
pink,19,119,23.8,8.90755,10.6143,3270.002,18.864,0.061
pink,19,120,24.0,8.75129,10.64623,3297.671,19.018,0.02
pink,19,121,24.2,8.60762,10.7233,3315.482,19.181,0.024
pink,19,122,24.4,8.47222,10.81387,3347.902,19.343,0.045
pink,19,123,24.6,8.31416,10.87264,3370.046,19.51,0.027
pink,19,124,24.8,8.15184,10.92675,3402.514,19.68,0.002
pink,19,125,25.0,8.01912,11.0165,3421.48,19.839,0.023
pink,19,126,25.2,7.88294,11.1268,3451.983,20.01,0.061
pink,19,127,25.4,7.72333,11.18356,3474.652,20.178,0.04
pink,19,128,25.6,7.55745,11.23495,3507.01,20.349,0.012
pink,19,129,25.8,7.42125,11.33265,3528.467,20.515,0.039
pink,19,130,26.0,7.28453,11.44544,3562.518,20.687,0.078
pink,19,131,26.2,7.11795,11.50658,3584.653,20.864,0.059
pink,19,132,26.4,6.96355,11.55505,3625.877,21.024,0.033
pink,19,133,26.6,6.83522,11.63352,3645.135,21.173,0.046
pink,19,134,26.8,6.71372,11.73018,3674.335,21.325,0.078
pink,19,135,27.0,6.56487,11.7876,3694.65,21.484,0.063
pink,19,136,27.2,6.42402,11.84104,3734.675,21.634,0.047
pink,19,137,27.4,6.28867,11.94201,3754.573,21.8,0.077
pink,19,138,27.6,6.14668,12.0558,3790.691,21.978,0.116
pink,19,139,27.8,5.97394,12.11016,3813.018,22.157,0.087
pink,19,140,28.0,5.81753,12.1481,3844.918,22.314,0.051
pink,19,141,28.2,5.68029,12.21288,3861.232,22.465,0.047
pink,19,142,28.4,5.55051,12.27771,3887.415,22.611,0.047
pink,19,143,28.6,5.40212,12.30275,3912.918,22.754,0.003
pink,19,144,28.8,5.22421,12.34182,3945.499,22.931,0.041
pink,19,145,29.0,5.0892,12.42068,3966.302,23.087,0.031
pink,19,146,29.2,4.96099,12.50858,4000.701,23.241,0.01
pink,19,147,29.4,4.78908,12.57336,4025.257,23.424,0.029
pink,19,148,29.6,4.65697,12.63539,4065.381,23.57,0.032
pink,19,149,29.8,4.54234,12.74156,4092.792,23.72,0.011
pink,19,150,30.0,4.43356,12.81728,4119.45,23.851,0.03
pink,19,151,30.2,4.2972,12.87894,4152.738,24.0,0.025
pink,19,152,30.4,4.21953,12.97197,4194.377,24.112,0.073
pink,19,153,30.6,4.168,13.14318,4240.847,24.234,0.203
pink,19,154,30.8,4.07085,13.31478,4283.875,24.398,0.313
pink,19,155,31.0,3.95846,13.45886,4349.673,24.563,0.392
pink,19,156,31.2,3.84417,13.61897,4397.89,24.737,0.484
pink,19,157,31.4,3.74071,13.71295,4426.648,24.871,0.522
pink,19,158,31.6,3.64569,13.70482,4449.766,24.953,0.472
pink,19,159,31.8,3.58776,13.72451,4488.514,25.013,0.464
pink,19,160,32.0,3.57073,13.80488,4547.104,25.064,0.528
pink,19,161,32.2,3.45312,13.87979,4591.917,25.203,0.542
pink,19,162,32.4,3.43094,13.97307,4711.458,25.265,0.616
pink,19,163,32.6,3.42847,13.96558,4916.969,25.265,0.608
pink,19,164,32.8,3.45838,13.93915,5058.031,25.265,0.598
pink,20,0,0.0,24.0,3.0,0.0,0.0,0.0
pink,20,1,0.2,23.99956,3.00466,17.733,0.004,0.001
pink,20,2,0.4,23.95696,3.00508,54.106,0.021,0.038
pink,20,3,0.6,23.89819,3.05341,80.946,0.088,0.073
pink,20,4,0.8,23.81302,3.1819,103.572,0.24,0.103
pink,20,5,1.0,23.72339,3.34436,130.643,0.424,0.123
pink,20,6,1.2,23.69306,3.5202,149.98,0.598,0.083
pink,20,7,1.4,23.6723,3.70339,183.762,0.775,0.032
pink,20,8,1.6,23.60056,3.88054,219.515,0.966,0.03
pink,20,9,1.8,23.53213,4.06854,248.318,1.166,0.021
pink,20,10,2.0,23.47423,4.27031,293.967,1.375,0.003
pink,20,11,2.2,23.3901,4.44562,316.984,1.569,0.007
pink,20,12,2.4,23.30954,4.61048,351.673,1.752,0.018
pink,20,13,2.6,23.27593,4.78915,373.539,1.93,0.02
pink,20,14,2.8,23.24218,4.92671,404.32,2.07,0.042
pink,20,15,3.0,23.16844,5.07474,426.154,2.235,0.03
pink,20,16,3.2,23.10082,5.17679,458.124,2.355,0.007
pink,20,17,3.4,23.01707,5.24151,474.219,2.447,0.045
pink,20,18,3.6,22.91139,5.28595,497.945,2.529,0.126
pink,20,19,3.8,22.79899,5.38875,518.38,2.667,0.19
pink,20,20,4.0,22.70333,5.49402,549.951,2.801,0.238
pink,20,21,4.2,22.63444,5.56485,572.968,2.893,0.274
pink,20,22,4.4,22.57136,5.65344,593.202,2.999,0.298
pink,20,23,4.6,22.49606,5.79977,630.854,3.163,0.311
pink,20,24,4.8,22.45103,5.90894,662.833,3.281,0.311
pink,20,25,5.0,22.41617,6.03449,684.714,3.41,0.295
pink,20,26,5.2,22.37917,6.21408,709.205,3.59,0.26
pink,20,27,5.4,22.32569,6.40358,747.368,3.786,0.236
pink,20,28,5.6,22.29261,6.57313,767.904,3.955,0.202
pink,20,29,5.8,22.26515,6.72874,806.936,4.109,0.167
pink,20,30,6.0,22.23232,6.89765,827.848,4.278,0.133
pink,20,31,6.2,22.19627,7.07376,860.974,4.454,0.098
pink,20,32,6.4,22.1844,7.25563,882.083,4.627,0.039
pink,20,33,6.6,22.16474,7.42461,914.769,4.79,0.008
pink,20,34,6.8,22.09026,7.56452,935.414,4.948,0.007
pink,20,35,7.0,22.01273,7.6826,976.428,5.087,0.033
pink,20,36,7.2,21.9301,7.81279,995.187,5.271,0.008
pink,20,37,7.4,21.8345,7.92201,1021.139,5.394,0.069
pink,20,38,7.6,21.68458,7.97437,1043.816,5.552,0.076
pink,20,39,7.8,21.54386,8.0167,1076.178,5.699,0.076
pink,20,40,8.0,21.40264,8.07369,1094.182,5.851,0.09
pink,20,41,8.2,21.25882,8.13484,1120.588,6.006,0.108
pink,20,42,8.4,21.08949,8.15672,1142.72,6.175,0.08
pink,20,43,8.6,20.92134,8.17078,1179.022,6.34,0.045
pink,20,44,8.8,20.77312,8.22014,1197.398,6.496,0.05
pink,20,45,9.0,20.61785,8.28762,1230.456,6.664,0.07
pink,20,46,9.2,20.44933,8.30661,1253.804,6.831,0.04
pink,20,47,9.4,20.27706,8.31305,1288.909,6.998,0.004
pink,20,48,9.6,20.12395,8.35527,1311.734,7.156,0.007
pink,20,49,9.8,19.97608,8.40815,1342.801,7.313,0.001
pink,20,50,10.0,19.81865,8.44245,1363.952,7.474,0.011
pink,20,51,10.2,19.65254,8.47346,1394.794,7.642,0.029
pink,20,52,10.4,19.5082,8.53453,1409.567,7.798,0.012
pink,20,53,10.6,19.36766,8.62107,1445.514,7.957,0.03
pink,20,54,10.8,19.21891,8.66514,1470.352,8.112,0.03
pink,20,55,11.0,19.04443,8.69218,1505.362,8.287,0.005
pink,20,56,11.2,18.90602,8.74556,1522.728,8.435,0.017
pink,20,57,11.4,18.75588,8.83115,1553.975,8.604,0.055
pink,20,58,11.6,18.62385,8.83618,1582.306,8.732,0.022
pink,20,59,11.8,18.43109,8.82902,1619.536,8.914,0.04
pink,20,60,12.0,18.27443,8.87589,1647.416,9.078,0.04
pink,20,61,12.2,18.13524,8.93944,1675.521,9.229,0.019
pink,20,62,12.4,17.97155,9.00004,1696.222,9.402,0.013
pink,20,63,12.6,17.81814,9.04541,1738.277,9.559,0.041
pink,20,64,12.8,17.69024,9.09145,1754.35,9.694,0.057
pink,20,65,13.0,17.56895,9.15418,1774.792,9.831,0.055
pink,20,66,13.2,17.44724,9.2219,1796.068,9.97,0.049
pink,20,67,13.4,17.29104,9.29843,1826.034,10.144,0.05
pink,20,68,13.6,17.16075,9.38658,1852.563,10.3,0.03
pink,20,69,13.8,17.03109,9.52423,1886.52,10.477,0.036
pink,20,70,14.0,16.89371,9.61923,1912.502,10.643,0.059
pink,20,71,14.2,16.71856,9.6774,1949.986,10.825,0.033
pink,20,72,14.4,16.58921,9.74033,1967.664,10.969,0.031
pink,20,73,14.6,16.45167,9.84228,1995.193,11.138,0.061
pink,20,74,14.8,16.31477,9.91414,2018.339,11.292,0.064
pink,20,75,15.0,16.13702,9.95981,2048.179,11.472,0.025
pink,20,76,15.2,15.99442,10.02142,2065.361,11.627,0.017
pink,20,77,15.4,15.85466,10.12837,2093.589,11.8,0.05
pink,20,78,15.6,15.71395,10.20397,2117.292,11.959,0.055
pink,20,79,15.8,15.53822,10.25148,2151.466,12.138,0.018
pink,20,80,16.0,15.40398,10.31228,2171.217,12.285,0.013
pink,20,81,16.2,15.26098,10.41478,2200.667,12.459,0.04
pink,20,82,16.4,15.11728,10.47392,2225.168,12.614,0.029
pink,20,83,16.6,14.94323,10.48769,2261.387,12.787,0.012
pink,20,84,16.8,14.803,10.5112,2280.952,12.927,0.011
pink,20,85,17.0,14.64234,10.55735,2302.932,13.088,0.057
pink,20,86,17.2,14.51225,10.57459,2331.211,13.218,0.075
pink,20,87,17.4,14.33921,10.54905,2354.732,13.391,0.049
pink,20,88,17.6,14.16791,10.52277,2392.054,13.562,0.023
pink,20,89,17.8,13.99961,10.53325,2409.325,13.731,0.033
pink,20,90,18.0,13.8463,10.55238,2443.701,13.884,0.052
pink,20,91,18.2,13.6902,10.54175,2465.961,14.04,0.042
pink,20,92,18.4,13.52667,10.51985,2497.484,14.204,0.02
pink,20,93,18.6,13.37906,10.52053,2511.259,14.351,0.021
pink,20,94,18.8,13.21979,10.5391,2537.619,14.51,0.039
pink,20,95,19.0,13.07152,10.51724,2562.636,14.659,0.017
pink,20,96,19.2,12.8871,10.46768,2594.835,14.843,0.032
pink,20,97,19.4,12.74701,10.46133,2614.365,14.983,0.039
pink,20,98,19.6,12.59411,10.48765,2643.373,15.136,0.012
pink,20,99,19.8,12.42385,10.48389,2665.471,15.306,0.016
pink,20,100,20.0,12.2595,10.46639,2699.06,15.471,0.034
pink,20,101,20.2,12.13022,10.49721,2719.356,15.6,0.003
pink,20,102,20.4,11.98464,10.54333,2746.125,15.746,0.043
pink,20,103,20.6,11.82768,10.54041,2770.146,15.903,0.04
pink,20,104,20.8,11.64887,10.50671,2813.737,16.081,0.007
pink,20,105,21.0,11.49335,10.51443,2833.353,16.237,0.014
pink,20,106,21.2,11.32982,10.54463,2864.132,16.4,0.045
pink,20,107,21.4,11.17436,10.53636,2888.843,16.556,0.036
pink,20,108,21.6,10.98655,10.49889,2925.593,16.744,0.001
pink,20,109,21.8,10.82119,10.49581,2943.652,16.909,0.004
pink,20,110,22.0,10.64846,10.52601,2977.204,17.082,0.026
pink,20,111,22.2,10.48785,10.5249,2998.688,17.242,0.025
pink,20,112,22.4,10.31065,10.49873,3027.692,17.42,0.001
pink,20,113,22.6,10.15991,10.50211,3042.946,17.57,0.002
pink,20,114,22.8,9.99914,10.53188,3070.49,17.731,0.032
pink,20,115,23.0,9.85769,10.5268,3095.659,17.873,0.027
pink,20,116,23.2,9.66619,10.48442,3130.168,18.064,0.016
pink,20,117,23.4,9.50311,10.47239,3153.946,18.227,0.028
pink,20,118,23.6,9.33312,10.50891,3183.541,18.397,0.009
pink,20,119,23.8,9.20526,10.52855,3207.665,18.525,0.029
pink,20,120,24.0,9.0925,10.53553,3223.103,18.638,0.036
pink,20,121,24.2,8.98076,10.59007,3253.583,18.788,0.072
pink,20,122,24.4,8.88224,10.59922,3311.818,18.88,0.036
pink,20,123,24.6,8.78374,10.59288,3353.368,18.965,0.014
pink,20,124,24.8,8.66966,10.59445,3367.552,19.068,0.063
pink,20,125,25.0,8.55093,10.62332,3398.909,19.187,0.091
pink,20,126,25.2,8.36615,10.67503,3435.296,19.375,0.127
pink,20,127,25.4,8.22189,10.75622,3455.043,19.541,0.119
pink,20,128,25.6,8.11926,10.87501,3485.634,19.686,0.058
pink,20,129,25.8,7.99921,10.95368,3508.239,19.828,0.042
pink,20,130,26.0,7.87298,11.01912,3553.924,19.97,0.04
pink,20,131,26.2,7.7552,11.11122,3569.131,20.117,0.01
pink,20,132,26.4,7.63764,11.22719,3602.355,20.274,0.041
pink,20,133,26.6,7.49917,11.29524,3627.437,20.428,0.04
pink,20,134,26.8,7.32746,11.3352,3664.385,20.6,0.001
pink,20,135,27.0,7.17531,11.39367,3690.404,20.762,0.017
pink,20,136,27.2,7.04461,11.4586,3727.826,20.908,0.017
pink,20,137,27.4,6.90519,11.52118,3753.52,21.061,0.023
pink,20,138,27.6,6.74297,11.57403,3789.331,21.229,0.049
pink,20,139,27.8,6.60863,11.62013,3805.186,21.37,0.068
pink,20,140,28.0,6.50569,11.67337,3853.862,21.486,0.066
pink,20,141,28.2,6.45322,11.75054,3879.579,21.567,0.02
pink,20,142,28.4,6.39824,11.86781,3897.556,21.669,0.06
pink,20,143,28.6,6.30738,11.97746,3919.776,21.799,0.117
pink,20,144,28.8,6.1711,12.1013,3950.516,21.977,0.167
pink,20,145,29.0,6.04643,12.173,3976.108,22.12,0.175
pink,20,146,29.2,5.88199,12.21165,4005.213,22.285,0.137
pink,20,147,29.4,5.73425,12.24745,4029.906,22.433,0.102
pink,20,148,29.6,5.58235,12.31356,4049.833,22.598,0.094
pink,20,149,29.8,5.45926,12.3568,4081.212,22.728,0.077
pink,20,150,30.0,5.29507,12.39199,4104.277,22.89,0.035
pink,20,151,30.2,5.14148,12.42999,4139.884,23.045,0.001
pink,20,152,30.4,5.01693,12.50811,4159.394,23.191,0.015
pink,20,153,30.6,4.88108,12.612,4197.037,23.359,0.047
pink,20,154,30.8,4.71761,12.67527,4217.066,23.533,0.03
pink,20,155,31.0,4.57508,12.73044,4256.229,23.685,0.016
pink,20,156,31.2,4.46813,12.82688,4279.593,23.824,0.055
pink,20,157,31.4,4.33648,12.94166,4310.818,23.993,0.098
pink,20,158,31.6,4.16126,13.00116,4332.247,24.177,0.073
pink,20,159,31.8,4.00618,13.04557,4367.755,24.335,0.044
pink,20,160,32.0,3.88783,13.12836,4389.757,24.478,0.065
pink,20,161,32.2,3.78381,13.20946,4414.075,24.607,0.091
pink,20,162,32.4,3.65327,13.26666,4451.572,24.75,0.083
pink,20,163,32.6,3.53283,13.32907,4473.207,24.885,0.085
pink,20,164,32.8,3.38741,13.4349,4496.594,25.063,0.115
pink,20,165,33.0,3.24953,13.52234,4525.945,25.225,0.132
pink,20,166,33.2,3.0768,13.56566,4549.901,25.399,0.093
pink,20,167,33.4,2.94678,13.605,4583.668,25.533,0.07
pink,20,168,33.6,2.8091,13.68435,4603.851,25.692,0.08
pink,20,169,33.8,2.68678,13.75911,4638.145,25.834,0.092
pink,20,170,34.0,2.52327,13.79378,4662.052,25.996,0.05
pink,20,171,34.2,2.38453,13.81388,4706.533,26.129,0.006
pink,20,172,34.4,2.26722,13.85697,4724.688,26.253,0.008
pink,20,173,34.6,2.13176,13.931,4749.475,26.408,0.003
pink,20,174,34.8,2.00502,13.98006,4773.068,26.543,0.016
pink,20,175,35.0,1.83745,14.02556,4803.638,26.713,0.05
pink,20,176,35.2,1.71376,14.0979,4822.927,26.856,0.04
pink,20,177,35.4,1.59232,14.22899,4857.298,27.024,0.022
pink,20,178,35.6,1.46898,14.31396,4884.386,27.172,0.043
pink,20,179,35.8,1.31092,14.37029,4917.932,27.338,0.023
pink,20,180,36.0,1.18493,14.42589,4932.269,27.476,0.016
pink,20,181,36.2,1.04897,14.51514,4953.682,27.637,0.035
pink,20,182,36.4,0.92567,14.59471,4981.544,27.783,0.051
pink,20,183,36.6,0.76575,14.6496,5002.599,27.951,0.029
pink,20,184,36.8,0.62018,14.7007,5034.621,28.104,0.01
pink,20,185,37.0,0.49206,14.78143,5056.285,28.255,0.025
orange,1,0,0.0,24.0,3.0,0.0,0.0,0.0
orange,1,1,0.2,23.97834,3.00093,25.345,0.022,0.001
orange,1,2,0.4,23.89994,3.01901,49.844,0.1,0.019
orange,1,3,0.6,23.75397,3.04487,84.206,0.246,0.045
orange,1,4,0.8,23.62845,3.05625,103.872,0.372,0.056
orange,1,5,1.0,23.47321,3.06063,124.241,0.527,0.061
orange,1,6,1.2,23.32685,3.06225,148.4,0.673,0.062
orange,1,7,1.4,23.15556,3.03821,168.555,0.844,0.038
orange,1,8,1.6,22.99696,3.01783,197.132,1.003,0.018
orange,1,9,1.8,22.83666,3.02492,214.119,1.163,0.025
orange,1,10,2.0,22.66605,3.0476,245.026,1.334,0.048
orange,1,11,2.2,22.49018,3.03355,265.978,1.51,0.034
orange,1,12,2.4,22.31765,3.01631,302.553,1.682,0.016
orange,1,13,2.6,22.13611,3.03953,323.656,1.864,0.04
orange,1,14,2.8,21.95367,3.06347,357.39,2.046,0.063
orange,1,15,3.0,21.76795,3.03879,380.024,2.232,0.039
orange,1,16,3.2,21.5857,3.0298,418.058,2.414,0.03
orange,1,17,3.4,21.38041,3.06256,454.15,2.62,0.063
orange,1,18,3.6,21.20004,3.06928,481.132,2.8,0.069
orange,1,19,3.8,21.03468,3.04633,521.8,2.965,0.046
orange,1,20,4.0,20.90739,3.03703,537.746,3.093,0.037
orange,1,21,4.2,20.75711,3.04592,558.782,3.243,0.046
orange,1,22,4.4,20.62217,3.04729,588.55,3.378,0.047
orange,1,23,4.6,20.44101,3.01146,613.269,3.559,0.011
orange,1,24,4.8,20.28737,2.98415,646.788,3.713,0.016
orange,1,25,5.0,20.13912,2.99171,666.59,3.861,0.008
orange,1,26,5.2,19.98385,3.01343,696.424,4.016,0.013
orange,1,27,5.4,19.83175,2.99718,721.727,4.168,0.003
orange,1,28,5.6,19.66938,2.97207,758.457,4.331,0.028
orange,1,29,5.8,19.51712,2.98908,773.334,4.483,0.011
orange,1,30,6.0,19.35616,3.03613,808.755,4.644,0.036
orange,1,31,6.2,19.19342,3.02902,836.965,4.807,0.029
orange,1,32,6.4,19.01949,2.99414,870.346,4.981,0.006
orange,1,33,6.6,18.87873,3.00239,885.756,5.121,0.002
orange,1,34,6.8,18.73187,3.02562,911.644,5.268,0.026
orange,1,35,7.0,18.57736,3.01521,935.271,5.423,0.015
orange,1,36,7.2,18.41776,2.99799,969.102,5.582,0.002
orange,1,37,7.4,18.27186,3.0063,984.984,5.728,0.006
orange,1,38,7.6,18.10602,3.03588,1013.881,5.894,0.036
orange,1,39,7.8,17.93926,3.02369,1037.193,6.061,0.024
orange,1,40,8.0,17.76768,2.98552,1077.492,6.232,0.014
orange,1,41,8.2,17.63195,2.98035,1094.278,6.368,0.02
orange,1,42,8.4,17.47108,3.00299,1125.207,6.529,0.003
orange,1,43,8.6,17.32078,3.00642,1148.483,6.679,0.006
orange,1,44,8.8,17.13735,2.97525,1185.641,6.863,0.025
orange,1,45,9.0,16.99295,2.97396,1203.6,7.007,0.026
orange,1,46,9.2,16.83204,3.01061,1226.335,7.168,0.011
orange,1,47,9.4,16.69089,3.04168,1256.23,7.309,0.042
orange,1,48,9.6,16.52682,3.03164,1276.98,7.473,0.032
orange,1,49,9.8,16.38219,3.02159,1306.791,7.618,0.022
orange,1,50,10.0,16.23686,3.03078,1325.932,7.763,0.031
orange,1,51,10.2,16.07564,3.04873,1354.047,7.924,0.049
orange,1,52,10.4,15.89781,3.0196,1378.71,8.102,0.02
orange,1,53,10.6,15.71931,2.99008,1420.088,8.281,0.01
orange,1,54,10.8,15.55922,3.01029,1442.084,8.441,0.01
orange,1,55,11.0,15.39619,3.05313,1479.104,8.604,0.053
orange,1,56,11.2,15.25314,3.04357,1505.411,8.747,0.044
orange,1,57,11.4,15.08747,3.00905,1538.592,8.913,0.009
orange,1,58,11.6,14.93884,3.01355,1558.124,9.061,0.014
orange,1,59,11.8,14.77116,3.04917,1592.49,9.229,0.049
orange,1,60,12.0,14.6273,3.05836,1613.587,9.373,0.058
orange,1,61,12.2,14.47304,3.05143,1645.002,9.527,0.051
orange,1,62,12.4,14.3171,3.06803,1661.157,9.683,0.068
orange,1,63,12.6,14.14229,3.10987,1695.013,9.858,0.11
orange,1,64,12.8,13.97949,3.10088,1719.341,10.021,0.101
orange,1,65,13.0,13.80298,3.06343,1755.213,10.197,0.063
orange,1,66,13.2,13.65716,3.06324,1773.181,10.343,0.063
orange,1,67,13.4,13.48831,3.09247,1801.754,10.512,0.092
orange,1,68,13.6,13.33092,3.07475,1823.791,10.669,0.075
orange,1,69,13.8,13.15831,3.02234,1854.556,10.842,0.022
orange,1,70,14.0,13.00241,3.01965,1872.895,10.998,0.02
orange,1,71,14.2,12.83803,3.05136,1905.35,11.162,0.051
orange,1,72,14.4,12.67809,3.03621,1930.968,11.322,0.036
orange,1,73,14.6,12.51207,2.99765,1963.632,11.488,0.002
orange,1,74,14.8,12.36706,3.00142,1980.668,11.633,0.001
orange,1,75,15.0,12.20055,3.03463,2010.811,11.799,0.035
orange,1,76,15.2,12.04263,3.02773,2034.084,11.957,0.028
orange,1,77,15.4,11.86875,2.99554,2066.373,12.131,0.004
orange,1,78,15.6,11.70766,3.01857,2086.978,12.292,0.019
orange,1,79,15.8,11.52931,3.08073,2122.599,12.471,0.081
orange,1,80,16.0,11.36854,3.08169,2148.471,12.631,0.082
orange,1,81,16.2,11.20426,3.05521,2186.619,12.796,0.055
orange,1,82,16.4,11.06709,3.05197,2202.865,12.933,0.052
orange,1,83,16.6,10.90083,3.07663,2234.153,13.099,0.077
orange,1,84,16.8,10.74921,3.07158,2258.243,13.251,0.072
orange,1,85,17.0,10.57425,3.02784,2292.868,13.426,0.028
orange,1,86,17.2,10.42568,3.0222,2310.816,13.574,0.022
orange,1,87,17.4,10.24824,3.06229,2343.689,13.752,0.062
orange,1,88,17.6,10.09756,3.07479,2368.506,13.902,0.075
orange,1,89,17.8,9.93011,3.04422,2401.421,14.07,0.044
orange,1,90,18.0,9.78182,3.04322,2419.165,14.218,0.043
orange,1,91,18.2,9.60855,3.08284,2449.558,14.391,0.083
orange,1,92,18.4,9.45262,3.08788,2473.354,14.547,0.088
orange,1,93,18.6,9.27624,3.05023,2508.28,14.724,0.05
orange,1,94,18.8,9.14011,3.03268,2527.853,14.86,0.033
orange,1,95,19.0,8.98188,3.04139,2550.763,15.018,0.041
orange,1,96,19.2,8.82656,3.0529,2581.009,15.173,0.053
orange,1,97,19.4,8.64933,3.03607,2614.707,15.351,0.036
orange,1,98,19.6,8.50436,3.05751,2630.968,15.496,0.058
orange,1,99,19.8,8.37167,3.15115,2655.19,15.735,0.073
orange,1,100,20.0,8.26552,3.24645,2686.299,15.876,0.05
orange,1,101,20.2,8.14361,3.34129,2703.799,16.027,0.015
orange,1,102,20.4,8.03699,3.43643,2732.481,16.168,0.008
orange,1,103,20.6,7.95116,3.56912,2751.588,16.325,0.009
orange,1,104,20.8,7.87506,3.71623,2785.654,16.487,0.042
orange,1,105,21.0,7.76909,3.83077,2807.834,16.643,0.032
orange,1,106,21.2,7.65406,3.94098,2839.61,16.801,0.011
orange,1,107,21.4,7.56922,4.06972,2857.164,16.954,0.026
orange,1,108,21.6,7.48586,4.22177,2886.239,17.125,0.057
orange,1,109,21.8,7.35317,4.33882,2909.949,17.299,0.027
orange,1,110,22.0,7.22425,4.44795,2950.066,17.465,0.004
orange,1,111,22.2,7.14282,4.58057,2971.57,17.62,0.016
orange,1,112,22.4,7.06768,4.71714,3003.053,17.773,0.043
orange,1,113,22.6,6.95745,4.8342,3026.179,17.933,0.031
orange,1,114,22.8,6.83967,4.94052,3056.073,18.09,0.006
orange,1,115,23.0,6.75908,5.02634,3072.858,18.207,0.002
orange,1,116,23.2,6.68303,5.09468,3093.711,18.308,0.019
orange,1,117,23.4,6.61722,5.15801,3113.507,18.399,0.03
orange,1,118,23.6,6.54628,5.18193,3136.709,18.462,0.07
orange,1,119,23.8,6.45168,5.17626,3166.589,18.517,0.147
orange,1,120,24.0,6.34882,5.20186,3189.513,18.602,0.211
orange,1,121,24.2,6.23257,5.26344,3222.463,18.723,0.263
orange,1,122,24.4,6.1517,5.33536,3245.934,18.83,0.281
orange,1,123,24.6,6.08133,5.42214,3271.207,18.941,0.281
orange,1,124,24.8,6.00487,5.55646,3296.134,19.094,0.256
orange,1,125,25.0,5.91029,5.70436,3330.432,19.268,0.236
orange,1,126,25.2,5.84095,5.81216,3347.321,19.396,0.223
orange,1,127,25.4,5.7685,5.93597,3364.156,19.538,0.201
orange,1,128,25.6,5.71268,6.05111,3387.585,19.662,0.172
orange,1,129,25.8,5.63645,6.20092,3408.338,19.827,0.137
orange,1,130,26.0,5.55905,6.34484,3440.891,19.987,0.107
orange,1,131,26.2,5.49663,6.49567,3457.265,20.144,0.061
orange,1,132,26.4,5.44152,6.66425,3489.664,20.309,0.002
orange,1,133,26.6,5.35473,6.81489,3509.417,20.481,0.03
orange,1,134,26.8,5.26353,6.96137,3547.363,20.652,0.051
orange,1,135,27.0,5.17742,7.14521,3572.135,20.85,0.099
orange,1,136,27.2,5.08641,7.29754,3610.365,21.025,0.124
orange,1,137,27.4,4.95284,7.41928,3638.112,21.204,0.097
orange,1,138,27.6,4.84823,7.53022,3670.279,21.356,0.085
orange,1,139,27.8,4.76381,7.68734,3694.044,21.531,0.118
orange,1,140,28.0,4.68309,7.81875,3730.963,21.684,0.138
orange,1,141,28.2,4.54165,7.92552,3754.673,21.856,0.095
orange,1,142,28.4,4.42863,8.01605,3792.141,21.998,0.064
orange,1,143,28.6,4.3351,8.13385,3811.29,22.148,0.066
orange,1,144,28.8,4.25354,8.26105,3841.45,22.298,0.082
orange,1,145,29.0,4.1461,8.3708,3863.879,22.451,0.068
orange,1,146,29.2,4.02609,8.47894,3898.483,22.611,0.042
orange,1,147,29.4,3.93756,8.59534,3915.048,22.757,0.047
orange,1,148,29.6,3.85142,8.74356,3950.003,22.926,0.073
orange,1,149,29.8,3.72333,8.85338,3975.253,23.092,0.042
orange,1,150,30.0,3.57925,8.9539,4009.265,23.261,0.007
orange,1,151,30.2,3.48113,9.07369,4025.354,23.416,0.008
orange,1,152,30.4,3.39176,9.21095,4053.016,23.579,0.009
orange,1,153,30.6,3.2625,9.32089,4079.873,23.745,0.022
orange,1,154,30.8,3.13692,9.43179,4123.467,23.911,0.05
orange,1,155,31.0,3.05823,9.58314,4144.404,24.078,0.016
orange,1,156,31.2,2.99237,9.73812,4181.511,24.24,0.03
orange,1,157,31.4,2.90436,9.86012,4202.524,24.39,0.038
orange,1,158,31.6,2.81018,9.97194,4232.177,24.536,0.035
orange,1,159,31.8,2.7277,10.09887,4252.024,24.687,0.051
orange,1,160,32.0,2.65143,10.23876,4284.26,24.843,0.079
orange,1,161,32.2,2.56233,10.35732,4306.649,25.007,0.082
orange,1,162,32.4,2.44457,10.48336,4338.438,25.174,0.037
orange,1,163,32.6,2.37092,10.59908,4355.782,25.311,0.026
orange,1,164,32.8,2.31859,10.75214,4385.889,25.471,0.052
orange,1,165,33.0,2.25065,10.88614,4408.959,25.621,0.055
orange,1,166,33.2,2.1313,11.02903,4443.178,25.803,0.017
orange,1,167,33.4,2.06306,11.14997,4463.058,25.942,0.013
orange,1,168,33.6,2.01676,11.30981,4486.718,26.105,0.048
orange,1,169,33.8,1.9721,11.44539,4518.637,26.245,0.072
orange,1,170,34.0,1.88094,11.5776,4540.105,26.405,0.053
orange,1,171,34.2,1.79856,11.7026,4570.006,26.554,0.039
orange,1,172,34.4,1.73934,11.8543,4591.184,26.716,0.058
orange,1,173,34.6,1.68983,12.00786,4626.319,26.874,0.087
orange,1,174,34.8,1.60306,12.13811,4648.49,27.03,0.071
orange,1,175,35.0,1.50348,12.26149,4678.903,27.186,0.041
orange,1,176,35.2,1.43853,12.38646,4696.713,27.327,0.043
orange,1,177,35.4,1.38311,12.54366,4728.681,27.492,0.068
orange,1,178,35.6,1.3084,12.6734,4753.922,27.641,0.063
orange,1,179,35.8,1.20702,12.80512,4785.906,27.805,0.035
orange,1,180,36.0,1.1507,12.93635,4808.945,27.947,0.047
orange,1,181,36.2,1.11095,13.10666,4842.503,28.116,0.092
orange,1,182,36.4,1.03866,13.22938,4868.379,28.259,0.085
orange,1,183,36.6,0.9283,13.35526,4903.337,28.422,0.047
orange,1,184,36.8,0.86424,13.48818,4923.209,28.569,0.053
orange,1,185,37.0,0.81894,13.65287,4956.211,28.736,0.09
orange,1,186,37.2,0.73778,13.79023,4981.673,28.895,0.083
orange,1,187,37.4,0.63125,13.92579,5024.87,29.065,0.053
orange,1,188,37.6,0.57689,14.0641,5047.144,29.212,0.07
orange,1,189,37.8,0.53573,14.23833,5081.859,29.386,0.115
orange,1,190,38.0,0.45281,14.36819,5107.941,29.539,0.103
orange,1,191,38.2,0.34229,14.48915,5144.939,29.698,0.062
orange,1,192,38.4,0.27483,14.60581,5161.857,29.833,0.058
orange,2,0,0.0,24.0,3.0,0.0,0.0,0.0
orange,2,1,0.2,23.97834,3.00093,25.345,0.022,0.001
orange,2,2,0.4,23.89994,3.01901,49.844,0.1,0.019
orange,2,3,0.6,23.75397,3.04487,84.206,0.246,0.045
orange,2,4,0.8,23.62845,3.05625,103.872,0.372,0.056
orange,2,5,1.0,23.47321,3.06063,124.241,0.527,0.061
orange,2,6,1.2,23.32685,3.06225,148.4,0.673,0.062
orange,2,7,1.4,23.15556,3.03821,168.555,0.844,0.038
orange,2,8,1.6,22.99696,3.01783,197.132,1.003,0.018
orange,2,9,1.8,22.83666,3.02492,214.119,1.163,0.025
orange,2,10,2.0,22.66605,3.0476,245.026,1.334,0.048
orange,2,11,2.2,22.49018,3.03355,265.978,1.51,0.034
orange,2,12,2.4,22.31765,3.01631,302.553,1.682,0.016
orange,2,13,2.6,22.13611,3.03953,323.656,1.864,0.04
orange,2,14,2.8,21.95367,3.06347,357.39,2.046,0.063
orange,2,15,3.0,21.76795,3.03879,380.024,2.232,0.039
orange,2,16,3.2,21.5857,3.0298,418.058,2.414,0.03
orange,2,17,3.4,21.38041,3.06256,454.15,2.62,0.063
orange,2,18,3.6,21.20004,3.06928,481.132,2.8,0.069
orange,2,19,3.8,21.03468,3.04633,521.8,2.965,0.046
orange,2,20,4.0,20.90739,3.03703,537.746,3.093,0.037
orange,2,21,4.2,20.75711,3.04592,558.782,3.243,0.046
orange,2,22,4.4,20.62217,3.04729,588.55,3.378,0.047
orange,2,23,4.6,20.44101,3.01146,613.269,3.559,0.011
orange,2,24,4.8,20.28737,2.98415,646.788,3.713,0.016
orange,2,25,5.0,20.13912,2.99171,666.59,3.861,0.008
orange,2,26,5.2,19.98385,3.01343,696.424,4.016,0.013
orange,2,27,5.4,19.83175,2.99718,721.727,4.168,0.003
orange,2,28,5.6,19.66938,2.97207,758.457,4.331,0.028
orange,2,29,5.8,19.51712,2.98908,773.334,4.483,0.011
orange,2,30,6.0,19.35616,3.03613,808.755,4.644,0.036
orange,2,31,6.2,19.19342,3.02902,836.965,4.807,0.029
orange,2,32,6.4,19.01949,2.99414,870.346,4.981,0.006
orange,2,33,6.6,18.87873,3.00239,885.756,5.121,0.002
orange,2,34,6.8,18.73187,3.02562,911.644,5.268,0.026
orange,2,35,7.0,18.57736,3.01521,935.271,5.423,0.015
orange,2,36,7.2,18.41776,2.99799,969.102,5.582,0.002
orange,2,37,7.4,18.27186,3.0063,984.984,5.728,0.006
orange,2,38,7.6,18.10602,3.03588,1013.881,5.894,0.036
orange,2,39,7.8,17.93926,3.02369,1037.193,6.061,0.024
orange,2,40,8.0,17.76768,2.98552,1077.492,6.232,0.014
orange,2,41,8.2,17.63195,2.98035,1094.278,6.368,0.02
orange,2,42,8.4,17.47108,3.00299,1125.207,6.529,0.003
orange,2,43,8.6,17.32078,3.00642,1148.483,6.679,0.006
orange,2,44,8.8,17.13735,2.97525,1185.641,6.863,0.025
orange,2,45,9.0,16.99295,2.97396,1203.6,7.007,0.026
orange,2,46,9.2,16.83204,3.01061,1226.335,7.168,0.011
orange,2,47,9.4,16.69089,3.04168,1256.23,7.309,0.042
orange,2,48,9.6,16.52682,3.03164,1276.98,7.473,0.032
orange,2,49,9.8,16.38219,3.02159,1306.791,7.618,0.022
orange,2,50,10.0,16.23686,3.03078,1325.932,7.763,0.031
orange,2,51,10.2,16.07564,3.04873,1354.047,7.924,0.049
orange,2,52,10.4,15.89781,3.0196,1378.71,8.102,0.02
orange,2,53,10.6,15.71931,2.99008,1420.088,8.281,0.01
orange,2,54,10.8,15.55922,3.01029,1442.084,8.441,0.01
orange,2,55,11.0,15.39619,3.05313,1479.104,8.604,0.053
orange,2,56,11.2,15.25314,3.04357,1505.411,8.747,0.044
orange,2,57,11.4,15.08747,3.00905,1538.592,8.913,0.009
orange,2,58,11.6,14.93884,3.01355,1558.124,9.061,0.014
orange,2,59,11.8,14.77116,3.04917,1592.49,9.229,0.049
orange,2,60,12.0,14.6273,3.05836,1613.587,9.373,0.058
orange,2,61,12.2,14.47304,3.05143,1645.002,9.527,0.051
orange,2,62,12.4,14.3171,3.06803,1661.157,9.683,0.068
orange,2,63,12.6,14.14229,3.10987,1695.013,9.858,0.11
orange,2,64,12.8,13.97949,3.10088,1719.341,10.021,0.101
orange,2,65,13.0,13.80298,3.06343,1755.213,10.197,0.063
orange,2,66,13.2,13.65716,3.06324,1773.181,10.343,0.063
orange,2,67,13.4,13.48831,3.09247,1801.754,10.512,0.092
orange,2,68,13.6,13.33092,3.07475,1823.791,10.669,0.075
orange,2,69,13.8,13.15831,3.02234,1854.556,10.842,0.022
orange,2,70,14.0,13.00241,3.01965,1872.895,10.998,0.02
orange,2,71,14.2,12.83803,3.05136,1905.35,11.162,0.051
orange,2,72,14.4,12.67809,3.03621,1930.968,11.322,0.036
orange,2,73,14.6,12.51207,2.99765,1963.632,11.488,0.002
orange,2,74,14.8,12.36706,3.00142,1980.668,11.633,0.001
orange,2,75,15.0,12.20055,3.03463,2010.811,11.799,0.035
orange,2,76,15.2,12.04263,3.02773,2034.084,11.957,0.028
orange,2,77,15.4,11.86875,2.99554,2066.373,12.131,0.004
orange,2,78,15.6,11.70766,3.01857,2086.978,12.292,0.019
orange,2,79,15.8,11.52931,3.08073,2122.599,12.471,0.081
orange,2,80,16.0,11.36854,3.08169,2148.471,12.631,0.082
orange,2,81,16.2,11.20426,3.05521,2186.619,12.796,0.055
orange,2,82,16.4,11.06709,3.05197,2202.865,12.933,0.052
orange,2,83,16.6,10.90083,3.07663,2234.153,13.099,0.077
orange,2,84,16.8,10.74921,3.07158,2258.243,13.251,0.072
orange,2,85,17.0,10.57425,3.02784,2292.868,13.426,0.028
orange,2,86,17.2,10.42568,3.0222,2310.816,13.574,0.022
orange,2,87,17.4,10.24824,3.06229,2343.689,13.752,0.062
orange,2,88,17.6,10.09756,3.07479,2368.506,13.902,0.075
orange,2,89,17.8,9.93011,3.04422,2401.421,14.07,0.044
orange,2,90,18.0,9.78182,3.04322,2419.165,14.218,0.043
orange,2,91,18.2,9.60855,3.08284,2449.558,14.391,0.083
orange,2,92,18.4,9.45262,3.08788,2473.354,14.547,0.088
orange,2,93,18.6,9.27624,3.05023,2508.28,14.724,0.05
orange,2,94,18.8,9.14011,3.03268,2527.853,14.86,0.033
orange,2,95,19.0,8.98188,3.04139,2550.763,15.018,0.041
orange,2,96,19.2,8.82656,3.0529,2581.009,15.173,0.053
orange,2,97,19.4,8.64933,3.03607,2614.707,15.351,0.036
orange,2,98,19.6,8.50436,3.05751,2630.968,15.496,0.058
orange,2,99,19.8,8.37167,3.15115,2655.19,15.735,0.073
orange,2,100,20.0,8.26552,3.24645,2686.299,15.876,0.05
orange,2,101,20.2,8.14361,3.34129,2703.799,16.027,0.015
orange,2,102,20.4,8.03699,3.43643,2732.481,16.168,0.008
orange,2,103,20.6,7.95116,3.56912,2751.588,16.325,0.009
orange,2,104,20.8,7.87506,3.71623,2785.654,16.487,0.042
orange,2,105,21.0,7.76909,3.83077,2807.834,16.643,0.032
orange,2,106,21.2,7.65406,3.94098,2839.61,16.801,0.011
orange,2,107,21.4,7.56922,4.06972,2857.164,16.954,0.026
orange,2,108,21.6,7.48586,4.22177,2886.239,17.125,0.057
orange,2,109,21.8,7.35317,4.33882,2909.949,17.299,0.027
orange,2,110,22.0,7.22423,4.44786,2949.992,17.465,0.004
orange,2,111,22.2,7.14261,4.58033,2970.651,17.619,0.015
orange,2,112,22.4,7.06585,4.71727,3001.802,17.774,0.042
orange,2,113,22.6,6.95256,4.83496,3025.232,17.937,0.028
orange,2,114,22.8,6.83315,4.94266,3055.454,18.096,0.003
orange,2,115,23.0,6.75993,5.02188,3070.863,18.203,0.005
orange,2,116,23.2,6.69184,5.08058,3090.174,18.292,0.021
orange,2,117,23.4,6.63757,5.13482,3107.321,18.368,0.029
orange,2,118,23.6,6.58238,5.16759,3130.051,18.428,0.051
orange,2,119,23.8,6.50178,5.18561,3154.263,18.493,0.102
orange,2,120,24.0,6.42654,5.19543,3182.029,18.548,0.155
orange,2,121,24.2,6.3361,5.17457,3209.055,18.589,0.238
orange,2,122,24.4,6.22105,5.14189,3249.412,18.635,0.348
orange,2,123,24.6,6.10152,5.17184,3271.347,18.734,0.422
orange,2,124,24.8,6.01656,5.23655,3306.632,18.838,0.448
orange,2,125,25.0,5.96538,5.32738,3333.758,18.94,0.431
orange,2,126,25.2,5.9368,5.44042,3354.56,19.046,0.382
orange,2,127,25.4,5.88513,5.60214,3379.169,19.205,0.32
orange,2,128,25.6,5.83606,5.71742,3412.687,19.325,0.286
orange,2,129,25.8,5.77299,5.83621,3431.601,19.457,0.26
orange,2,130,26.0,5.7117,5.95569,3451.481,19.589,0.233
orange,2,131,26.2,5.64551,6.10182,3474.317,19.744,0.193
orange,2,132,26.4,5.56468,6.25987,3508.563,19.918,0.156
orange,2,133,26.6,5.50899,6.4035,3525.16,20.064,0.109
orange,2,134,26.8,5.46543,6.57685,3555.418,20.226,0.034
orange,2,135,27.0,5.3898,6.72958,3578.059,20.393,0.003
orange,2,136,27.2,5.29078,6.87504,3612.949,20.568,0.018
orange,2,137,27.4,5.20529,7.04181,3631.951,20.752,0.056
orange,2,138,27.6,5.12255,7.20504,3673.002,20.931,0.094
orange,2,139,27.8,5.01111,7.33165,3694.506,21.099,0.087
orange,2,140,28.0,4.8997,7.4575,3742.92,21.267,0.08
orange,2,141,28.2,4.82305,7.62373,3767.104,21.444,0.124
orange,2,142,28.4,4.74432,7.77657,3804.116,21.613,0.159
orange,2,143,28.6,4.58693,7.88289,3833.509,21.794,0.104
orange,2,144,28.8,4.46277,7.96605,3867.092,21.937,0.059
orange,2,145,29.0,4.36489,8.06109,3885.983,22.073,0.043
orange,2,146,29.2,4.2731,8.17142,3914.676,22.216,0.041
orange,2,147,29.4,4.17311,8.27068,3939.611,22.356,0.026
orange,2,148,29.6,4.04124,8.37777,3969.481,22.522,0.01
orange,2,149,29.8,3.95026,8.47633,3982.694,22.656,0.018
orange,2,150,30.0,3.86971,8.61403,4004.907,22.814,0.006
orange,2,151,30.2,3.79805,8.72908,4034.218,22.948,0.022
orange,2,152,30.4,3.68182,8.85085,4056.42,23.116,0.008
orange,2,153,30.6,3.57709,8.96151,4088.397,23.268,0.004
orange,2,154,30.8,3.4976,9.08633,4107.423,23.415,0.013
orange,2,155,31.0,3.42058,9.22287,4136.334,23.57,0.039
orange,2,156,31.2,3.29694,9.34145,4159.234,23.74,0.017
orange,2,157,31.4,3.16477,9.46066,4201.723,23.916,0.011
orange,2,158,31.6,3.07422,9.60203,4220.434,24.082,0.008
orange,2,159,31.8,2.99489,9.75496,4254.334,24.251,0.042
orange,2,160,32.0,2.88528,9.87404,4276.4,24.413,0.032
orange,2,161,32.2,2.77695,9.9913,4311.483,24.572,0.021
orange,2,162,32.4,2.70415,10.13538,4331.097,24.73,0.055
orange,2,163,32.6,2.6309,10.28678,4364.59,24.894,0.093
orange,2,164,32.8,2.50971,10.41124,4388.901,25.08,0.061
orange,2,165,33.0,2.39746,10.52571,4429.662,25.234,0.015
orange,2,166,33.2,2.3391,10.66827,4451.037,25.387,0.031
orange,2,167,33.4,2.28457,10.82695,4485.983,25.553,0.057
orange,2,168,33.6,2.17843,10.9682,4509.236,25.727,0.03
orange,2,169,33.8,2.07534,11.09134,4546.269,25.884,0.003
orange,2,170,34.0,2.01289,11.22722,4565.609,26.034,0.005
orange,2,171,34.2,1.9654,11.38373,4597.03,26.194,0.037
orange,2,172,34.4,1.89416,11.51797,4620.415,26.346,0.037
orange,2,173,34.6,1.79916,11.65876,4656.842,26.515,0.019
orange,2,174,34.8,1.74381,11.78966,4674.489,26.656,0.032
orange,2,175,35.0,1.70272,11.9627,4705.822,26.829,0.077
orange,2,176,35.2,1.63849,12.0975,4730.628,26.978,0.084
orange,2,177,35.4,1.51851,12.23087,4767.022,27.152,0.04
orange,2,178,35.6,1.44439,12.35259,4788.555,27.294,0.032
orange,2,179,35.8,1.39377,12.51834,4817.193,27.464,0.065
orange,2,180,36.0,1.32773,12.65419,4842.61,27.615,0.071
orange,2,181,36.2,1.21694,12.78818,4873.691,27.785,0.036
orange,2,182,36.4,1.13926,12.91737,4889.728,27.936,0.028
orange,2,183,36.6,1.08917,13.08475,4920.397,28.107,0.062
orange,2,184,36.8,1.02346,13.2242,4945.083,28.261,0.07
orange,2,185,37.0,0.90392,13.36356,4979.259,28.44,0.03
orange,2,186,37.2,0.83125,13.48937,4999.103,28.586,0.024
orange,2,187,37.4,0.78419,13.64941,5029.125,28.749,0.058
orange,2,188,37.6,0.72807,13.78255,5051.659,28.893,0.071
orange,2,189,37.8,0.62887,13.91858,5078.35,29.06,0.047
orange,2,190,38.0,0.55391,14.04659,5101.352,29.208,0.041
orange,2,191,38.2,0.51068,14.21518,5126.611,29.377,0.082
orange,2,192,38.4,0.46077,14.35871,5158.115,29.527,0.106
orange,2,193,38.6,0.34417,14.49234,5181.952,29.7,0.065
orange,2,194,38.8,0.25343,14.61198,5216.681,29.848,0.042
orange,3,0,0.0,24.0,3.0,0.0,0.0,0.0
orange,3,1,0.2,23.97834,3.00093,25.345,0.022,0.001
orange,3,2,0.4,23.89994,3.01901,49.844,0.1,0.019
orange,3,3,0.6,23.75397,3.04487,84.206,0.246,0.045
orange,3,4,0.8,23.62845,3.05625,103.872,0.372,0.056
orange,3,5,1.0,23.47321,3.06063,124.241,0.527,0.061
orange,3,6,1.2,23.32685,3.06225,148.4,0.673,0.062
orange,3,7,1.4,23.15556,3.03821,168.555,0.844,0.038
orange,3,8,1.6,22.99696,3.01783,197.132,1.003,0.018
orange,3,9,1.8,22.83666,3.02492,214.119,1.163,0.025
orange,3,10,2.0,22.66605,3.0476,245.026,1.334,0.048
orange,3,11,2.2,22.49018,3.03355,265.978,1.51,0.034
orange,3,12,2.4,22.31765,3.01631,302.553,1.682,0.016
orange,3,13,2.6,22.13611,3.03953,323.656,1.864,0.04
orange,3,14,2.8,21.95367,3.06347,357.39,2.046,0.063
orange,3,15,3.0,21.76795,3.03879,380.024,2.232,0.039
orange,3,16,3.2,21.5857,3.0298,418.058,2.414,0.03
orange,3,17,3.4,21.38041,3.06256,454.15,2.62,0.063
orange,3,18,3.6,21.20004,3.06928,481.132,2.8,0.069
orange,3,19,3.8,21.03468,3.04633,521.8,2.965,0.046
orange,3,20,4.0,20.90739,3.03703,537.746,3.093,0.037
orange,3,21,4.2,20.75711,3.04592,558.782,3.243,0.046
orange,3,22,4.4,20.62217,3.04729,588.55,3.378,0.047
orange,3,23,4.6,20.44101,3.01146,613.269,3.559,0.011
orange,3,24,4.8,20.28737,2.98415,646.788,3.713,0.016
orange,3,25,5.0,20.13912,2.99171,666.59,3.861,0.008
orange,3,26,5.2,19.98385,3.01343,696.424,4.016,0.013
orange,3,27,5.4,19.83175,2.99718,721.727,4.168,0.003
orange,3,28,5.6,19.66938,2.97207,758.457,4.331,0.028
orange,3,29,5.8,19.51712,2.98908,773.334,4.483,0.011
orange,3,30,6.0,19.35616,3.03613,808.755,4.644,0.036
orange,3,31,6.2,19.19342,3.02902,836.965,4.807,0.029
orange,3,32,6.4,19.01949,2.99414,870.346,4.981,0.006
orange,3,33,6.6,18.87873,3.00239,885.756,5.121,0.002
orange,3,34,6.8,18.73187,3.02562,911.644,5.268,0.026
orange,3,35,7.0,18.57736,3.01521,935.271,5.423,0.015
orange,3,36,7.2,18.41776,2.99799,969.102,5.582,0.002
orange,3,37,7.4,18.27186,3.0063,984.984,5.728,0.006
orange,3,38,7.6,18.10602,3.03588,1013.881,5.894,0.036
orange,3,39,7.8,17.93926,3.02369,1037.193,6.061,0.024
orange,3,40,8.0,17.76768,2.98552,1077.492,6.232,0.014
orange,3,41,8.2,17.63195,2.98035,1094.278,6.368,0.02
orange,3,42,8.4,17.47108,3.00299,1125.207,6.529,0.003
orange,3,43,8.6,17.32078,3.00642,1148.483,6.679,0.006
orange,3,44,8.8,17.13735,2.97525,1185.641,6.863,0.025
orange,3,45,9.0,16.99295,2.97396,1203.6,7.007,0.026
orange,3,46,9.2,16.83204,3.01061,1226.335,7.168,0.011
orange,3,47,9.4,16.69089,3.04168,1256.23,7.309,0.042
orange,3,48,9.6,16.52682,3.03164,1276.98,7.473,0.032
orange,3,49,9.8,16.38219,3.02159,1306.791,7.618,0.022
orange,3,50,10.0,16.23686,3.03078,1325.932,7.763,0.031
orange,3,51,10.2,16.07564,3.04873,1354.047,7.924,0.049
orange,3,52,10.4,15.89781,3.0196,1378.71,8.102,0.02
orange,3,53,10.6,15.71931,2.99008,1420.088,8.281,0.01
orange,3,54,10.8,15.55922,3.01029,1442.084,8.441,0.01
orange,3,55,11.0,15.39619,3.05313,1479.104,8.604,0.053
orange,3,56,11.2,15.25314,3.04357,1505.411,8.747,0.044
orange,3,57,11.4,15.08747,3.00905,1538.592,8.913,0.009
orange,3,58,11.6,14.93884,3.01355,1558.124,9.061,0.014
orange,3,59,11.8,14.77116,3.04917,1592.49,9.229,0.049
orange,3,60,12.0,14.6273,3.05836,1613.587,9.373,0.058
orange,3,61,12.2,14.47304,3.05143,1645.002,9.527,0.051
orange,3,62,12.4,14.3171,3.06803,1661.157,9.683,0.068
orange,3,63,12.6,14.14229,3.10987,1695.013,9.858,0.11
orange,3,64,12.8,13.97949,3.10088,1719.341,10.021,0.101
orange,3,65,13.0,13.80298,3.06343,1755.213,10.197,0.063
orange,3,66,13.2,13.65716,3.06324,1773.181,10.343,0.063
orange,3,67,13.4,13.48831,3.09247,1801.754,10.512,0.092
orange,3,68,13.6,13.33092,3.07475,1823.791,10.669,0.075
orange,3,69,13.8,13.15831,3.02234,1854.556,10.842,0.022
orange,3,70,14.0,13.00241,3.01965,1872.895,10.998,0.02
orange,3,71,14.2,12.83803,3.05136,1905.35,11.162,0.051
orange,3,72,14.4,12.67809,3.03621,1930.968,11.322,0.036
orange,3,73,14.6,12.51207,2.99765,1963.632,11.488,0.002
orange,3,74,14.8,12.36706,3.00142,1980.668,11.633,0.001
orange,3,75,15.0,12.20055,3.03463,2010.811,11.799,0.035
orange,3,76,15.2,12.04263,3.02773,2034.084,11.957,0.028
orange,3,77,15.4,11.86875,2.99554,2066.373,12.131,0.004
orange,3,78,15.6,11.70766,3.01857,2086.978,12.292,0.019
orange,3,79,15.8,11.52931,3.08073,2122.599,12.471,0.081
orange,3,80,16.0,11.36854,3.08169,2148.471,12.631,0.082
orange,3,81,16.2,11.20426,3.05521,2186.619,12.796,0.055
orange,3,82,16.4,11.06709,3.05197,2202.865,12.933,0.052
orange,3,83,16.6,10.90083,3.07663,2234.153,13.099,0.077
orange,3,84,16.8,10.74921,3.07158,2258.243,13.251,0.072
orange,3,85,17.0,10.57425,3.02784,2292.868,13.426,0.028
orange,3,86,17.2,10.42568,3.0222,2310.816,13.574,0.022
orange,3,87,17.4,10.24824,3.06229,2343.689,13.752,0.062
orange,3,88,17.6,10.09756,3.07479,2368.506,13.902,0.075
orange,3,89,17.8,9.93011,3.04422,2401.421,14.07,0.044
orange,3,90,18.0,9.78182,3.04322,2419.165,14.218,0.043
orange,3,91,18.2,9.60855,3.08284,2449.558,14.391,0.083
orange,3,92,18.4,9.45262,3.08788,2473.354,14.547,0.088
orange,3,93,18.6,9.27624,3.05023,2508.28,14.724,0.05
orange,3,94,18.8,9.14011,3.03268,2527.853,14.86,0.033
orange,3,95,19.0,8.98188,3.04139,2550.763,15.018,0.041
orange,3,96,19.2,8.82656,3.0529,2581.009,15.173,0.053
orange,3,97,19.4,8.64933,3.03607,2614.707,15.351,0.036
orange,3,98,19.6,8.50436,3.05751,2630.968,15.496,0.058
orange,3,99,19.8,8.37167,3.15115,2655.19,15.735,0.073
orange,3,100,20.0,8.26552,3.24645,2686.299,15.876,0.05
orange,3,101,20.2,8.14361,3.34129,2703.799,16.027,0.015
orange,3,102,20.4,8.03699,3.43643,2732.481,16.168,0.008
orange,3,103,20.6,7.95116,3.56912,2751.588,16.325,0.009
orange,3,104,20.8,7.87506,3.71623,2785.654,16.487,0.042
orange,3,105,21.0,7.76909,3.83077,2807.834,16.643,0.032
orange,3,106,21.2,7.65406,3.94098,2839.61,16.801,0.011
orange,3,107,21.4,7.56922,4.06972,2857.164,16.954,0.026
orange,3,108,21.6,7.48586,4.22177,2886.239,17.125,0.057
orange,3,109,21.8,7.35317,4.33882,2909.949,17.299,0.027
orange,3,110,22.0,7.22425,4.44795,2950.066,17.465,0.004
orange,3,111,22.2,7.14282,4.58057,2971.57,17.62,0.016
orange,3,112,22.4,7.06768,4.71714,3003.053,17.773,0.043
orange,3,113,22.6,6.95745,4.8342,3026.179,17.933,0.031
orange,3,114,22.8,6.83967,4.94052,3056.073,18.09,0.006
orange,3,115,23.0,6.75908,5.02634,3072.858,18.207,0.002
orange,3,116,23.2,6.68303,5.09468,3093.711,18.308,0.019
orange,3,117,23.4,6.61722,5.15801,3113.507,18.399,0.03
orange,3,118,23.6,6.54628,5.18193,3136.709,18.462,0.07
orange,3,119,23.8,6.45168,5.17626,3166.589,18.517,0.147
orange,3,120,24.0,6.34882,5.20186,3189.513,18.602,0.211
orange,3,121,24.2,6.23257,5.26344,3222.463,18.723,0.263
orange,3,122,24.4,6.1517,5.33536,3245.934,18.83,0.281
orange,3,123,24.6,6.08133,5.42214,3271.207,18.941,0.281
orange,3,124,24.8,6.00487,5.55646,3296.134,19.094,0.256
orange,3,125,25.0,5.91029,5.70436,3330.432,19.268,0.236
orange,3,126,25.2,5.84095,5.81216,3347.321,19.396,0.223
orange,3,127,25.4,5.7685,5.93597,3364.156,19.538,0.201
orange,3,128,25.6,5.71268,6.05111,3387.585,19.662,0.172
orange,3,129,25.8,5.63645,6.20092,3408.338,19.827,0.137
orange,3,130,26.0,5.55905,6.34484,3440.891,19.987,0.107
orange,3,131,26.2,5.49663,6.49567,3457.265,20.144,0.061
orange,3,132,26.4,5.44152,6.66425,3489.664,20.309,0.002
orange,3,133,26.6,5.35473,6.81489,3509.417,20.481,0.03
orange,3,134,26.8,5.26353,6.96137,3547.363,20.652,0.051
orange,3,135,27.0,5.17742,7.14521,3572.135,20.85,0.099
orange,3,136,27.2,5.08641,7.29754,3610.365,21.025,0.124
orange,3,137,27.4,4.95284,7.41928,3638.112,21.204,0.097
orange,3,138,27.6,4.84823,7.53022,3670.279,21.356,0.085
orange,3,139,27.8,4.76381,7.68734,3694.044,21.531,0.118
orange,3,140,28.0,4.68309,7.81875,3730.963,21.684,0.138
orange,3,141,28.2,4.54165,7.92552,3754.673,21.856,0.095
orange,3,142,28.4,4.42863,8.01605,3792.141,21.998,0.064
orange,3,143,28.6,4.3351,8.13385,3811.29,22.148,0.066
orange,3,144,28.8,4.25354,8.26105,3841.45,22.298,0.082
orange,3,145,29.0,4.1461,8.3708,3863.879,22.451,0.068
orange,3,146,29.2,4.02609,8.47894,3898.483,22.611,0.042
orange,3,147,29.4,3.93756,8.59534,3915.048,22.757,0.047
orange,3,148,29.6,3.85142,8.74356,3950.003,22.926,0.073
orange,3,149,29.8,3.72333,8.85338,3975.253,23.092,0.042
orange,3,150,30.0,3.57925,8.9539,4009.265,23.261,0.007
orange,3,151,30.2,3.48113,9.07369,4025.354,23.416,0.008
orange,3,152,30.4,3.39176,9.21095,4053.016,23.579,0.009
orange,3,153,30.6,3.2625,9.32089,4079.873,23.745,0.022
orange,3,154,30.8,3.13692,9.43179,4123.467,23.911,0.05
orange,3,155,31.0,3.05823,9.58314,4144.404,24.078,0.016
orange,3,156,31.2,2.99237,9.73812,4181.511,24.24,0.03
orange,3,157,31.4,2.90436,9.86012,4202.524,24.39,0.038
orange,3,158,31.6,2.81018,9.97194,4232.177,24.536,0.035
orange,3,159,31.8,2.7277,10.09887,4252.024,24.687,0.051
orange,3,160,32.0,2.65143,10.23876,4284.26,24.843,0.079
orange,3,161,32.2,2.56233,10.35732,4306.649,25.007,0.082
orange,3,162,32.4,2.44457,10.48336,4338.438,25.174,0.037
orange,3,163,32.6,2.37092,10.59908,4355.782,25.311,0.026
orange,3,164,32.8,2.31859,10.75214,4385.889,25.471,0.052
orange,3,165,33.0,2.25065,10.88614,4408.959,25.621,0.055
orange,3,166,33.2,2.1313,11.02903,4443.178,25.803,0.017
orange,3,167,33.4,2.06306,11.14997,4463.058,25.942,0.013
orange,3,168,33.6,2.01676,11.30981,4486.718,26.105,0.048
orange,3,169,33.8,1.9721,11.44539,4518.637,26.245,0.072
orange,3,170,34.0,1.88094,11.5776,4540.105,26.405,0.053
orange,3,171,34.2,1.79856,11.7026,4570.006,26.554,0.039
orange,3,172,34.4,1.73934,11.8543,4591.184,26.716,0.058
orange,3,173,34.6,1.68983,12.00786,4626.319,26.874,0.087
orange,3,174,34.8,1.60306,12.13811,4648.49,27.03,0.071
orange,3,175,35.0,1.50348,12.26149,4678.903,27.186,0.041
orange,3,176,35.2,1.43853,12.38646,4696.713,27.327,0.043
orange,3,177,35.4,1.38311,12.54366,4728.681,27.492,0.068
orange,3,178,35.6,1.3084,12.6734,4753.922,27.641,0.063
orange,3,179,35.8,1.20702,12.80512,4785.906,27.805,0.035
orange,3,180,36.0,1.1507,12.93635,4808.945,27.947,0.047
orange,3,181,36.2,1.11095,13.10666,4842.503,28.116,0.092
orange,3,182,36.4,1.03866,13.22938,4868.379,28.259,0.085
orange,3,183,36.6,0.9283,13.35526,4903.337,28.422,0.047
orange,3,184,36.8,0.86424,13.48818,4923.209,28.569,0.053
orange,3,185,37.0,0.81894,13.65287,4956.211,28.736,0.09
orange,3,186,37.2,0.73778,13.79023,4981.673,28.895,0.083
orange,3,187,37.4,0.63125,13.92579,5024.87,29.065,0.053
orange,3,188,37.6,0.57689,14.0641,5047.144,29.212,0.07
orange,3,189,37.8,0.53573,14.23833,5081.859,29.386,0.115
orange,3,190,38.0,0.45281,14.36819,5107.941,29.539,0.103
orange,3,191,38.2,0.34229,14.48915,5144.939,29.698,0.062
orange,3,192,38.4,0.27483,14.60581,5161.857,29.833,0.058
orange,4,0,0.0,24.0,3.0,0.0,0.0,0.0
orange,4,1,0.2,23.97834,3.00093,25.345,0.022,0.001
orange,4,2,0.4,23.89994,3.01901,49.844,0.1,0.019
orange,4,3,0.6,23.75397,3.04487,84.206,0.246,0.045
orange,4,4,0.8,23.62845,3.05625,103.872,0.372,0.056
orange,4,5,1.0,23.47321,3.06063,124.241,0.527,0.061
orange,4,6,1.2,23.32685,3.06225,148.4,0.673,0.062
orange,4,7,1.4,23.15556,3.03821,168.555,0.844,0.038
orange,4,8,1.6,22.99696,3.01783,197.132,1.003,0.018
orange,4,9,1.8,22.83666,3.02492,214.119,1.163,0.025
orange,4,10,2.0,22.66605,3.0476,245.026,1.334,0.048
orange,4,11,2.2,22.49018,3.03355,265.978,1.51,0.034
orange,4,12,2.4,22.31765,3.01631,302.553,1.682,0.016
orange,4,13,2.6,22.13611,3.03953,323.656,1.864,0.04
orange,4,14,2.8,21.95367,3.06347,357.39,2.046,0.063
orange,4,15,3.0,21.76795,3.03879,380.024,2.232,0.039
orange,4,16,3.2,21.5857,3.0298,418.058,2.414,0.03
orange,4,17,3.4,21.38041,3.06256,454.15,2.62,0.063
orange,4,18,3.6,21.20004,3.06928,481.132,2.8,0.069
orange,4,19,3.8,21.03468,3.04633,521.8,2.965,0.046
orange,4,20,4.0,20.90739,3.03703,537.746,3.093,0.037
orange,4,21,4.2,20.75711,3.04592,558.782,3.243,0.046
orange,4,22,4.4,20.62217,3.04729,588.55,3.378,0.047
orange,4,23,4.6,20.44101,3.01146,613.269,3.559,0.011
orange,4,24,4.8,20.28737,2.98415,646.788,3.713,0.016
orange,4,25,5.0,20.13912,2.99171,666.59,3.861,0.008
orange,4,26,5.2,19.98385,3.01343,696.424,4.016,0.013
orange,4,27,5.4,19.83175,2.99718,721.727,4.168,0.003
orange,4,28,5.6,19.66938,2.97207,758.457,4.331,0.028
orange,4,29,5.8,19.51712,2.98908,773.334,4.483,0.011
orange,4,30,6.0,19.35616,3.03613,808.755,4.644,0.036
orange,4,31,6.2,19.19342,3.02902,836.965,4.807,0.029
orange,4,32,6.4,19.01949,2.99414,870.346,4.981,0.006
orange,4,33,6.6,18.87873,3.00239,885.756,5.121,0.002
orange,4,34,6.8,18.73187,3.02562,911.644,5.268,0.026
orange,4,35,7.0,18.57736,3.01521,935.271,5.423,0.015
orange,4,36,7.2,18.41776,2.99799,969.102,5.582,0.002
orange,4,37,7.4,18.27186,3.0063,984.984,5.728,0.006
orange,4,38,7.6,18.10602,3.03588,1013.881,5.894,0.036
orange,4,39,7.8,17.93926,3.02369,1037.193,6.061,0.024
orange,4,40,8.0,17.76768,2.98552,1077.492,6.232,0.014
orange,4,41,8.2,17.63195,2.98035,1094.278,6.368,0.02
orange,4,42,8.4,17.47108,3.00299,1125.207,6.529,0.003
orange,4,43,8.6,17.32078,3.00642,1148.483,6.679,0.006
orange,4,44,8.8,17.13735,2.97525,1185.641,6.863,0.025
orange,4,45,9.0,16.99295,2.97396,1203.6,7.007,0.026
orange,4,46,9.2,16.83204,3.01061,1226.335,7.168,0.011
orange,4,47,9.4,16.69089,3.04168,1256.23,7.309,0.042
orange,4,48,9.6,16.52682,3.03164,1276.98,7.473,0.032
orange,4,49,9.8,16.38219,3.02159,1306.791,7.618,0.022
orange,4,50,10.0,16.23686,3.03078,1325.932,7.763,0.031
orange,4,51,10.2,16.07564,3.04873,1354.047,7.924,0.049
orange,4,52,10.4,15.89781,3.0196,1378.71,8.102,0.02
orange,4,53,10.6,15.71931,2.99008,1420.088,8.281,0.01
orange,4,54,10.8,15.55922,3.01029,1442.084,8.441,0.01
orange,4,55,11.0,15.39619,3.05313,1479.104,8.604,0.053
orange,4,56,11.2,15.25314,3.04357,1505.411,8.747,0.044
orange,4,57,11.4,15.08747,3.00905,1538.592,8.913,0.009
orange,4,58,11.6,14.93884,3.01355,1558.124,9.061,0.014
orange,4,59,11.8,14.77116,3.04917,1592.49,9.229,0.049
orange,4,60,12.0,14.6273,3.05836,1613.587,9.373,0.058
orange,4,61,12.2,14.47304,3.05143,1645.002,9.527,0.051
orange,4,62,12.4,14.3171,3.06803,1661.157,9.683,0.068
orange,4,63,12.6,14.14229,3.10987,1695.013,9.858,0.11
orange,4,64,12.8,13.97949,3.10088,1719.341,10.021,0.101
orange,4,65,13.0,13.80298,3.06343,1755.213,10.197,0.063
orange,4,66,13.2,13.65716,3.06324,1773.181,10.343,0.063
orange,4,67,13.4,13.48831,3.09247,1801.754,10.512,0.092
orange,4,68,13.6,13.33092,3.07475,1823.791,10.669,0.075
orange,4,69,13.8,13.15831,3.02234,1854.556,10.842,0.022
orange,4,70,14.0,13.00241,3.01965,1872.895,10.998,0.02
orange,4,71,14.2,12.83803,3.05136,1905.35,11.162,0.051
orange,4,72,14.4,12.67809,3.03621,1930.968,11.322,0.036
orange,4,73,14.6,12.51207,2.99765,1963.632,11.488,0.002
orange,4,74,14.8,12.36706,3.00142,1980.668,11.633,0.001
orange,4,75,15.0,12.20055,3.03463,2010.811,11.799,0.035
orange,4,76,15.2,12.04263,3.02773,2034.084,11.957,0.028
orange,4,77,15.4,11.86875,2.99554,2066.373,12.131,0.004
orange,4,78,15.6,11.70766,3.01857,2086.978,12.292,0.019
orange,4,79,15.8,11.52931,3.08073,2122.599,12.471,0.081
orange,4,80,16.0,11.36854,3.08169,2148.471,12.631,0.082
orange,4,81,16.2,11.20426,3.05521,2186.619,12.796,0.055
orange,4,82,16.4,11.06709,3.05197,2202.865,12.933,0.052
orange,4,83,16.6,10.90083,3.07663,2234.153,13.099,0.077
orange,4,84,16.8,10.74921,3.07158,2258.243,13.251,0.072
orange,4,85,17.0,10.57425,3.02784,2292.868,13.426,0.028
orange,4,86,17.2,10.42568,3.0222,2310.816,13.574,0.022
orange,4,87,17.4,10.24824,3.06229,2343.689,13.752,0.062
orange,4,88,17.6,10.09756,3.07479,2368.506,13.902,0.075
orange,4,89,17.8,9.93011,3.04422,2401.421,14.07,0.044
orange,4,90,18.0,9.78182,3.04322,2419.165,14.218,0.043
orange,4,91,18.2,9.60855,3.08284,2449.558,14.391,0.083
orange,4,92,18.4,9.45262,3.08788,2473.354,14.547,0.088
orange,4,93,18.6,9.27624,3.05023,2508.28,14.724,0.05
orange,4,94,18.8,9.14011,3.03268,2527.853,14.86,0.033
orange,4,95,19.0,8.98188,3.04139,2550.763,15.018,0.041
orange,4,96,19.2,8.82656,3.0529,2581.009,15.173,0.053
orange,4,97,19.4,8.64933,3.03607,2614.707,15.351,0.036
orange,4,98,19.6,8.50436,3.05751,2630.968,15.496,0.058
orange,4,99,19.8,8.37167,3.15115,2655.19,15.735,0.073
orange,4,100,20.0,8.26552,3.24645,2686.299,15.876,0.05
orange,4,101,20.2,8.14361,3.34129,2703.799,16.027,0.015
orange,4,102,20.4,8.03699,3.43643,2732.481,16.168,0.008
orange,4,103,20.6,7.95116,3.56912,2751.588,16.325,0.009
orange,4,104,20.8,7.87506,3.71623,2785.654,16.487,0.042
orange,4,105,21.0,7.76909,3.83077,2807.834,16.643,0.032
orange,4,106,21.2,7.65406,3.94098,2839.61,16.801,0.011
orange,4,107,21.4,7.56922,4.06972,2857.164,16.954,0.026
orange,4,108,21.6,7.48586,4.22177,2886.239,17.125,0.057
orange,4,109,21.8,7.35317,4.33882,2909.949,17.299,0.027
orange,4,110,22.0,7.22425,4.44795,2950.066,17.465,0.004
orange,4,111,22.2,7.14282,4.58057,2971.57,17.62,0.016
orange,4,112,22.4,7.06768,4.71714,3003.053,17.773,0.043
orange,4,113,22.6,6.95745,4.8342,3026.179,17.933,0.031
orange,4,114,22.8,6.83967,4.94052,3056.073,18.09,0.006
orange,4,115,23.0,6.75908,5.02634,3072.858,18.207,0.002
orange,4,116,23.2,6.68303,5.09468,3093.711,18.308,0.019
orange,4,117,23.4,6.61722,5.15801,3113.507,18.399,0.03
orange,4,118,23.6,6.54628,5.18193,3136.709,18.462,0.07
orange,4,119,23.8,6.45168,5.17626,3166.589,18.517,0.147
orange,4,120,24.0,6.34882,5.20186,3189.513,18.602,0.211
orange,4,121,24.2,6.23257,5.26344,3222.463,18.723,0.263
orange,4,122,24.4,6.1517,5.33536,3245.934,18.83,0.281
orange,4,123,24.6,6.08133,5.42214,3271.207,18.941,0.281
orange,4,124,24.8,6.00487,5.55646,3296.134,19.094,0.256
orange,4,125,25.0,5.91029,5.70436,3330.432,19.268,0.236
orange,4,126,25.2,5.84095,5.81216,3347.321,19.396,0.223
orange,4,127,25.4,5.7685,5.93597,3364.156,19.538,0.201
orange,4,128,25.6,5.71268,6.05111,3387.585,19.662,0.172
orange,4,129,25.8,5.63645,6.20092,3408.338,19.827,0.137
orange,4,130,26.0,5.55905,6.34484,3440.891,19.987,0.107
orange,4,131,26.2,5.49663,6.49567,3457.265,20.144,0.061
orange,4,132,26.4,5.44152,6.66425,3489.664,20.309,0.002
orange,4,133,26.6,5.35473,6.81489,3509.417,20.481,0.03
orange,4,134,26.8,5.26353,6.96137,3547.363,20.652,0.051
orange,4,135,27.0,5.17742,7.14521,3572.135,20.85,0.099
orange,4,136,27.2,5.08641,7.29754,3610.365,21.025,0.124
orange,4,137,27.4,4.95284,7.41928,3638.112,21.204,0.097
orange,4,138,27.6,4.84823,7.53022,3670.279,21.356,0.085
orange,4,139,27.8,4.76381,7.68734,3694.044,21.531,0.118
orange,4,140,28.0,4.68309,7.81875,3730.963,21.684,0.138
orange,4,141,28.2,4.54165,7.92552,3754.673,21.856,0.095
orange,4,142,28.4,4.42863,8.01605,3792.141,21.998,0.064
orange,4,143,28.6,4.3351,8.13385,3811.29,22.148,0.066
orange,4,144,28.8,4.25354,8.26105,3841.45,22.298,0.082
orange,4,145,29.0,4.1461,8.3708,3863.879,22.451,0.068
orange,4,146,29.2,4.02609,8.47894,3898.483,22.611,0.042
orange,4,147,29.4,3.93756,8.59534,3915.048,22.757,0.047
orange,4,148,29.6,3.85142,8.74356,3950.003,22.926,0.073
orange,4,149,29.8,3.72333,8.85338,3975.253,23.092,0.042
orange,4,150,30.0,3.57925,8.9539,4009.265,23.261,0.007
orange,4,151,30.2,3.48113,9.07369,4025.354,23.416,0.008
orange,4,152,30.4,3.39176,9.21095,4053.016,23.579,0.009
orange,4,153,30.6,3.2625,9.32089,4079.873,23.745,0.022
orange,4,154,30.8,3.13692,9.43179,4123.467,23.911,0.05
orange,4,155,31.0,3.05823,9.58314,4144.404,24.078,0.016
orange,4,156,31.2,2.99237,9.73812,4181.511,24.24,0.03
orange,4,157,31.4,2.90436,9.86012,4202.524,24.39,0.038
orange,4,158,31.6,2.81018,9.97194,4232.177,24.536,0.035
orange,4,159,31.8,2.7277,10.09887,4252.024,24.687,0.051
orange,4,160,32.0,2.65143,10.23876,4284.26,24.843,0.079
orange,4,161,32.2,2.56233,10.35732,4306.649,25.007,0.082
orange,4,162,32.4,2.44457,10.48336,4338.438,25.174,0.037
orange,4,163,32.6,2.37092,10.59908,4355.782,25.311,0.026
orange,4,164,32.8,2.31859,10.75214,4385.889,25.471,0.052
orange,4,165,33.0,2.25065,10.88614,4408.959,25.621,0.055
orange,4,166,33.2,2.1313,11.02903,4443.178,25.803,0.017
orange,4,167,33.4,2.06306,11.14997,4463.058,25.942,0.013
orange,4,168,33.6,2.01676,11.30981,4486.718,26.105,0.048
orange,4,169,33.8,1.9721,11.44539,4518.637,26.245,0.072
orange,4,170,34.0,1.88094,11.5776,4540.105,26.405,0.053
orange,4,171,34.2,1.79856,11.7026,4570.006,26.554,0.039
orange,4,172,34.4,1.73934,11.8543,4591.184,26.716,0.058
orange,4,173,34.6,1.68983,12.00786,4626.319,26.874,0.087
orange,4,174,34.8,1.60306,12.13811,4648.49,27.03,0.071
orange,4,175,35.0,1.50348,12.26149,4678.903,27.186,0.041
orange,4,176,35.2,1.43853,12.38646,4696.713,27.327,0.043
orange,4,177,35.4,1.38311,12.54366,4728.681,27.492,0.068
orange,4,178,35.6,1.3084,12.6734,4753.922,27.641,0.063
orange,4,179,35.8,1.20702,12.80512,4785.906,27.805,0.035
orange,4,180,36.0,1.1507,12.93635,4808.945,27.947,0.047
orange,4,181,36.2,1.11095,13.10666,4842.503,28.116,0.092
orange,4,182,36.4,1.03866,13.22938,4868.379,28.259,0.085
orange,4,183,36.6,0.9283,13.35526,4903.337,28.422,0.047
orange,4,184,36.8,0.86424,13.48818,4923.209,28.569,0.053
orange,4,185,37.0,0.81894,13.65287,4956.211,28.736,0.09
orange,4,186,37.2,0.73778,13.79023,4981.673,28.895,0.083
orange,4,187,37.4,0.63125,13.92579,5024.87,29.065,0.053
orange,4,188,37.6,0.57689,14.0641,5047.144,29.212,0.07
orange,4,189,37.8,0.53573,14.23833,5081.859,29.386,0.115
orange,4,190,38.0,0.45281,14.36819,5107.941,29.539,0.103
orange,4,191,38.2,0.34229,14.48915,5144.939,29.698,0.062
orange,4,192,38.4,0.27483,14.60581,5161.857,29.833,0.058
orange,5,0,0.0,24.0,3.0,0.0,0.0,0.0
orange,5,1,0.2,23.97834,3.00093,25.345,0.022,0.001
orange,5,2,0.4,23.89994,3.01901,49.844,0.1,0.019
orange,5,3,0.6,23.75397,3.04487,84.206,0.246,0.045
orange,5,4,0.8,23.62845,3.05625,103.872,0.372,0.056
orange,5,5,1.0,23.47321,3.06063,124.241,0.527,0.061
orange,5,6,1.2,23.32685,3.06225,148.4,0.673,0.062
orange,5,7,1.4,23.15556,3.03821,168.555,0.844,0.038
orange,5,8,1.6,22.99696,3.01783,197.132,1.003,0.018
orange,5,9,1.8,22.83666,3.02492,214.119,1.163,0.025
orange,5,10,2.0,22.66605,3.0476,245.026,1.334,0.048
orange,5,11,2.2,22.49018,3.03355,265.978,1.51,0.034
orange,5,12,2.4,22.31765,3.01631,302.553,1.682,0.016
orange,5,13,2.6,22.13611,3.03953,323.656,1.864,0.04
orange,5,14,2.8,21.95367,3.06347,357.39,2.046,0.063
orange,5,15,3.0,21.76795,3.03879,380.024,2.232,0.039
orange,5,16,3.2,21.5857,3.0298,418.058,2.414,0.03
orange,5,17,3.4,21.38041,3.06256,454.15,2.62,0.063
orange,5,18,3.6,21.20004,3.06928,481.132,2.8,0.069
orange,5,19,3.8,21.03468,3.04633,521.8,2.965,0.046
orange,5,20,4.0,20.90739,3.03703,537.746,3.093,0.037
orange,5,21,4.2,20.75711,3.04592,558.782,3.243,0.046
orange,5,22,4.4,20.62217,3.04729,588.55,3.378,0.047
orange,5,23,4.6,20.44101,3.01146,613.269,3.559,0.011
orange,5,24,4.8,20.28737,2.98415,646.788,3.713,0.016
orange,5,25,5.0,20.13912,2.99171,666.59,3.861,0.008
orange,5,26,5.2,19.98385,3.01343,696.424,4.016,0.013
orange,5,27,5.4,19.83175,2.99718,721.727,4.168,0.003
orange,5,28,5.6,19.66938,2.97207,758.457,4.331,0.028
orange,5,29,5.8,19.51712,2.98908,773.334,4.483,0.011
orange,5,30,6.0,19.35616,3.03613,808.755,4.644,0.036
orange,5,31,6.2,19.19342,3.02902,836.965,4.807,0.029
orange,5,32,6.4,19.01949,2.99414,870.346,4.981,0.006
orange,5,33,6.6,18.87873,3.00239,885.756,5.121,0.002
orange,5,34,6.8,18.73187,3.02562,911.644,5.268,0.026
orange,5,35,7.0,18.57736,3.01521,935.271,5.423,0.015
orange,5,36,7.2,18.41776,2.99799,969.102,5.582,0.002
orange,5,37,7.4,18.27186,3.0063,984.984,5.728,0.006
orange,5,38,7.6,18.10602,3.03588,1013.881,5.894,0.036
orange,5,39,7.8,17.93926,3.02369,1037.193,6.061,0.024
orange,5,40,8.0,17.76768,2.98552,1077.492,6.232,0.014
orange,5,41,8.2,17.63195,2.98035,1094.278,6.368,0.02
orange,5,42,8.4,17.47108,3.00299,1125.207,6.529,0.003
orange,5,43,8.6,17.32078,3.00642,1148.483,6.679,0.006
orange,5,44,8.8,17.13735,2.97525,1185.641,6.863,0.025
orange,5,45,9.0,16.99295,2.97396,1203.6,7.007,0.026
orange,5,46,9.2,16.83204,3.01061,1226.335,7.168,0.011
orange,5,47,9.4,16.69089,3.04168,1256.23,7.309,0.042
orange,5,48,9.6,16.52682,3.03164,1276.98,7.473,0.032
orange,5,49,9.8,16.38219,3.02159,1306.791,7.618,0.022
orange,5,50,10.0,16.23686,3.03078,1325.932,7.763,0.031
orange,5,51,10.2,16.07564,3.04873,1354.047,7.924,0.049
orange,5,52,10.4,15.89781,3.0196,1378.71,8.102,0.02
orange,5,53,10.6,15.71931,2.99008,1420.088,8.281,0.01
orange,5,54,10.8,15.55922,3.01029,1442.084,8.441,0.01
orange,5,55,11.0,15.39619,3.05313,1479.104,8.604,0.053
orange,5,56,11.2,15.25314,3.04357,1505.411,8.747,0.044
orange,5,57,11.4,15.08747,3.00905,1538.592,8.913,0.009
orange,5,58,11.6,14.93884,3.01355,1558.124,9.061,0.014
orange,5,59,11.8,14.77116,3.04917,1592.49,9.229,0.049
orange,5,60,12.0,14.6273,3.05836,1613.587,9.373,0.058
orange,5,61,12.2,14.47304,3.05143,1645.002,9.527,0.051
orange,5,62,12.4,14.3171,3.06803,1661.157,9.683,0.068
orange,5,63,12.6,14.14229,3.10987,1695.013,9.858,0.11
orange,5,64,12.8,13.97949,3.10088,1719.341,10.021,0.101
orange,5,65,13.0,13.80298,3.06343,1755.213,10.197,0.063
orange,5,66,13.2,13.65716,3.06324,1773.181,10.343,0.063
orange,5,67,13.4,13.48831,3.09247,1801.754,10.512,0.092
orange,5,68,13.6,13.33092,3.07475,1823.791,10.669,0.075
orange,5,69,13.8,13.15831,3.02234,1854.556,10.842,0.022
orange,5,70,14.0,13.00241,3.01965,1872.895,10.998,0.02
orange,5,71,14.2,12.83803,3.05136,1905.35,11.162,0.051
orange,5,72,14.4,12.67809,3.03621,1930.968,11.322,0.036
orange,5,73,14.6,12.51207,2.99765,1963.632,11.488,0.002
orange,5,74,14.8,12.36706,3.00142,1980.668,11.633,0.001
orange,5,75,15.0,12.20055,3.03463,2010.811,11.799,0.035
orange,5,76,15.2,12.04263,3.02773,2034.084,11.957,0.028
orange,5,77,15.4,11.86875,2.99554,2066.373,12.131,0.004
orange,5,78,15.6,11.70766,3.01857,2086.978,12.292,0.019
orange,5,79,15.8,11.52931,3.08073,2122.599,12.471,0.081
orange,5,80,16.0,11.36854,3.08169,2148.471,12.631,0.082
orange,5,81,16.2,11.20426,3.05521,2186.619,12.796,0.055
orange,5,82,16.4,11.06709,3.05197,2202.865,12.933,0.052
orange,5,83,16.6,10.90083,3.07663,2234.153,13.099,0.077
orange,5,84,16.8,10.74921,3.07158,2258.243,13.251,0.072
orange,5,85,17.0,10.57425,3.02784,2292.868,13.426,0.028
orange,5,86,17.2,10.42568,3.0222,2310.816,13.574,0.022
orange,5,87,17.4,10.24824,3.06229,2343.689,13.752,0.062
orange,5,88,17.6,10.09756,3.07479,2368.506,13.902,0.075
orange,5,89,17.8,9.93011,3.04422,2401.421,14.07,0.044
orange,5,90,18.0,9.78182,3.04322,2419.165,14.218,0.043
orange,5,91,18.2,9.60855,3.08284,2449.558,14.391,0.083
orange,5,92,18.4,9.45262,3.08788,2473.354,14.547,0.088
orange,5,93,18.6,9.27624,3.05023,2508.28,14.724,0.05
orange,5,94,18.8,9.14011,3.03268,2527.853,14.86,0.033
orange,5,95,19.0,8.98188,3.04139,2550.763,15.018,0.041
orange,5,96,19.2,8.82656,3.0529,2581.009,15.173,0.053
orange,5,97,19.4,8.64933,3.03607,2614.707,15.351,0.036
orange,5,98,19.6,8.50436,3.05751,2630.968,15.496,0.058
orange,5,99,19.8,8.37167,3.15115,2655.19,15.735,0.073
orange,5,100,20.0,8.26552,3.24645,2686.299,15.876,0.05
orange,5,101,20.2,8.14361,3.34129,2703.799,16.027,0.015
orange,5,102,20.4,8.03699,3.43643,2732.481,16.168,0.008
orange,5,103,20.6,7.95116,3.56912,2751.588,16.325,0.009
orange,5,104,20.8,7.87506,3.71623,2785.654,16.487,0.042
orange,5,105,21.0,7.76909,3.83077,2807.834,16.643,0.032
orange,5,106,21.2,7.65406,3.94098,2839.61,16.801,0.011
orange,5,107,21.4,7.56922,4.06972,2857.164,16.954,0.026
orange,5,108,21.6,7.48586,4.22177,2886.239,17.125,0.057
orange,5,109,21.8,7.35317,4.33882,2909.949,17.299,0.027
orange,5,110,22.0,7.22423,4.44786,2949.992,17.465,0.004
orange,5,111,22.2,7.14261,4.58033,2970.651,17.619,0.015
orange,5,112,22.4,7.06585,4.71727,3001.802,17.774,0.042
orange,5,113,22.6,6.95256,4.83496,3025.232,17.937,0.028
orange,5,114,22.8,6.83315,4.94266,3055.454,18.096,0.003
orange,5,115,23.0,6.75993,5.02188,3070.863,18.203,0.005
orange,5,116,23.2,6.69184,5.08058,3090.174,18.292,0.021
orange,5,117,23.4,6.63757,5.13482,3107.321,18.368,0.029
orange,5,118,23.6,6.58238,5.16759,3130.051,18.428,0.051
orange,5,119,23.8,6.50178,5.18561,3154.263,18.493,0.102
orange,5,120,24.0,6.42654,5.19543,3182.029,18.548,0.155
orange,5,121,24.2,6.3361,5.17457,3209.055,18.589,0.238
orange,5,122,24.4,6.22105,5.14189,3249.412,18.635,0.348
orange,5,123,24.6,6.10152,5.17184,3271.347,18.734,0.422
orange,5,124,24.8,6.01656,5.23655,3306.632,18.838,0.448
orange,5,125,25.0,5.96538,5.32738,3333.758,18.94,0.431
orange,5,126,25.2,5.9368,5.44042,3354.56,19.046,0.382
orange,5,127,25.4,5.88513,5.60214,3379.169,19.205,0.32
orange,5,128,25.6,5.83606,5.71742,3412.687,19.325,0.286
orange,5,129,25.8,5.77299,5.83621,3431.601,19.457,0.26
orange,5,130,26.0,5.7117,5.95569,3451.481,19.589,0.233
orange,5,131,26.2,5.64551,6.10182,3474.317,19.744,0.193
orange,5,132,26.4,5.56468,6.25987,3508.563,19.918,0.156
orange,5,133,26.6,5.50899,6.4035,3525.16,20.064,0.109
orange,5,134,26.8,5.46543,6.57685,3555.418,20.226,0.034
orange,5,135,27.0,5.3898,6.72958,3578.059,20.393,0.003
orange,5,136,27.2,5.29078,6.87504,3612.949,20.568,0.018
orange,5,137,27.4,5.20529,7.04181,3631.951,20.752,0.056
orange,5,138,27.6,5.12255,7.20504,3673.002,20.931,0.094
orange,5,139,27.8,5.01111,7.33165,3694.506,21.099,0.087
orange,5,140,28.0,4.8997,7.4575,3742.92,21.267,0.08
orange,5,141,28.2,4.82305,7.62373,3767.104,21.444,0.124
orange,5,142,28.4,4.74432,7.77657,3804.116,21.613,0.159
orange,5,143,28.6,4.58693,7.88289,3833.509,21.794,0.104
orange,5,144,28.8,4.46277,7.96605,3867.092,21.937,0.059
orange,5,145,29.0,4.36489,8.06109,3885.983,22.073,0.043
orange,5,146,29.2,4.2731,8.17142,3914.676,22.216,0.041
orange,5,147,29.4,4.17311,8.27068,3939.611,22.356,0.026
orange,5,148,29.6,4.04124,8.37777,3969.481,22.522,0.01
orange,5,149,29.8,3.95026,8.47633,3982.694,22.656,0.018
orange,5,150,30.0,3.86971,8.61403,4004.907,22.814,0.006
orange,5,151,30.2,3.79805,8.72908,4034.218,22.948,0.022
orange,5,152,30.4,3.68182,8.85085,4056.42,23.116,0.008
orange,5,153,30.6,3.57709,8.96151,4088.397,23.268,0.004
orange,5,154,30.8,3.4976,9.08633,4107.423,23.415,0.013
orange,5,155,31.0,3.42058,9.22287,4136.334,23.57,0.039
orange,5,156,31.2,3.29694,9.34145,4159.234,23.74,0.017
orange,5,157,31.4,3.16477,9.46066,4201.723,23.916,0.011
orange,5,158,31.6,3.07422,9.60203,4220.434,24.082,0.008
orange,5,159,31.8,2.99489,9.75496,4254.334,24.251,0.042
orange,5,160,32.0,2.88528,9.87404,4276.4,24.413,0.032
orange,5,161,32.2,2.77695,9.9913,4311.483,24.572,0.021
orange,5,162,32.4,2.70415,10.13538,4331.097,24.73,0.055
orange,5,163,32.6,2.6309,10.28678,4364.59,24.894,0.093
orange,5,164,32.8,2.50971,10.41124,4388.901,25.08,0.061
orange,5,165,33.0,2.39746,10.52571,4429.662,25.234,0.015
orange,5,166,33.2,2.3391,10.66827,4451.037,25.387,0.031
orange,5,167,33.4,2.28457,10.82695,4485.983,25.553,0.057
orange,5,168,33.6,2.17843,10.9682,4509.236,25.727,0.03
orange,5,169,33.8,2.07534,11.09134,4546.269,25.884,0.003
orange,5,170,34.0,2.01289,11.22722,4565.609,26.034,0.005
orange,5,171,34.2,1.9654,11.38373,4597.03,26.194,0.037
orange,5,172,34.4,1.89416,11.51797,4620.415,26.346,0.037
orange,5,173,34.6,1.79916,11.65876,4656.842,26.515,0.019
orange,5,174,34.8,1.74381,11.78966,4674.489,26.656,0.032
orange,5,175,35.0,1.70272,11.9627,4705.822,26.829,0.077
orange,5,176,35.2,1.63849,12.0975,4730.628,26.978,0.084
orange,5,177,35.4,1.51851,12.23087,4767.022,27.152,0.04
orange,5,178,35.6,1.44439,12.35259,4788.555,27.294,0.032
orange,5,179,35.8,1.39377,12.51834,4817.193,27.464,0.065
orange,5,180,36.0,1.32773,12.65419,4842.61,27.615,0.071
orange,5,181,36.2,1.21694,12.78818,4873.691,27.785,0.036
orange,5,182,36.4,1.13926,12.91737,4889.728,27.936,0.028
orange,5,183,36.6,1.08926,13.08495,4919.054,28.107,0.062
orange,5,184,36.8,1.02278,13.2234,4944.246,28.261,0.069
orange,5,185,37.0,0.90303,13.36141,4978.215,28.439,0.028
orange,5,186,37.2,0.83011,13.48861,4998.085,28.586,0.023
orange,5,187,37.4,0.78372,13.65315,5029.403,28.753,0.059
orange,5,188,37.6,0.73204,13.78508,5052.995,28.893,0.076
orange,5,189,37.8,0.64689,13.91421,5073.131,29.047,0.061
orange,5,190,38.0,0.57874,14.02985,5104.677,29.181,0.055
orange,5,191,38.2,0.5167,14.16721,5124.663,29.332,0.065
orange,5,192,38.4,0.45399,14.31386,5155.351,29.491,0.079
orange,5,193,38.6,0.34803,14.44613,5178.748,29.657,0.047
orange,5,194,38.8,0.23444,14.57855,5215.641,29.828,0.009
orange,6,0,0.0,24.0,3.0,0.0,0.0,0.0
orange,6,1,0.2,23.97834,3.00093,25.345,0.022,0.001
orange,6,2,0.4,23.89994,3.01901,49.844,0.1,0.019
orange,6,3,0.6,23.75397,3.04487,84.206,0.246,0.045
orange,6,4,0.8,23.62845,3.05625,103.872,0.372,0.056
orange,6,5,1.0,23.47321,3.06063,124.241,0.527,0.061
orange,6,6,1.2,23.32685,3.06225,148.4,0.673,0.062
orange,6,7,1.4,23.15556,3.03821,168.555,0.844,0.038
orange,6,8,1.6,22.99696,3.01783,197.132,1.003,0.018
orange,6,9,1.8,22.83666,3.02492,214.119,1.163,0.025
orange,6,10,2.0,22.66605,3.0476,245.026,1.334,0.048
orange,6,11,2.2,22.49018,3.03355,265.978,1.51,0.034
orange,6,12,2.4,22.31765,3.01631,302.553,1.682,0.016
orange,6,13,2.6,22.13611,3.03953,323.656,1.864,0.04
orange,6,14,2.8,21.95367,3.06347,357.39,2.046,0.063
orange,6,15,3.0,21.76795,3.03879,380.024,2.232,0.039
orange,6,16,3.2,21.5857,3.0298,418.058,2.414,0.03
orange,6,17,3.4,21.38041,3.06256,454.15,2.62,0.063
orange,6,18,3.6,21.20004,3.06928,481.132,2.8,0.069
orange,6,19,3.8,21.03468,3.04633,521.8,2.965,0.046
orange,6,20,4.0,20.90739,3.03703,537.746,3.093,0.037
orange,6,21,4.2,20.75711,3.04592,558.782,3.243,0.046
orange,6,22,4.4,20.62217,3.04729,588.55,3.378,0.047
orange,6,23,4.6,20.44101,3.01146,613.269,3.559,0.011
orange,6,24,4.8,20.28737,2.98415,646.788,3.713,0.016
orange,6,25,5.0,20.13912,2.99171,666.59,3.861,0.008
orange,6,26,5.2,19.98385,3.01343,696.424,4.016,0.013
orange,6,27,5.4,19.83175,2.99718,721.727,4.168,0.003
orange,6,28,5.6,19.66938,2.97207,758.457,4.331,0.028
orange,6,29,5.8,19.51712,2.98908,773.334,4.483,0.011
orange,6,30,6.0,19.35616,3.03613,808.755,4.644,0.036
orange,6,31,6.2,19.19342,3.02902,836.965,4.807,0.029
orange,6,32,6.4,19.01949,2.99414,870.346,4.981,0.006
orange,6,33,6.6,18.87873,3.00239,885.756,5.121,0.002
orange,6,34,6.8,18.73187,3.02562,911.644,5.268,0.026
orange,6,35,7.0,18.57736,3.01521,935.271,5.423,0.015
orange,6,36,7.2,18.41776,2.99799,969.102,5.582,0.002
orange,6,37,7.4,18.27186,3.0063,984.984,5.728,0.006
orange,6,38,7.6,18.10602,3.03588,1013.881,5.894,0.036
orange,6,39,7.8,17.93926,3.02369,1037.193,6.061,0.024
orange,6,40,8.0,17.76768,2.98552,1077.492,6.232,0.014
orange,6,41,8.2,17.63195,2.98035,1094.278,6.368,0.02
orange,6,42,8.4,17.47108,3.00299,1125.207,6.529,0.003
orange,6,43,8.6,17.32078,3.00642,1148.483,6.679,0.006
orange,6,44,8.8,17.13735,2.97525,1185.641,6.863,0.025
orange,6,45,9.0,16.99295,2.97396,1203.6,7.007,0.026
orange,6,46,9.2,16.83204,3.01061,1226.335,7.168,0.011
orange,6,47,9.4,16.69089,3.04168,1256.23,7.309,0.042
orange,6,48,9.6,16.52682,3.03164,1276.98,7.473,0.032
orange,6,49,9.8,16.38219,3.02159,1306.791,7.618,0.022
orange,6,50,10.0,16.23686,3.03078,1325.932,7.763,0.031
orange,6,51,10.2,16.07564,3.04873,1354.047,7.924,0.049
orange,6,52,10.4,15.89781,3.0196,1378.71,8.102,0.02
orange,6,53,10.6,15.71931,2.99008,1420.088,8.281,0.01
orange,6,54,10.8,15.55922,3.01029,1442.084,8.441,0.01
orange,6,55,11.0,15.39619,3.05313,1479.104,8.604,0.053
orange,6,56,11.2,15.25314,3.04357,1505.411,8.747,0.044
orange,6,57,11.4,15.08747,3.00905,1538.592,8.913,0.009
orange,6,58,11.6,14.93884,3.01355,1558.124,9.061,0.014
orange,6,59,11.8,14.77116,3.04917,1592.49,9.229,0.049
orange,6,60,12.0,14.6273,3.05836,1613.587,9.373,0.058
orange,6,61,12.2,14.47304,3.05143,1645.002,9.527,0.051
orange,6,62,12.4,14.3171,3.06803,1661.157,9.683,0.068
orange,6,63,12.6,14.14229,3.10987,1695.013,9.858,0.11
orange,6,64,12.8,13.97949,3.10088,1719.341,10.021,0.101
orange,6,65,13.0,13.80298,3.06343,1755.213,10.197,0.063
orange,6,66,13.2,13.65716,3.06324,1773.181,10.343,0.063
orange,6,67,13.4,13.48831,3.09247,1801.754,10.512,0.092
orange,6,68,13.6,13.33092,3.07475,1823.791,10.669,0.075
orange,6,69,13.8,13.15831,3.02234,1854.556,10.842,0.022
orange,6,70,14.0,13.00241,3.01965,1872.895,10.998,0.02
orange,6,71,14.2,12.83803,3.05136,1905.35,11.162,0.051
orange,6,72,14.4,12.67809,3.03621,1930.968,11.322,0.036
orange,6,73,14.6,12.51207,2.99765,1963.632,11.488,0.002
orange,6,74,14.8,12.36706,3.00142,1980.668,11.633,0.001
orange,6,75,15.0,12.20055,3.03463,2010.811,11.799,0.035
orange,6,76,15.2,12.04263,3.02773,2034.084,11.957,0.028
orange,6,77,15.4,11.86875,2.99554,2066.373,12.131,0.004
orange,6,78,15.6,11.70766,3.01857,2086.978,12.292,0.019
orange,6,79,15.8,11.52931,3.08073,2122.599,12.471,0.081
orange,6,80,16.0,11.36854,3.08169,2148.471,12.631,0.082
orange,6,81,16.2,11.20426,3.05521,2186.619,12.796,0.055
orange,6,82,16.4,11.06709,3.05197,2202.865,12.933,0.052
orange,6,83,16.6,10.90083,3.07663,2234.153,13.099,0.077
orange,6,84,16.8,10.74921,3.07158,2258.243,13.251,0.072
orange,6,85,17.0,10.57425,3.02784,2292.868,13.426,0.028
orange,6,86,17.2,10.42568,3.0222,2310.816,13.574,0.022
orange,6,87,17.4,10.24824,3.06229,2343.689,13.752,0.062
orange,6,88,17.6,10.09756,3.07479,2368.506,13.902,0.075
orange,6,89,17.8,9.93011,3.04422,2401.421,14.07,0.044
orange,6,90,18.0,9.78182,3.04322,2419.165,14.218,0.043
orange,6,91,18.2,9.60855,3.08284,2449.558,14.391,0.083
orange,6,92,18.4,9.45262,3.08788,2473.354,14.547,0.088
orange,6,93,18.6,9.27624,3.05023,2508.28,14.724,0.05
orange,6,94,18.8,9.14011,3.03268,2527.853,14.86,0.033
orange,6,95,19.0,8.98188,3.04139,2550.763,15.018,0.041
orange,6,96,19.2,8.82656,3.0529,2581.009,15.173,0.053
orange,6,97,19.4,8.64933,3.03607,2614.707,15.351,0.036
orange,6,98,19.6,8.50436,3.05751,2630.968,15.496,0.058
orange,6,99,19.8,8.37167,3.15115,2655.19,15.735,0.073
orange,6,100,20.0,8.26552,3.24645,2686.299,15.876,0.05
orange,6,101,20.2,8.14361,3.34129,2703.799,16.027,0.015
orange,6,102,20.4,8.03699,3.43643,2732.481,16.168,0.008
orange,6,103,20.6,7.95116,3.56912,2751.588,16.325,0.009
orange,6,104,20.8,7.87506,3.71623,2785.654,16.487,0.042
orange,6,105,21.0,7.76909,3.83077,2807.834,16.643,0.032
orange,6,106,21.2,7.65406,3.94098,2839.61,16.801,0.011
orange,6,107,21.4,7.56922,4.06972,2857.164,16.954,0.026
orange,6,108,21.6,7.48586,4.22177,2886.239,17.125,0.057
orange,6,109,21.8,7.35317,4.33882,2909.949,17.299,0.027
orange,6,110,22.0,7.22425,4.44795,2950.066,17.465,0.004
orange,6,111,22.2,7.14282,4.58057,2971.57,17.62,0.016
orange,6,112,22.4,7.06768,4.71714,3003.053,17.773,0.043
orange,6,113,22.6,6.95745,4.8342,3026.179,17.933,0.031
orange,6,114,22.8,6.83967,4.94052,3056.073,18.09,0.006
orange,6,115,23.0,6.75908,5.02634,3072.858,18.207,0.002
orange,6,116,23.2,6.68303,5.09468,3093.711,18.308,0.019
orange,6,117,23.4,6.61722,5.15801,3113.507,18.399,0.03
orange,6,118,23.6,6.54628,5.18193,3136.709,18.462,0.07
orange,6,119,23.8,6.45168,5.17626,3166.589,18.517,0.147
orange,6,120,24.0,6.34882,5.20186,3189.513,18.602,0.211
orange,6,121,24.2,6.23257,5.26344,3222.463,18.723,0.263
orange,6,122,24.4,6.1517,5.33536,3245.934,18.83,0.281
orange,6,123,24.6,6.08133,5.42214,3271.207,18.941,0.281
orange,6,124,24.8,6.00487,5.55646,3296.134,19.094,0.256
orange,6,125,25.0,5.91029,5.70436,3330.432,19.268,0.236
orange,6,126,25.2,5.84095,5.81216,3347.321,19.396,0.223
orange,6,127,25.4,5.7685,5.93597,3364.156,19.538,0.201
orange,6,128,25.6,5.71268,6.05111,3387.585,19.662,0.172
orange,6,129,25.8,5.63645,6.20092,3408.338,19.827,0.137
orange,6,130,26.0,5.55905,6.34484,3440.891,19.987,0.107
orange,6,131,26.2,5.49663,6.49567,3457.265,20.144,0.061
orange,6,132,26.4,5.44152,6.66425,3489.664,20.309,0.002
orange,6,133,26.6,5.35473,6.81489,3509.417,20.481,0.03
orange,6,134,26.8,5.26353,6.96137,3547.363,20.652,0.051
orange,6,135,27.0,5.17742,7.14521,3572.135,20.85,0.099
orange,6,136,27.2,5.08641,7.29754,3610.365,21.025,0.124
orange,6,137,27.4,4.95284,7.41928,3638.112,21.204,0.097
orange,6,138,27.6,4.84823,7.53022,3670.279,21.356,0.085
orange,6,139,27.8,4.76381,7.68734,3694.044,21.531,0.118
orange,6,140,28.0,4.68309,7.81875,3730.963,21.684,0.138
orange,6,141,28.2,4.54165,7.92552,3754.673,21.856,0.095
orange,6,142,28.4,4.42863,8.01605,3792.141,21.998,0.064
orange,6,143,28.6,4.3351,8.13385,3811.29,22.148,0.066
orange,6,144,28.8,4.25354,8.26105,3841.45,22.298,0.082
orange,6,145,29.0,4.1461,8.3708,3863.879,22.451,0.068
orange,6,146,29.2,4.02609,8.47894,3898.483,22.611,0.042
orange,6,147,29.4,3.93756,8.59534,3915.048,22.757,0.047
orange,6,148,29.6,3.85142,8.74356,3950.003,22.926,0.073
orange,6,149,29.8,3.72333,8.85338,3975.253,23.092,0.042
orange,6,150,30.0,3.57925,8.9539,4009.265,23.261,0.007
orange,6,151,30.2,3.48113,9.07369,4025.354,23.416,0.008
orange,6,152,30.4,3.39176,9.21095,4053.016,23.579,0.009
orange,6,153,30.6,3.2625,9.32089,4079.873,23.745,0.022
orange,6,154,30.8,3.13692,9.43179,4123.467,23.911,0.05
orange,6,155,31.0,3.05823,9.58314,4144.404,24.078,0.016
orange,6,156,31.2,2.99237,9.73812,4181.511,24.24,0.03
orange,6,157,31.4,2.90436,9.86012,4202.524,24.39,0.038
orange,6,158,31.6,2.81018,9.97194,4232.177,24.536,0.035
orange,6,159,31.8,2.7277,10.09887,4252.024,24.687,0.051
orange,6,160,32.0,2.65143,10.23876,4284.26,24.843,0.079
orange,6,161,32.2,2.56233,10.35732,4306.649,25.007,0.082
orange,6,162,32.4,2.44457,10.48336,4338.438,25.174,0.037
orange,6,163,32.6,2.37092,10.59908,4355.782,25.311,0.026
orange,6,164,32.8,2.31859,10.75214,4385.889,25.471,0.052
orange,6,165,33.0,2.25065,10.88614,4408.959,25.621,0.055
orange,6,166,33.2,2.1313,11.02903,4443.178,25.803,0.017
orange,6,167,33.4,2.06306,11.14997,4463.058,25.942,0.013
orange,6,168,33.6,2.01676,11.30981,4486.718,26.105,0.048
orange,6,169,33.8,1.9721,11.44539,4518.637,26.245,0.072
orange,6,170,34.0,1.88094,11.5776,4540.105,26.405,0.053
orange,6,171,34.2,1.79856,11.7026,4570.006,26.554,0.039
orange,6,172,34.4,1.73934,11.8543,4591.184,26.716,0.058
orange,6,173,34.6,1.68983,12.00786,4626.319,26.874,0.087
orange,6,174,34.8,1.60306,12.13811,4648.49,27.03,0.071
orange,6,175,35.0,1.50348,12.26149,4678.903,27.186,0.041
orange,6,176,35.2,1.43853,12.38646,4696.713,27.327,0.043
orange,6,177,35.4,1.38311,12.54366,4728.681,27.492,0.068
orange,6,178,35.6,1.3084,12.6734,4753.922,27.641,0.063
orange,6,179,35.8,1.20702,12.80512,4785.906,27.805,0.035
orange,6,180,36.0,1.1507,12.93635,4808.945,27.947,0.047
orange,6,181,36.2,1.11095,13.10666,4842.503,28.116,0.092
orange,6,182,36.4,1.03866,13.22938,4868.379,28.259,0.085
orange,6,183,36.6,0.9283,13.35526,4903.337,28.422,0.047
orange,6,184,36.8,0.86424,13.48818,4923.209,28.569,0.053
orange,6,185,37.0,0.81894,13.65287,4956.211,28.736,0.09
orange,6,186,37.2,0.73778,13.79023,4981.673,28.895,0.083
orange,6,187,37.4,0.63125,13.92579,5024.87,29.065,0.053
orange,6,188,37.6,0.57689,14.0641,5047.144,29.212,0.07
orange,6,189,37.8,0.53573,14.23833,5081.859,29.386,0.115
orange,6,190,38.0,0.45281,14.36819,5107.941,29.539,0.103
orange,6,191,38.2,0.34229,14.48915,5144.939,29.698,0.062
orange,6,192,38.4,0.27483,14.60581,5161.857,29.833,0.058
orange,7,0,0.0,24.0,3.0,0.0,0.0,0.0
orange,7,1,0.2,23.97834,3.00093,25.345,0.022,0.001
orange,7,2,0.4,23.89994,3.01901,49.844,0.1,0.019
orange,7,3,0.6,23.75397,3.04487,84.206,0.246,0.045
orange,7,4,0.8,23.62845,3.05625,103.872,0.372,0.056
orange,7,5,1.0,23.47321,3.06063,124.241,0.527,0.061
orange,7,6,1.2,23.32685,3.06225,148.4,0.673,0.062
orange,7,7,1.4,23.15556,3.03821,168.555,0.844,0.038
orange,7,8,1.6,22.99696,3.01783,197.132,1.003,0.018
orange,7,9,1.8,22.83666,3.02492,214.119,1.163,0.025
orange,7,10,2.0,22.66605,3.0476,245.026,1.334,0.048
orange,7,11,2.2,22.49018,3.03355,265.978,1.51,0.034
orange,7,12,2.4,22.31765,3.01631,302.553,1.682,0.016
orange,7,13,2.6,22.13611,3.03953,323.656,1.864,0.04
orange,7,14,2.8,21.95367,3.06347,357.39,2.046,0.063
orange,7,15,3.0,21.76795,3.03879,380.024,2.232,0.039
orange,7,16,3.2,21.5857,3.0298,418.058,2.414,0.03
orange,7,17,3.4,21.38041,3.06256,454.15,2.62,0.063
orange,7,18,3.6,21.20004,3.06928,481.132,2.8,0.069
orange,7,19,3.8,21.03468,3.04633,521.8,2.965,0.046
orange,7,20,4.0,20.90739,3.03703,537.746,3.093,0.037
orange,7,21,4.2,20.75711,3.04592,558.782,3.243,0.046
orange,7,22,4.4,20.62217,3.04729,588.55,3.378,0.047
orange,7,23,4.6,20.44101,3.01146,613.269,3.559,0.011
orange,7,24,4.8,20.28737,2.98415,646.788,3.713,0.016
orange,7,25,5.0,20.13912,2.99171,666.59,3.861,0.008
orange,7,26,5.2,19.98385,3.01343,696.424,4.016,0.013
orange,7,27,5.4,19.83175,2.99718,721.727,4.168,0.003
orange,7,28,5.6,19.66938,2.97207,758.457,4.331,0.028
orange,7,29,5.8,19.51712,2.98908,773.334,4.483,0.011
orange,7,30,6.0,19.35616,3.03613,808.755,4.644,0.036
orange,7,31,6.2,19.19342,3.02902,836.965,4.807,0.029
orange,7,32,6.4,19.01949,2.99414,870.346,4.981,0.006
orange,7,33,6.6,18.87873,3.00239,885.756,5.121,0.002
orange,7,34,6.8,18.73187,3.02562,911.644,5.268,0.026
orange,7,35,7.0,18.57736,3.01521,935.271,5.423,0.015
orange,7,36,7.2,18.41776,2.99799,969.102,5.582,0.002
orange,7,37,7.4,18.27186,3.0063,984.984,5.728,0.006
orange,7,38,7.6,18.10602,3.03588,1013.881,5.894,0.036
orange,7,39,7.8,17.93926,3.02369,1037.193,6.061,0.024
orange,7,40,8.0,17.76768,2.98552,1077.492,6.232,0.014
orange,7,41,8.2,17.63195,2.98035,1094.278,6.368,0.02
orange,7,42,8.4,17.47108,3.00299,1125.207,6.529,0.003
orange,7,43,8.6,17.32078,3.00642,1148.483,6.679,0.006
orange,7,44,8.8,17.13735,2.97525,1185.641,6.863,0.025
orange,7,45,9.0,16.99295,2.97396,1203.6,7.007,0.026
orange,7,46,9.2,16.83204,3.01061,1226.335,7.168,0.011
orange,7,47,9.4,16.69089,3.04168,1256.23,7.309,0.042
orange,7,48,9.6,16.52682,3.03164,1276.98,7.473,0.032
orange,7,49,9.8,16.38219,3.02159,1306.791,7.618,0.022
orange,7,50,10.0,16.23686,3.03078,1325.932,7.763,0.031
orange,7,51,10.2,16.07564,3.04873,1354.047,7.924,0.049
orange,7,52,10.4,15.89781,3.0196,1378.71,8.102,0.02
orange,7,53,10.6,15.71931,2.99008,1420.088,8.281,0.01
orange,7,54,10.8,15.55922,3.01029,1442.084,8.441,0.01
orange,7,55,11.0,15.39619,3.05313,1479.104,8.604,0.053
orange,7,56,11.2,15.25314,3.04357,1505.411,8.747,0.044
orange,7,57,11.4,15.08747,3.00905,1538.592,8.913,0.009
orange,7,58,11.6,14.93884,3.01355,1558.124,9.061,0.014
orange,7,59,11.8,14.77116,3.04917,1592.49,9.229,0.049
orange,7,60,12.0,14.6273,3.05836,1613.587,9.373,0.058
orange,7,61,12.2,14.47304,3.05143,1645.002,9.527,0.051
orange,7,62,12.4,14.3171,3.06803,1661.157,9.683,0.068
orange,7,63,12.6,14.14229,3.10987,1695.013,9.858,0.11
orange,7,64,12.8,13.97949,3.10088,1719.341,10.021,0.101
orange,7,65,13.0,13.80298,3.06343,1755.213,10.197,0.063
orange,7,66,13.2,13.65716,3.06324,1773.181,10.343,0.063
orange,7,67,13.4,13.48831,3.09247,1801.754,10.512,0.092
orange,7,68,13.6,13.33092,3.07475,1823.791,10.669,0.075
orange,7,69,13.8,13.15831,3.02234,1854.556,10.842,0.022
orange,7,70,14.0,13.00241,3.01965,1872.895,10.998,0.02
orange,7,71,14.2,12.83803,3.05136,1905.35,11.162,0.051
orange,7,72,14.4,12.67809,3.03621,1930.968,11.322,0.036
orange,7,73,14.6,12.51207,2.99765,1963.632,11.488,0.002
orange,7,74,14.8,12.36706,3.00142,1980.668,11.633,0.001
orange,7,75,15.0,12.20055,3.03463,2010.811,11.799,0.035
orange,7,76,15.2,12.04263,3.02773,2034.084,11.957,0.028
orange,7,77,15.4,11.86875,2.99554,2066.373,12.131,0.004
orange,7,78,15.6,11.70766,3.01857,2086.978,12.292,0.019
orange,7,79,15.8,11.52931,3.08073,2122.599,12.471,0.081
orange,7,80,16.0,11.36854,3.08169,2148.471,12.631,0.082
orange,7,81,16.2,11.20426,3.05521,2186.619,12.796,0.055
orange,7,82,16.4,11.06709,3.05197,2202.865,12.933,0.052
orange,7,83,16.6,10.90083,3.07663,2234.153,13.099,0.077
orange,7,84,16.8,10.74921,3.07158,2258.243,13.251,0.072
orange,7,85,17.0,10.57425,3.02784,2292.868,13.426,0.028
orange,7,86,17.2,10.42568,3.0222,2310.816,13.574,0.022
orange,7,87,17.4,10.24824,3.06229,2343.689,13.752,0.062
orange,7,88,17.6,10.09756,3.07479,2368.506,13.902,0.075
orange,7,89,17.8,9.93011,3.04422,2401.421,14.07,0.044
orange,7,90,18.0,9.78182,3.04322,2419.165,14.218,0.043
orange,7,91,18.2,9.60855,3.08284,2449.558,14.391,0.083
orange,7,92,18.4,9.45262,3.08788,2473.354,14.547,0.088
orange,7,93,18.6,9.27624,3.05023,2508.28,14.724,0.05
orange,7,94,18.8,9.14011,3.03268,2527.853,14.86,0.033
orange,7,95,19.0,8.98188,3.04139,2550.763,15.018,0.041
orange,7,96,19.2,8.82656,3.0529,2581.009,15.173,0.053
orange,7,97,19.4,8.64933,3.03607,2614.707,15.351,0.036
orange,7,98,19.6,8.50436,3.05751,2630.968,15.496,0.058
orange,7,99,19.8,8.37167,3.15115,2655.19,15.735,0.073
orange,7,100,20.0,8.26552,3.24645,2686.299,15.876,0.05
orange,7,101,20.2,8.14361,3.34129,2703.799,16.027,0.015
orange,7,102,20.4,8.03699,3.43643,2732.481,16.168,0.008
orange,7,103,20.6,7.95116,3.56912,2751.588,16.325,0.009
orange,7,104,20.8,7.87506,3.71623,2785.654,16.487,0.042
orange,7,105,21.0,7.76909,3.83077,2807.834,16.643,0.032
orange,7,106,21.2,7.65406,3.94098,2839.61,16.801,0.011
orange,7,107,21.4,7.56922,4.06972,2857.164,16.954,0.026
orange,7,108,21.6,7.48586,4.22177,2886.239,17.125,0.057
orange,7,109,21.8,7.35317,4.33882,2909.949,17.299,0.027
orange,7,110,22.0,7.22423,4.44786,2949.992,17.465,0.004
orange,7,111,22.2,7.14261,4.58033,2970.651,17.619,0.015
orange,7,112,22.4,7.06585,4.71727,3001.802,17.774,0.042
orange,7,113,22.6,6.95256,4.83496,3025.232,17.937,0.028
orange,7,114,22.8,6.83315,4.94266,3055.454,18.096,0.003
orange,7,115,23.0,6.75993,5.02188,3070.863,18.203,0.005
orange,7,116,23.2,6.69184,5.08058,3090.174,18.292,0.021
orange,7,117,23.4,6.63757,5.13482,3107.321,18.368,0.029
orange,7,118,23.6,6.58238,5.16759,3130.051,18.428,0.051
orange,7,119,23.8,6.50178,5.18561,3154.263,18.493,0.102
orange,7,120,24.0,6.42654,5.19543,3182.029,18.548,0.155
orange,7,121,24.2,6.3361,5.17457,3209.055,18.589,0.238
orange,7,122,24.4,6.22105,5.14189,3249.412,18.635,0.348
orange,7,123,24.6,6.10152,5.17184,3271.347,18.734,0.422
orange,7,124,24.8,6.01656,5.23655,3306.632,18.838,0.448
orange,7,125,25.0,5.96538,5.32738,3333.758,18.94,0.431
orange,7,126,25.2,5.9368,5.44042,3354.56,19.046,0.382
orange,7,127,25.4,5.88513,5.60214,3379.169,19.205,0.32
orange,7,128,25.6,5.83606,5.71742,3412.687,19.325,0.286
orange,7,129,25.8,5.77299,5.83621,3431.601,19.457,0.26
orange,7,130,26.0,5.7117,5.95569,3451.481,19.589,0.233
orange,7,131,26.2,5.64551,6.10182,3474.317,19.744,0.193
orange,7,132,26.4,5.56468,6.25987,3508.563,19.918,0.156
orange,7,133,26.6,5.50899,6.4035,3525.16,20.064,0.109
orange,7,134,26.8,5.46543,6.57685,3555.418,20.226,0.034
orange,7,135,27.0,5.3898,6.72958,3578.059,20.393,0.003
orange,7,136,27.2,5.29078,6.87504,3612.949,20.568,0.018
orange,7,137,27.4,5.20529,7.04181,3631.951,20.752,0.056
orange,7,138,27.6,5.12255,7.20504,3673.002,20.931,0.094
orange,7,139,27.8,5.01111,7.33165,3694.506,21.099,0.087
orange,7,140,28.0,4.8997,7.4575,3742.92,21.267,0.08
orange,7,141,28.2,4.82305,7.62373,3767.104,21.444,0.124
orange,7,142,28.4,4.74432,7.77657,3804.116,21.613,0.159
orange,7,143,28.6,4.58693,7.88289,3833.509,21.794,0.104
orange,7,144,28.8,4.46277,7.96605,3867.092,21.937,0.059
orange,7,145,29.0,4.36489,8.06109,3885.983,22.073,0.043
orange,7,146,29.2,4.2731,8.17142,3914.676,22.216,0.041
orange,7,147,29.4,4.17311,8.27068,3939.611,22.356,0.026
orange,7,148,29.6,4.04124,8.37777,3969.481,22.522,0.01
orange,7,149,29.8,3.95026,8.47633,3982.694,22.656,0.018
orange,7,150,30.0,3.86971,8.61403,4004.907,22.814,0.006
orange,7,151,30.2,3.79805,8.72908,4034.218,22.948,0.022
orange,7,152,30.4,3.68182,8.85085,4056.42,23.116,0.008
orange,7,153,30.6,3.57709,8.96151,4088.397,23.268,0.004
orange,7,154,30.8,3.4976,9.08633,4107.423,23.415,0.013
orange,7,155,31.0,3.42058,9.22287,4136.334,23.57,0.039
orange,7,156,31.2,3.29694,9.34145,4159.234,23.74,0.017
orange,7,157,31.4,3.16477,9.46066,4201.723,23.916,0.011
orange,7,158,31.6,3.07422,9.60203,4220.434,24.082,0.008
orange,7,159,31.8,2.99489,9.75496,4254.334,24.251,0.042
orange,7,160,32.0,2.88528,9.87404,4276.4,24.413,0.032
orange,7,161,32.2,2.77695,9.9913,4311.483,24.572,0.021
orange,7,162,32.4,2.70415,10.13538,4331.097,24.73,0.055
orange,7,163,32.6,2.6309,10.28678,4364.59,24.894,0.093
orange,7,164,32.8,2.50971,10.41124,4388.901,25.08,0.061
orange,7,165,33.0,2.39746,10.52571,4429.662,25.234,0.015
orange,7,166,33.2,2.3391,10.66827,4451.037,25.387,0.031
orange,7,167,33.4,2.28457,10.82695,4485.983,25.553,0.057
orange,7,168,33.6,2.17843,10.9682,4509.236,25.727,0.03
orange,7,169,33.8,2.07534,11.09134,4546.269,25.884,0.003
orange,7,170,34.0,2.01289,11.22722,4565.609,26.034,0.005
orange,7,171,34.2,1.9654,11.38373,4597.03,26.194,0.037
orange,7,172,34.4,1.89416,11.51797,4620.415,26.346,0.037
orange,7,173,34.6,1.79916,11.65876,4656.842,26.515,0.019
orange,7,174,34.8,1.74381,11.78966,4674.489,26.656,0.032
orange,7,175,35.0,1.70272,11.9627,4705.822,26.829,0.077
orange,7,176,35.2,1.63849,12.0975,4730.628,26.978,0.084
orange,7,177,35.4,1.51851,12.23087,4767.022,27.152,0.04
orange,7,178,35.6,1.44439,12.35259,4788.555,27.294,0.032
orange,7,179,35.8,1.39377,12.51834,4817.193,27.464,0.065
orange,7,180,36.0,1.32773,12.65419,4842.61,27.615,0.071
orange,7,181,36.2,1.21694,12.78818,4873.691,27.785,0.036
orange,7,182,36.4,1.13926,12.91737,4889.728,27.936,0.028
orange,7,183,36.6,1.08917,13.08475,4920.397,28.107,0.062
orange,7,184,36.8,1.02346,13.2242,4945.083,28.261,0.07
orange,7,185,37.0,0.90392,13.36356,4979.259,28.44,0.03
orange,7,186,37.2,0.83125,13.48937,4999.103,28.586,0.024
orange,7,187,37.4,0.78419,13.64941,5029.125,28.749,0.058
orange,7,188,37.6,0.72807,13.78255,5051.659,28.893,0.071
orange,7,189,37.8,0.62887,13.91858,5078.35,29.06,0.047
orange,7,190,38.0,0.55391,14.04659,5101.352,29.208,0.041
orange,7,191,38.2,0.51068,14.21518,5126.611,29.377,0.082
orange,7,192,38.4,0.46077,14.35871,5158.115,29.527,0.106
orange,7,193,38.6,0.34417,14.49234,5181.952,29.7,0.065
orange,7,194,38.8,0.25343,14.61198,5216.681,29.848,0.042
orange,8,0,0.0,24.0,3.0,0.0,0.0,0.0
orange,8,1,0.2,23.97834,3.00093,25.345,0.022,0.001
orange,8,2,0.4,23.89994,3.01901,49.844,0.1,0.019
orange,8,3,0.6,23.75397,3.04487,84.206,0.246,0.045
orange,8,4,0.8,23.62845,3.05625,103.872,0.372,0.056
orange,8,5,1.0,23.47321,3.06063,124.241,0.527,0.061
orange,8,6,1.2,23.32685,3.06225,148.4,0.673,0.062
orange,8,7,1.4,23.15556,3.03821,168.555,0.844,0.038
orange,8,8,1.6,22.99696,3.01783,197.132,1.003,0.018
orange,8,9,1.8,22.83666,3.02492,214.119,1.163,0.025
orange,8,10,2.0,22.66605,3.0476,245.026,1.334,0.048
orange,8,11,2.2,22.49018,3.03355,265.978,1.51,0.034
orange,8,12,2.4,22.31765,3.01631,302.553,1.682,0.016
orange,8,13,2.6,22.13611,3.03953,323.656,1.864,0.04
orange,8,14,2.8,21.95367,3.06347,357.39,2.046,0.063
orange,8,15,3.0,21.76795,3.03879,380.024,2.232,0.039
orange,8,16,3.2,21.5857,3.0298,418.058,2.414,0.03
orange,8,17,3.4,21.38041,3.06256,454.15,2.62,0.063
orange,8,18,3.6,21.20004,3.06928,481.132,2.8,0.069
orange,8,19,3.8,21.03468,3.04633,521.8,2.965,0.046
orange,8,20,4.0,20.90739,3.03703,537.746,3.093,0.037
orange,8,21,4.2,20.75711,3.04592,558.782,3.243,0.046
orange,8,22,4.4,20.62217,3.04729,588.55,3.378,0.047
orange,8,23,4.6,20.44101,3.01146,613.269,3.559,0.011
orange,8,24,4.8,20.28737,2.98415,646.788,3.713,0.016
orange,8,25,5.0,20.13912,2.99171,666.59,3.861,0.008
orange,8,26,5.2,19.98385,3.01343,696.424,4.016,0.013
orange,8,27,5.4,19.83175,2.99718,721.727,4.168,0.003
orange,8,28,5.6,19.66938,2.97207,758.457,4.331,0.028
orange,8,29,5.8,19.51712,2.98908,773.334,4.483,0.011
orange,8,30,6.0,19.35616,3.03613,808.755,4.644,0.036
orange,8,31,6.2,19.19342,3.02902,836.965,4.807,0.029
orange,8,32,6.4,19.01949,2.99414,870.346,4.981,0.006
orange,8,33,6.6,18.87873,3.00239,885.756,5.121,0.002
orange,8,34,6.8,18.73187,3.02562,911.644,5.268,0.026
orange,8,35,7.0,18.57736,3.01521,935.271,5.423,0.015
orange,8,36,7.2,18.41776,2.99799,969.102,5.582,0.002
orange,8,37,7.4,18.27186,3.0063,984.984,5.728,0.006
orange,8,38,7.6,18.10602,3.03588,1013.881,5.894,0.036
orange,8,39,7.8,17.93926,3.02369,1037.193,6.061,0.024
orange,8,40,8.0,17.76768,2.98552,1077.492,6.232,0.014
orange,8,41,8.2,17.63195,2.98035,1094.278,6.368,0.02
orange,8,42,8.4,17.47108,3.00299,1125.207,6.529,0.003
orange,8,43,8.6,17.32078,3.00642,1148.483,6.679,0.006
orange,8,44,8.8,17.13735,2.97525,1185.641,6.863,0.025
orange,8,45,9.0,16.99295,2.97396,1203.6,7.007,0.026
orange,8,46,9.2,16.83204,3.01061,1226.335,7.168,0.011
orange,8,47,9.4,16.69089,3.04168,1256.23,7.309,0.042
orange,8,48,9.6,16.52682,3.03164,1276.98,7.473,0.032
orange,8,49,9.8,16.38219,3.02159,1306.791,7.618,0.022
orange,8,50,10.0,16.23686,3.03078,1325.932,7.763,0.031
orange,8,51,10.2,16.07564,3.04873,1354.047,7.924,0.049
orange,8,52,10.4,15.89781,3.0196,1378.71,8.102,0.02
orange,8,53,10.6,15.71931,2.99008,1420.088,8.281,0.01
orange,8,54,10.8,15.55922,3.01029,1442.084,8.441,0.01
orange,8,55,11.0,15.39619,3.05313,1479.104,8.604,0.053
orange,8,56,11.2,15.25314,3.04357,1505.411,8.747,0.044
orange,8,57,11.4,15.08747,3.00905,1538.592,8.913,0.009
orange,8,58,11.6,14.93884,3.01355,1558.124,9.061,0.014
orange,8,59,11.8,14.77116,3.04917,1592.49,9.229,0.049
orange,8,60,12.0,14.6273,3.05836,1613.587,9.373,0.058
orange,8,61,12.2,14.47304,3.05143,1645.002,9.527,0.051
orange,8,62,12.4,14.3171,3.06803,1661.157,9.683,0.068
orange,8,63,12.6,14.14229,3.10987,1695.013,9.858,0.11
orange,8,64,12.8,13.97949,3.10088,1719.341,10.021,0.101
orange,8,65,13.0,13.80298,3.06343,1755.213,10.197,0.063
orange,8,66,13.2,13.65716,3.06324,1773.181,10.343,0.063
orange,8,67,13.4,13.48831,3.09247,1801.754,10.512,0.092
orange,8,68,13.6,13.33092,3.07475,1823.791,10.669,0.075
orange,8,69,13.8,13.15831,3.02234,1854.556,10.842,0.022
orange,8,70,14.0,13.00241,3.01965,1872.895,10.998,0.02
orange,8,71,14.2,12.83803,3.05136,1905.35,11.162,0.051
orange,8,72,14.4,12.67809,3.03621,1930.968,11.322,0.036
orange,8,73,14.6,12.51207,2.99765,1963.632,11.488,0.002
orange,8,74,14.8,12.36706,3.00142,1980.668,11.633,0.001
orange,8,75,15.0,12.20055,3.03463,2010.811,11.799,0.035
orange,8,76,15.2,12.04263,3.02773,2034.084,11.957,0.028
orange,8,77,15.4,11.86875,2.99554,2066.373,12.131,0.004
orange,8,78,15.6,11.70766,3.01857,2086.978,12.292,0.019
orange,8,79,15.8,11.52931,3.08073,2122.599,12.471,0.081
orange,8,80,16.0,11.36854,3.08169,2148.471,12.631,0.082
orange,8,81,16.2,11.20426,3.05521,2186.619,12.796,0.055
orange,8,82,16.4,11.06709,3.05197,2202.865,12.933,0.052
orange,8,83,16.6,10.90083,3.07663,2234.153,13.099,0.077
orange,8,84,16.8,10.74921,3.07158,2258.243,13.251,0.072
orange,8,85,17.0,10.57425,3.02784,2292.868,13.426,0.028
orange,8,86,17.2,10.42568,3.0222,2310.816,13.574,0.022
orange,8,87,17.4,10.24824,3.06229,2343.689,13.752,0.062
orange,8,88,17.6,10.09756,3.07479,2368.506,13.902,0.075
orange,8,89,17.8,9.93011,3.04422,2401.421,14.07,0.044
orange,8,90,18.0,9.78182,3.04322,2419.165,14.218,0.043
orange,8,91,18.2,9.60855,3.08284,2449.558,14.391,0.083
orange,8,92,18.4,9.45262,3.08788,2473.354,14.547,0.088
orange,8,93,18.6,9.27624,3.05023,2508.28,14.724,0.05
orange,8,94,18.8,9.14011,3.03268,2527.853,14.86,0.033
orange,8,95,19.0,8.98188,3.04139,2550.763,15.018,0.041
orange,8,96,19.2,8.82656,3.0529,2581.009,15.173,0.053
orange,8,97,19.4,8.64933,3.03607,2614.707,15.351,0.036
orange,8,98,19.6,8.50436,3.05751,2630.968,15.496,0.058
orange,8,99,19.8,8.37167,3.15115,2655.19,15.735,0.073
orange,8,100,20.0,8.26552,3.24645,2686.299,15.876,0.05
orange,8,101,20.2,8.14361,3.34129,2703.799,16.027,0.015
orange,8,102,20.4,8.03699,3.43643,2732.481,16.168,0.008
orange,8,103,20.6,7.95116,3.56912,2751.588,16.325,0.009
orange,8,104,20.8,7.87506,3.71623,2785.654,16.487,0.042
orange,8,105,21.0,7.76909,3.83077,2807.834,16.643,0.032
orange,8,106,21.2,7.65406,3.94098,2839.61,16.801,0.011
orange,8,107,21.4,7.56922,4.06972,2857.164,16.954,0.026
orange,8,108,21.6,7.48586,4.22177,2886.239,17.125,0.057
orange,8,109,21.8,7.35317,4.33882,2909.949,17.299,0.027
orange,8,110,22.0,7.22425,4.44795,2950.066,17.465,0.004
orange,8,111,22.2,7.14282,4.58057,2971.57,17.62,0.016
orange,8,112,22.4,7.06768,4.71714,3003.053,17.773,0.043
orange,8,113,22.6,6.95745,4.8342,3026.179,17.933,0.031
orange,8,114,22.8,6.83967,4.94052,3056.073,18.09,0.006
orange,8,115,23.0,6.75908,5.02634,3072.858,18.207,0.002
orange,8,116,23.2,6.68303,5.09468,3093.711,18.308,0.019
orange,8,117,23.4,6.61722,5.15801,3113.507,18.399,0.03
orange,8,118,23.6,6.54628,5.18193,3136.709,18.462,0.07
orange,8,119,23.8,6.45168,5.17626,3166.589,18.517,0.147
orange,8,120,24.0,6.34882,5.20186,3189.513,18.602,0.211
orange,8,121,24.2,6.23257,5.26344,3222.463,18.723,0.263
orange,8,122,24.4,6.1517,5.33536,3245.934,18.83,0.281
orange,8,123,24.6,6.08133,5.42214,3271.207,18.941,0.281
orange,8,124,24.8,6.00487,5.55646,3296.134,19.094,0.256
orange,8,125,25.0,5.91029,5.70436,3330.432,19.268,0.236
orange,8,126,25.2,5.84095,5.81216,3347.321,19.396,0.223
orange,8,127,25.4,5.7685,5.93597,3364.156,19.538,0.201
orange,8,128,25.6,5.71268,6.05111,3387.585,19.662,0.172
orange,8,129,25.8,5.63645,6.20092,3408.338,19.827,0.137
orange,8,130,26.0,5.55905,6.34484,3440.891,19.987,0.107
orange,8,131,26.2,5.49663,6.49567,3457.265,20.144,0.061
orange,8,132,26.4,5.44152,6.66425,3489.664,20.309,0.002
orange,8,133,26.6,5.35473,6.81489,3509.417,20.481,0.03
orange,8,134,26.8,5.26353,6.96137,3547.363,20.652,0.051
orange,8,135,27.0,5.17742,7.14521,3572.135,20.85,0.099
orange,8,136,27.2,5.08641,7.29754,3610.365,21.025,0.124
orange,8,137,27.4,4.95284,7.41928,3638.112,21.204,0.097
orange,8,138,27.6,4.84823,7.53022,3670.279,21.356,0.085
orange,8,139,27.8,4.76381,7.68734,3694.044,21.531,0.118
orange,8,140,28.0,4.68309,7.81875,3730.963,21.684,0.138
orange,8,141,28.2,4.54165,7.92552,3754.673,21.856,0.095
orange,8,142,28.4,4.42863,8.01605,3792.141,21.998,0.064
orange,8,143,28.6,4.3351,8.13385,3811.29,22.148,0.066
orange,8,144,28.8,4.25354,8.26105,3841.45,22.298,0.082
orange,8,145,29.0,4.1461,8.3708,3863.879,22.451,0.068
orange,8,146,29.2,4.02609,8.47894,3898.483,22.611,0.042
orange,8,147,29.4,3.93756,8.59534,3915.048,22.757,0.047
orange,8,148,29.6,3.85142,8.74356,3950.003,22.926,0.073
orange,8,149,29.8,3.72333,8.85338,3975.253,23.092,0.042
orange,8,150,30.0,3.57925,8.9539,4009.265,23.261,0.007
orange,8,151,30.2,3.48113,9.07369,4025.354,23.416,0.008
orange,8,152,30.4,3.39176,9.21095,4053.016,23.579,0.009
orange,8,153,30.6,3.2625,9.32089,4079.873,23.745,0.022
orange,8,154,30.8,3.13692,9.43179,4123.467,23.911,0.05
orange,8,155,31.0,3.05823,9.58314,4144.404,24.078,0.016
orange,8,156,31.2,2.99237,9.73812,4181.511,24.24,0.03
orange,8,157,31.4,2.90436,9.86012,4202.524,24.39,0.038
orange,8,158,31.6,2.81018,9.97194,4232.177,24.536,0.035
orange,8,159,31.8,2.7277,10.09887,4252.024,24.687,0.051
orange,8,160,32.0,2.65143,10.23876,4284.26,24.843,0.079
orange,8,161,32.2,2.56233,10.35732,4306.649,25.007,0.082
orange,8,162,32.4,2.44457,10.48336,4338.438,25.174,0.037
orange,8,163,32.6,2.37092,10.59908,4355.782,25.311,0.026
orange,8,164,32.8,2.31859,10.75214,4385.889,25.471,0.052
orange,8,165,33.0,2.25065,10.88614,4408.959,25.621,0.055
orange,8,166,33.2,2.1313,11.02903,4443.178,25.803,0.017
orange,8,167,33.4,2.06306,11.14997,4463.058,25.942,0.013
orange,8,168,33.6,2.01676,11.30981,4486.718,26.105,0.048
orange,8,169,33.8,1.9721,11.44539,4518.637,26.245,0.072
orange,8,170,34.0,1.88094,11.5776,4540.105,26.405,0.053
orange,8,171,34.2,1.79856,11.7026,4570.006,26.554,0.039
orange,8,172,34.4,1.73934,11.8543,4591.184,26.716,0.058
orange,8,173,34.6,1.68983,12.00786,4626.319,26.874,0.087
orange,8,174,34.8,1.60306,12.13811,4648.49,27.03,0.071
orange,8,175,35.0,1.50348,12.26149,4678.903,27.186,0.041
orange,8,176,35.2,1.43853,12.38646,4696.713,27.327,0.043
orange,8,177,35.4,1.38311,12.54366,4728.681,27.492,0.068
orange,8,178,35.6,1.3084,12.6734,4753.922,27.641,0.063
orange,8,179,35.8,1.20702,12.80512,4785.906,27.805,0.035
orange,8,180,36.0,1.1507,12.93635,4808.945,27.947,0.047
orange,8,181,36.2,1.11095,13.10666,4842.503,28.116,0.092
orange,8,182,36.4,1.03866,13.22938,4868.379,28.259,0.085
orange,8,183,36.6,0.9283,13.35526,4903.337,28.422,0.047
orange,8,184,36.8,0.86424,13.48818,4923.209,28.569,0.053
orange,8,185,37.0,0.81894,13.65287,4956.211,28.736,0.09
orange,8,186,37.2,0.73778,13.79023,4981.673,28.895,0.083
orange,8,187,37.4,0.63125,13.92579,5024.87,29.065,0.053
orange,8,188,37.6,0.57689,14.0641,5047.144,29.212,0.07
orange,8,189,37.8,0.53573,14.23833,5081.859,29.386,0.115
orange,8,190,38.0,0.45281,14.36819,5107.941,29.539,0.103
orange,8,191,38.2,0.34229,14.48915,5144.939,29.698,0.062
orange,8,192,38.4,0.27483,14.60581,5161.857,29.833,0.058
orange,9,0,0.0,24.0,3.0,0.0,0.0,0.0
orange,9,1,0.2,23.97834,3.00093,25.345,0.022,0.001
orange,9,2,0.4,23.89994,3.01901,49.844,0.1,0.019
orange,9,3,0.6,23.75397,3.04487,84.206,0.246,0.045
orange,9,4,0.8,23.62845,3.05625,103.872,0.372,0.056
orange,9,5,1.0,23.47321,3.06063,124.241,0.527,0.061
orange,9,6,1.2,23.32685,3.06225,148.4,0.673,0.062
orange,9,7,1.4,23.15556,3.03821,168.555,0.844,0.038
orange,9,8,1.6,22.99696,3.01783,197.132,1.003,0.018
orange,9,9,1.8,22.83666,3.02492,214.119,1.163,0.025
orange,9,10,2.0,22.66605,3.0476,245.026,1.334,0.048
orange,9,11,2.2,22.49018,3.03355,265.978,1.51,0.034
orange,9,12,2.4,22.31765,3.01631,302.553,1.682,0.016
orange,9,13,2.6,22.13611,3.03953,323.656,1.864,0.04
orange,9,14,2.8,21.95367,3.06347,357.39,2.046,0.063
orange,9,15,3.0,21.76795,3.03879,380.024,2.232,0.039
orange,9,16,3.2,21.5857,3.0298,418.058,2.414,0.03
orange,9,17,3.4,21.38041,3.06256,454.15,2.62,0.063
orange,9,18,3.6,21.20004,3.06928,481.132,2.8,0.069
orange,9,19,3.8,21.03468,3.04633,521.8,2.965,0.046
orange,9,20,4.0,20.90739,3.03703,537.746,3.093,0.037
orange,9,21,4.2,20.75711,3.04592,558.782,3.243,0.046
orange,9,22,4.4,20.62217,3.04729,588.55,3.378,0.047
orange,9,23,4.6,20.44101,3.01146,613.269,3.559,0.011
orange,9,24,4.8,20.28737,2.98415,646.788,3.713,0.016
orange,9,25,5.0,20.13912,2.99171,666.59,3.861,0.008
orange,9,26,5.2,19.98385,3.01343,696.424,4.016,0.013
orange,9,27,5.4,19.83175,2.99718,721.727,4.168,0.003
orange,9,28,5.6,19.66938,2.97207,758.457,4.331,0.028
orange,9,29,5.8,19.51712,2.98908,773.334,4.483,0.011
orange,9,30,6.0,19.35616,3.03613,808.755,4.644,0.036
orange,9,31,6.2,19.19342,3.02902,836.965,4.807,0.029
orange,9,32,6.4,19.01949,2.99414,870.346,4.981,0.006
orange,9,33,6.6,18.87873,3.00239,885.756,5.121,0.002
orange,9,34,6.8,18.73187,3.02562,911.644,5.268,0.026
orange,9,35,7.0,18.57736,3.01521,935.271,5.423,0.015
orange,9,36,7.2,18.41776,2.99799,969.102,5.582,0.002
orange,9,37,7.4,18.27186,3.0063,984.984,5.728,0.006
orange,9,38,7.6,18.10602,3.03588,1013.881,5.894,0.036
orange,9,39,7.8,17.93926,3.02369,1037.193,6.061,0.024
orange,9,40,8.0,17.76768,2.98552,1077.492,6.232,0.014
orange,9,41,8.2,17.63195,2.98035,1094.278,6.368,0.02
orange,9,42,8.4,17.47108,3.00299,1125.207,6.529,0.003
orange,9,43,8.6,17.32078,3.00642,1148.483,6.679,0.006
orange,9,44,8.8,17.13735,2.97525,1185.641,6.863,0.025
orange,9,45,9.0,16.99295,2.97396,1203.6,7.007,0.026
orange,9,46,9.2,16.83204,3.01061,1226.335,7.168,0.011
orange,9,47,9.4,16.69089,3.04168,1256.23,7.309,0.042
orange,9,48,9.6,16.52682,3.03164,1276.98,7.473,0.032
orange,9,49,9.8,16.38219,3.02159,1306.791,7.618,0.022
orange,9,50,10.0,16.23686,3.03078,1325.932,7.763,0.031
orange,9,51,10.2,16.07564,3.04873,1354.047,7.924,0.049
orange,9,52,10.4,15.89781,3.0196,1378.71,8.102,0.02
orange,9,53,10.6,15.71931,2.99008,1420.088,8.281,0.01
orange,9,54,10.8,15.55922,3.01029,1442.084,8.441,0.01
orange,9,55,11.0,15.39619,3.05313,1479.104,8.604,0.053
orange,9,56,11.2,15.25314,3.04357,1505.411,8.747,0.044
orange,9,57,11.4,15.08747,3.00905,1538.592,8.913,0.009
orange,9,58,11.6,14.93884,3.01355,1558.124,9.061,0.014
orange,9,59,11.8,14.77116,3.04917,1592.49,9.229,0.049
orange,9,60,12.0,14.6273,3.05836,1613.587,9.373,0.058
orange,9,61,12.2,14.47304,3.05143,1645.002,9.527,0.051
orange,9,62,12.4,14.3171,3.06803,1661.157,9.683,0.068
orange,9,63,12.6,14.14229,3.10987,1695.013,9.858,0.11
orange,9,64,12.8,13.97949,3.10088,1719.341,10.021,0.101
orange,9,65,13.0,13.80298,3.06343,1755.213,10.197,0.063
orange,9,66,13.2,13.65716,3.06324,1773.181,10.343,0.063
orange,9,67,13.4,13.48831,3.09247,1801.754,10.512,0.092
orange,9,68,13.6,13.33092,3.07475,1823.791,10.669,0.075
orange,9,69,13.8,13.15831,3.02234,1854.556,10.842,0.022
orange,9,70,14.0,13.00241,3.01965,1872.895,10.998,0.02
orange,9,71,14.2,12.83803,3.05136,1905.35,11.162,0.051
orange,9,72,14.4,12.67809,3.03621,1930.968,11.322,0.036
orange,9,73,14.6,12.51207,2.99765,1963.632,11.488,0.002
orange,9,74,14.8,12.36706,3.00142,1980.668,11.633,0.001
orange,9,75,15.0,12.20055,3.03463,2010.811,11.799,0.035
orange,9,76,15.2,12.04263,3.02773,2034.084,11.957,0.028
orange,9,77,15.4,11.86875,2.99554,2066.373,12.131,0.004
orange,9,78,15.6,11.70766,3.01857,2086.978,12.292,0.019
orange,9,79,15.8,11.52931,3.08073,2122.599,12.471,0.081
orange,9,80,16.0,11.36854,3.08169,2148.471,12.631,0.082
orange,9,81,16.2,11.20426,3.05521,2186.619,12.796,0.055
orange,9,82,16.4,11.06709,3.05197,2202.865,12.933,0.052
orange,9,83,16.6,10.90083,3.07663,2234.153,13.099,0.077
orange,9,84,16.8,10.74921,3.07158,2258.243,13.251,0.072
orange,9,85,17.0,10.57425,3.02784,2292.868,13.426,0.028
orange,9,86,17.2,10.42568,3.0222,2310.816,13.574,0.022
orange,9,87,17.4,10.24824,3.06229,2343.689,13.752,0.062
orange,9,88,17.6,10.09756,3.07479,2368.506,13.902,0.075
orange,9,89,17.8,9.93011,3.04422,2401.421,14.07,0.044
orange,9,90,18.0,9.78182,3.04322,2419.165,14.218,0.043
orange,9,91,18.2,9.60855,3.08284,2449.558,14.391,0.083
orange,9,92,18.4,9.45262,3.08788,2473.354,14.547,0.088
orange,9,93,18.6,9.27624,3.05023,2508.28,14.724,0.05
orange,9,94,18.8,9.14011,3.03268,2527.853,14.86,0.033
orange,9,95,19.0,8.98188,3.04139,2550.763,15.018,0.041
orange,9,96,19.2,8.82656,3.0529,2581.009,15.173,0.053
orange,9,97,19.4,8.64933,3.03607,2614.707,15.351,0.036
orange,9,98,19.6,8.50436,3.05751,2630.968,15.496,0.058
orange,9,99,19.8,8.37167,3.15115,2655.19,15.735,0.073
orange,9,100,20.0,8.26552,3.24645,2686.299,15.876,0.05
orange,9,101,20.2,8.14361,3.34129,2703.799,16.027,0.015
orange,9,102,20.4,8.03699,3.43643,2732.481,16.168,0.008
orange,9,103,20.6,7.95116,3.56912,2751.588,16.325,0.009
orange,9,104,20.8,7.87506,3.71623,2785.654,16.487,0.042
orange,9,105,21.0,7.76909,3.83077,2807.834,16.643,0.032
orange,9,106,21.2,7.65406,3.94098,2839.61,16.801,0.011
orange,9,107,21.4,7.56922,4.06972,2857.164,16.954,0.026
orange,9,108,21.6,7.48586,4.22177,2886.239,17.125,0.057
orange,9,109,21.8,7.35317,4.33882,2909.949,17.299,0.027
orange,9,110,22.0,7.22425,4.44795,2950.066,17.465,0.004
orange,9,111,22.2,7.14282,4.58057,2971.57,17.62,0.016
orange,9,112,22.4,7.06768,4.71714,3003.053,17.773,0.043
orange,9,113,22.6,6.95745,4.8342,3026.179,17.933,0.031
orange,9,114,22.8,6.83967,4.94052,3056.073,18.09,0.006
orange,9,115,23.0,6.75908,5.02634,3072.858,18.207,0.002
orange,9,116,23.2,6.68303,5.09468,3093.711,18.308,0.019
orange,9,117,23.4,6.61722,5.15801,3113.507,18.399,0.03
orange,9,118,23.6,6.54628,5.18193,3136.709,18.462,0.07
orange,9,119,23.8,6.45168,5.17626,3166.589,18.517,0.147
orange,9,120,24.0,6.34882,5.20186,3189.513,18.602,0.211
orange,9,121,24.2,6.23257,5.26344,3222.463,18.723,0.263
orange,9,122,24.4,6.1517,5.33536,3245.934,18.83,0.281
orange,9,123,24.6,6.08133,5.42214,3271.207,18.941,0.281
orange,9,124,24.8,6.00487,5.55646,3296.134,19.094,0.256
orange,9,125,25.0,5.91029,5.70436,3330.432,19.268,0.236
orange,9,126,25.2,5.84095,5.81216,3347.321,19.396,0.223
orange,9,127,25.4,5.7685,5.93597,3364.156,19.538,0.201
orange,9,128,25.6,5.71268,6.05111,3387.585,19.662,0.172
orange,9,129,25.8,5.63645,6.20092,3408.338,19.827,0.137
orange,9,130,26.0,5.55905,6.34484,3440.891,19.987,0.107
orange,9,131,26.2,5.49663,6.49567,3457.265,20.144,0.061
orange,9,132,26.4,5.44152,6.66425,3489.664,20.309,0.002
orange,9,133,26.6,5.35473,6.81489,3509.417,20.481,0.03
orange,9,134,26.8,5.26353,6.96137,3547.363,20.652,0.051
orange,9,135,27.0,5.17742,7.14521,3572.135,20.85,0.099
orange,9,136,27.2,5.08641,7.29754,3610.365,21.025,0.124
orange,9,137,27.4,4.95284,7.41928,3638.112,21.204,0.097
orange,9,138,27.6,4.84823,7.53022,3670.279,21.356,0.085
orange,9,139,27.8,4.76381,7.68734,3694.044,21.531,0.118
orange,9,140,28.0,4.68309,7.81875,3730.963,21.684,0.138
orange,9,141,28.2,4.54165,7.92552,3754.673,21.856,0.095
orange,9,142,28.4,4.42863,8.01605,3792.141,21.998,0.064
orange,9,143,28.6,4.3351,8.13385,3811.29,22.148,0.066
orange,9,144,28.8,4.25354,8.26105,3841.45,22.298,0.082
orange,9,145,29.0,4.1461,8.3708,3863.879,22.451,0.068
orange,9,146,29.2,4.02609,8.47894,3898.483,22.611,0.042
orange,9,147,29.4,3.93756,8.59534,3915.048,22.757,0.047
orange,9,148,29.6,3.85142,8.74356,3950.003,22.926,0.073
orange,9,149,29.8,3.72333,8.85338,3975.253,23.092,0.042
orange,9,150,30.0,3.57925,8.9539,4009.265,23.261,0.007
orange,9,151,30.2,3.48113,9.07369,4025.354,23.416,0.008
orange,9,152,30.4,3.39176,9.21095,4053.016,23.579,0.009
orange,9,153,30.6,3.2625,9.32089,4079.873,23.745,0.022
orange,9,154,30.8,3.13692,9.43179,4123.467,23.911,0.05
orange,9,155,31.0,3.05823,9.58314,4144.404,24.078,0.016
orange,9,156,31.2,2.99237,9.73812,4181.511,24.24,0.03
orange,9,157,31.4,2.90436,9.86012,4202.524,24.39,0.038
orange,9,158,31.6,2.81018,9.97194,4232.177,24.536,0.035
orange,9,159,31.8,2.7277,10.09887,4252.024,24.687,0.051
orange,9,160,32.0,2.65143,10.23876,4284.26,24.843,0.079
orange,9,161,32.2,2.56233,10.35732,4306.649,25.007,0.082
orange,9,162,32.4,2.44457,10.48336,4338.438,25.174,0.037
orange,9,163,32.6,2.37092,10.59908,4355.782,25.311,0.026
orange,9,164,32.8,2.31859,10.75214,4385.889,25.471,0.052
orange,9,165,33.0,2.25065,10.88614,4408.959,25.621,0.055
orange,9,166,33.2,2.1313,11.02903,4443.178,25.803,0.017
orange,9,167,33.4,2.06306,11.14997,4463.058,25.942,0.013
orange,9,168,33.6,2.01676,11.30981,4486.718,26.105,0.048
orange,9,169,33.8,1.9721,11.44539,4518.637,26.245,0.072
orange,9,170,34.0,1.88094,11.5776,4540.105,26.405,0.053
orange,9,171,34.2,1.79856,11.7026,4570.006,26.554,0.039
orange,9,172,34.4,1.73934,11.8543,4591.184,26.716,0.058
orange,9,173,34.6,1.68983,12.00786,4626.319,26.874,0.087
orange,9,174,34.8,1.60306,12.13811,4648.49,27.03,0.071
orange,9,175,35.0,1.50348,12.26149,4678.903,27.186,0.041
orange,9,176,35.2,1.43853,12.38646,4696.713,27.327,0.043
orange,9,177,35.4,1.38311,12.54366,4728.681,27.492,0.068
orange,9,178,35.6,1.3084,12.6734,4753.922,27.641,0.063
orange,9,179,35.8,1.20702,12.80512,4785.906,27.805,0.035
orange,9,180,36.0,1.1507,12.93635,4808.945,27.947,0.047
orange,9,181,36.2,1.11095,13.10666,4842.503,28.116,0.092
orange,9,182,36.4,1.03866,13.22938,4868.379,28.259,0.085
orange,9,183,36.6,0.9283,13.35526,4903.337,28.422,0.047
orange,9,184,36.8,0.86424,13.48818,4923.209,28.569,0.053
orange,9,185,37.0,0.81894,13.65287,4956.211,28.736,0.09
orange,9,186,37.2,0.73778,13.79023,4981.673,28.895,0.083
orange,9,187,37.4,0.63125,13.92579,5024.87,29.065,0.053
orange,9,188,37.6,0.57689,14.0641,5047.144,29.212,0.07
orange,9,189,37.8,0.53573,14.23833,5081.859,29.386,0.115
orange,9,190,38.0,0.45281,14.36819,5107.941,29.539,0.103
orange,9,191,38.2,0.34229,14.48915,5144.939,29.698,0.062
orange,9,192,38.4,0.27483,14.60581,5161.857,29.833,0.058
orange,10,0,0.0,24.0,3.0,0.0,0.0,0.0
orange,10,1,0.2,23.97834,3.00093,25.345,0.022,0.001
orange,10,2,0.4,23.89994,3.01901,49.844,0.1,0.019
orange,10,3,0.6,23.75397,3.04487,84.206,0.246,0.045
orange,10,4,0.8,23.62845,3.05625,103.872,0.372,0.056
orange,10,5,1.0,23.47321,3.06063,124.241,0.527,0.061
orange,10,6,1.2,23.32685,3.06225,148.4,0.673,0.062
orange,10,7,1.4,23.15556,3.03821,168.555,0.844,0.038
orange,10,8,1.6,22.99696,3.01783,197.132,1.003,0.018
orange,10,9,1.8,22.83666,3.02492,214.119,1.163,0.025
orange,10,10,2.0,22.66605,3.0476,245.026,1.334,0.048
orange,10,11,2.2,22.49018,3.03355,265.978,1.51,0.034
orange,10,12,2.4,22.31765,3.01631,302.553,1.682,0.016
orange,10,13,2.6,22.13611,3.03953,323.656,1.864,0.04
orange,10,14,2.8,21.95367,3.06347,357.39,2.046,0.063
orange,10,15,3.0,21.76795,3.03879,380.024,2.232,0.039
orange,10,16,3.2,21.5857,3.0298,418.058,2.414,0.03
orange,10,17,3.4,21.38041,3.06256,454.15,2.62,0.063
orange,10,18,3.6,21.20004,3.06928,481.132,2.8,0.069
orange,10,19,3.8,21.03468,3.04633,521.8,2.965,0.046
orange,10,20,4.0,20.90739,3.03703,537.746,3.093,0.037
orange,10,21,4.2,20.75711,3.04592,558.782,3.243,0.046
orange,10,22,4.4,20.62217,3.04729,588.55,3.378,0.047
orange,10,23,4.6,20.44101,3.01146,613.269,3.559,0.011
orange,10,24,4.8,20.28737,2.98415,646.788,3.713,0.016
orange,10,25,5.0,20.13912,2.99171,666.59,3.861,0.008
orange,10,26,5.2,19.98385,3.01343,696.424,4.016,0.013
orange,10,27,5.4,19.83175,2.99718,721.727,4.168,0.003
orange,10,28,5.6,19.66938,2.97207,758.457,4.331,0.028
orange,10,29,5.8,19.51712,2.98908,773.334,4.483,0.011
orange,10,30,6.0,19.35616,3.03613,808.755,4.644,0.036
orange,10,31,6.2,19.19342,3.02902,836.965,4.807,0.029
orange,10,32,6.4,19.01949,2.99414,870.346,4.981,0.006
orange,10,33,6.6,18.87873,3.00239,885.756,5.121,0.002
orange,10,34,6.8,18.73187,3.02562,911.644,5.268,0.026
orange,10,35,7.0,18.57736,3.01521,935.271,5.423,0.015
orange,10,36,7.2,18.41776,2.99799,969.102,5.582,0.002
orange,10,37,7.4,18.27186,3.0063,984.984,5.728,0.006
orange,10,38,7.6,18.10602,3.03588,1013.881,5.894,0.036
orange,10,39,7.8,17.93926,3.02369,1037.193,6.061,0.024
orange,10,40,8.0,17.76768,2.98552,1077.492,6.232,0.014
orange,10,41,8.2,17.63195,2.98035,1094.278,6.368,0.02
orange,10,42,8.4,17.47108,3.00299,1125.207,6.529,0.003
orange,10,43,8.6,17.32078,3.00642,1148.483,6.679,0.006
orange,10,44,8.8,17.13735,2.97525,1185.641,6.863,0.025
orange,10,45,9.0,16.99295,2.97396,1203.6,7.007,0.026
orange,10,46,9.2,16.83204,3.01061,1226.335,7.168,0.011
orange,10,47,9.4,16.69089,3.04168,1256.23,7.309,0.042
orange,10,48,9.6,16.52682,3.03164,1276.98,7.473,0.032
orange,10,49,9.8,16.38219,3.02159,1306.791,7.618,0.022
orange,10,50,10.0,16.23686,3.03078,1325.932,7.763,0.031
orange,10,51,10.2,16.07564,3.04873,1354.047,7.924,0.049
orange,10,52,10.4,15.89781,3.0196,1378.71,8.102,0.02
orange,10,53,10.6,15.71931,2.99008,1420.088,8.281,0.01
orange,10,54,10.8,15.55922,3.01029,1442.084,8.441,0.01
orange,10,55,11.0,15.39619,3.05313,1479.104,8.604,0.053
orange,10,56,11.2,15.25314,3.04357,1505.411,8.747,0.044
orange,10,57,11.4,15.08747,3.00905,1538.592,8.913,0.009
orange,10,58,11.6,14.93884,3.01355,1558.124,9.061,0.014
orange,10,59,11.8,14.77116,3.04917,1592.49,9.229,0.049
orange,10,60,12.0,14.6273,3.05836,1613.587,9.373,0.058
orange,10,61,12.2,14.47304,3.05143,1645.002,9.527,0.051
orange,10,62,12.4,14.3171,3.06803,1661.157,9.683,0.068
orange,10,63,12.6,14.14229,3.10987,1695.013,9.858,0.11
orange,10,64,12.8,13.97949,3.10088,1719.341,10.021,0.101
orange,10,65,13.0,13.80298,3.06343,1755.213,10.197,0.063
orange,10,66,13.2,13.65716,3.06324,1773.181,10.343,0.063
orange,10,67,13.4,13.48831,3.09247,1801.754,10.512,0.092
orange,10,68,13.6,13.33092,3.07475,1823.791,10.669,0.075
orange,10,69,13.8,13.15831,3.02234,1854.556,10.842,0.022
orange,10,70,14.0,13.00241,3.01965,1872.895,10.998,0.02
orange,10,71,14.2,12.83803,3.05136,1905.35,11.162,0.051
orange,10,72,14.4,12.67809,3.03621,1930.968,11.322,0.036
orange,10,73,14.6,12.51207,2.99765,1963.632,11.488,0.002
orange,10,74,14.8,12.36706,3.00142,1980.668,11.633,0.001
orange,10,75,15.0,12.20055,3.03463,2010.811,11.799,0.035
orange,10,76,15.2,12.04263,3.02773,2034.084,11.957,0.028
orange,10,77,15.4,11.86875,2.99554,2066.373,12.131,0.004
orange,10,78,15.6,11.70766,3.01857,2086.978,12.292,0.019
orange,10,79,15.8,11.52931,3.08073,2122.599,12.471,0.081
orange,10,80,16.0,11.36854,3.08169,2148.471,12.631,0.082
orange,10,81,16.2,11.20426,3.05521,2186.619,12.796,0.055
orange,10,82,16.4,11.06709,3.05197,2202.865,12.933,0.052
orange,10,83,16.6,10.90083,3.07663,2234.153,13.099,0.077
orange,10,84,16.8,10.74921,3.07158,2258.243,13.251,0.072
orange,10,85,17.0,10.57425,3.02784,2292.868,13.426,0.028
orange,10,86,17.2,10.42568,3.0222,2310.816,13.574,0.022
orange,10,87,17.4,10.24824,3.06229,2343.689,13.752,0.062
orange,10,88,17.6,10.09756,3.07479,2368.506,13.902,0.075
orange,10,89,17.8,9.93011,3.04422,2401.421,14.07,0.044
orange,10,90,18.0,9.78182,3.04322,2419.165,14.218,0.043
orange,10,91,18.2,9.60855,3.08284,2449.558,14.391,0.083
orange,10,92,18.4,9.45262,3.08788,2473.354,14.547,0.088
orange,10,93,18.6,9.27624,3.05023,2508.28,14.724,0.05
orange,10,94,18.8,9.14011,3.03268,2527.853,14.86,0.033
orange,10,95,19.0,8.98188,3.04139,2550.763,15.018,0.041
orange,10,96,19.2,8.82656,3.0529,2581.009,15.173,0.053
orange,10,97,19.4,8.64933,3.03607,2614.707,15.351,0.036
orange,10,98,19.6,8.50436,3.05751,2630.968,15.496,0.058
orange,10,99,19.8,8.37167,3.15115,2655.19,15.735,0.073
orange,10,100,20.0,8.26552,3.24645,2686.299,15.876,0.05
orange,10,101,20.2,8.14361,3.34129,2703.799,16.027,0.015
orange,10,102,20.4,8.03699,3.43643,2732.481,16.168,0.008
orange,10,103,20.6,7.95116,3.56912,2751.588,16.325,0.009
orange,10,104,20.8,7.87506,3.71623,2785.654,16.487,0.042
orange,10,105,21.0,7.76909,3.83077,2807.834,16.643,0.032
orange,10,106,21.2,7.65406,3.94098,2839.61,16.801,0.011
orange,10,107,21.4,7.56922,4.06972,2857.164,16.954,0.026
orange,10,108,21.6,7.48586,4.22177,2886.239,17.125,0.057
orange,10,109,21.8,7.35317,4.33882,2909.949,17.299,0.027
orange,10,110,22.0,7.22423,4.44786,2949.992,17.465,0.004
orange,10,111,22.2,7.14261,4.58033,2970.651,17.619,0.015
orange,10,112,22.4,7.06585,4.71727,3001.802,17.774,0.042
orange,10,113,22.6,6.95256,4.83496,3025.232,17.937,0.028
orange,10,114,22.8,6.83315,4.94266,3055.454,18.096,0.003
orange,10,115,23.0,6.75993,5.02188,3070.863,18.203,0.005
orange,10,116,23.2,6.69184,5.08058,3090.174,18.292,0.021
orange,10,117,23.4,6.63757,5.13482,3107.321,18.368,0.029
orange,10,118,23.6,6.58238,5.16759,3130.051,18.428,0.051
orange,10,119,23.8,6.50178,5.18561,3154.263,18.493,0.102
orange,10,120,24.0,6.42654,5.19543,3182.029,18.548,0.155
orange,10,121,24.2,6.3361,5.17457,3209.055,18.589,0.238
orange,10,122,24.4,6.22105,5.14189,3249.412,18.635,0.348
orange,10,123,24.6,6.10152,5.17184,3271.347,18.734,0.422
orange,10,124,24.8,6.01656,5.23655,3306.632,18.838,0.448
orange,10,125,25.0,5.96538,5.32738,3333.758,18.94,0.431
orange,10,126,25.2,5.9368,5.44042,3354.56,19.046,0.382
orange,10,127,25.4,5.88513,5.60214,3379.169,19.205,0.32
orange,10,128,25.6,5.83606,5.71742,3412.687,19.325,0.286
orange,10,129,25.8,5.77299,5.83621,3431.601,19.457,0.26
orange,10,130,26.0,5.7117,5.95569,3451.481,19.589,0.233
orange,10,131,26.2,5.64551,6.10182,3474.317,19.744,0.193
orange,10,132,26.4,5.56468,6.25987,3508.563,19.918,0.156
orange,10,133,26.6,5.50899,6.4035,3525.16,20.064,0.109
orange,10,134,26.8,5.46543,6.57685,3555.418,20.226,0.034
orange,10,135,27.0,5.3898,6.72958,3578.059,20.393,0.003
orange,10,136,27.2,5.29078,6.87504,3612.949,20.568,0.018
orange,10,137,27.4,5.20529,7.04181,3631.951,20.752,0.056
orange,10,138,27.6,5.12255,7.20504,3673.002,20.931,0.094
orange,10,139,27.8,5.01111,7.33165,3694.506,21.099,0.087
orange,10,140,28.0,4.8997,7.4575,3742.92,21.267,0.08
orange,10,141,28.2,4.82305,7.62373,3767.104,21.444,0.124
orange,10,142,28.4,4.74432,7.77657,3804.116,21.613,0.159
orange,10,143,28.6,4.58693,7.88289,3833.509,21.794,0.104
orange,10,144,28.8,4.46277,7.96605,3867.092,21.937,0.059
orange,10,145,29.0,4.36489,8.06109,3885.983,22.073,0.043
orange,10,146,29.2,4.2731,8.17142,3914.676,22.216,0.041
orange,10,147,29.4,4.17311,8.27068,3939.611,22.356,0.026
orange,10,148,29.6,4.04124,8.37777,3969.481,22.522,0.01
orange,10,149,29.8,3.95026,8.47633,3982.694,22.656,0.018
orange,10,150,30.0,3.86971,8.61403,4004.907,22.814,0.006
orange,10,151,30.2,3.79805,8.72908,4034.218,22.948,0.022
orange,10,152,30.4,3.68182,8.85085,4056.42,23.116,0.008
orange,10,153,30.6,3.57709,8.96151,4088.397,23.268,0.004
orange,10,154,30.8,3.4976,9.08633,4107.423,23.415,0.013
orange,10,155,31.0,3.42058,9.22287,4136.334,23.57,0.039
orange,10,156,31.2,3.29694,9.34145,4159.234,23.74,0.017
orange,10,157,31.4,3.16477,9.46066,4201.723,23.916,0.011
orange,10,158,31.6,3.07422,9.60203,4220.434,24.082,0.008
orange,10,159,31.8,2.99489,9.75496,4254.334,24.251,0.042
orange,10,160,32.0,2.88528,9.87404,4276.4,24.413,0.032
orange,10,161,32.2,2.77695,9.9913,4311.483,24.572,0.021
orange,10,162,32.4,2.70415,10.13538,4331.097,24.73,0.055
orange,10,163,32.6,2.6309,10.28678,4364.59,24.894,0.093
orange,10,164,32.8,2.50971,10.41124,4388.901,25.08,0.061
orange,10,165,33.0,2.39746,10.52571,4429.662,25.234,0.015
orange,10,166,33.2,2.3391,10.66827,4451.037,25.387,0.031
orange,10,167,33.4,2.28457,10.82695,4485.983,25.553,0.057
orange,10,168,33.6,2.17843,10.9682,4509.236,25.727,0.03
orange,10,169,33.8,2.07534,11.09134,4546.269,25.884,0.003
orange,10,170,34.0,2.01289,11.22722,4565.609,26.034,0.005
orange,10,171,34.2,1.9654,11.38373,4597.03,26.194,0.037
orange,10,172,34.4,1.89416,11.51797,4620.415,26.346,0.037
orange,10,173,34.6,1.79916,11.65876,4656.842,26.515,0.019
orange,10,174,34.8,1.74381,11.78966,4674.489,26.656,0.032
orange,10,175,35.0,1.70272,11.9627,4705.822,26.829,0.077
orange,10,176,35.2,1.63849,12.0975,4730.628,26.978,0.084
orange,10,177,35.4,1.51851,12.23087,4767.022,27.152,0.04
orange,10,178,35.6,1.44439,12.35259,4788.555,27.294,0.032
orange,10,179,35.8,1.39377,12.51834,4817.193,27.464,0.065
orange,10,180,36.0,1.32773,12.65419,4842.61,27.615,0.071
orange,10,181,36.2,1.21694,12.78818,4873.691,27.785,0.036
orange,10,182,36.4,1.13926,12.91737,4889.728,27.936,0.028
orange,10,183,36.6,1.08917,13.08475,4920.397,28.107,0.062
orange,10,184,36.8,1.02346,13.2242,4945.083,28.261,0.07
orange,10,185,37.0,0.90392,13.36356,4979.259,28.44,0.03
orange,10,186,37.2,0.83125,13.48937,4999.103,28.586,0.024
orange,10,187,37.4,0.78419,13.64941,5029.125,28.749,0.058
orange,10,188,37.6,0.72807,13.78255,5051.659,28.893,0.071
orange,10,189,37.8,0.62887,13.91858,5078.35,29.06,0.047
orange,10,190,38.0,0.55391,14.04659,5101.352,29.208,0.041
orange,10,191,38.2,0.51068,14.21518,5126.611,29.377,0.082
orange,10,192,38.4,0.46077,14.35871,5158.115,29.527,0.106
orange,10,193,38.6,0.34417,14.49234,5181.952,29.7,0.065
orange,10,194,38.8,0.25343,14.61198,5216.681,29.848,0.042
orange,11,0,0.0,24.0,3.0,0.0,0.0,0.0
orange,11,1,0.2,23.97834,3.00093,25.345,0.022,0.001
orange,11,2,0.4,23.89994,3.01901,49.844,0.1,0.019
orange,11,3,0.6,23.75397,3.04487,84.206,0.246,0.045
orange,11,4,0.8,23.62845,3.05625,103.872,0.372,0.056
orange,11,5,1.0,23.47321,3.06063,124.241,0.527,0.061
orange,11,6,1.2,23.32685,3.06225,148.4,0.673,0.062
orange,11,7,1.4,23.15556,3.03821,168.555,0.844,0.038
orange,11,8,1.6,22.99696,3.01783,197.132,1.003,0.018
orange,11,9,1.8,22.83666,3.02492,214.119,1.163,0.025
orange,11,10,2.0,22.66605,3.0476,245.026,1.334,0.048
orange,11,11,2.2,22.49018,3.03355,265.978,1.51,0.034
orange,11,12,2.4,22.31765,3.01631,302.553,1.682,0.016
orange,11,13,2.6,22.13611,3.03953,323.656,1.864,0.04
orange,11,14,2.8,21.95367,3.06347,357.39,2.046,0.063
orange,11,15,3.0,21.76795,3.03879,380.024,2.232,0.039
orange,11,16,3.2,21.5857,3.0298,418.058,2.414,0.03
orange,11,17,3.4,21.38041,3.06256,454.15,2.62,0.063
orange,11,18,3.6,21.20004,3.06928,481.132,2.8,0.069
orange,11,19,3.8,21.03468,3.04633,521.8,2.965,0.046
orange,11,20,4.0,20.90739,3.03703,537.746,3.093,0.037
orange,11,21,4.2,20.75711,3.04592,558.782,3.243,0.046
orange,11,22,4.4,20.62217,3.04729,588.55,3.378,0.047
orange,11,23,4.6,20.44101,3.01146,613.269,3.559,0.011
orange,11,24,4.8,20.28737,2.98415,646.788,3.713,0.016
orange,11,25,5.0,20.13912,2.99171,666.59,3.861,0.008
orange,11,26,5.2,19.98385,3.01343,696.424,4.016,0.013
orange,11,27,5.4,19.83175,2.99718,721.727,4.168,0.003
orange,11,28,5.6,19.66938,2.97207,758.457,4.331,0.028
orange,11,29,5.8,19.51712,2.98908,773.334,4.483,0.011
orange,11,30,6.0,19.35616,3.03613,808.755,4.644,0.036
orange,11,31,6.2,19.19342,3.02902,836.965,4.807,0.029
orange,11,32,6.4,19.01949,2.99414,870.346,4.981,0.006
orange,11,33,6.6,18.87873,3.00239,885.756,5.121,0.002
orange,11,34,6.8,18.73187,3.02562,911.644,5.268,0.026
orange,11,35,7.0,18.57736,3.01521,935.271,5.423,0.015
orange,11,36,7.2,18.41776,2.99799,969.102,5.582,0.002
orange,11,37,7.4,18.27186,3.0063,984.984,5.728,0.006
orange,11,38,7.6,18.10602,3.03588,1013.881,5.894,0.036
orange,11,39,7.8,17.93926,3.02369,1037.193,6.061,0.024
orange,11,40,8.0,17.76768,2.98552,1077.492,6.232,0.014
orange,11,41,8.2,17.63195,2.98035,1094.278,6.368,0.02
orange,11,42,8.4,17.47108,3.00299,1125.207,6.529,0.003
orange,11,43,8.6,17.32078,3.00642,1148.483,6.679,0.006
orange,11,44,8.8,17.13735,2.97525,1185.641,6.863,0.025
orange,11,45,9.0,16.99295,2.97396,1203.6,7.007,0.026
orange,11,46,9.2,16.83204,3.01061,1226.335,7.168,0.011
orange,11,47,9.4,16.69089,3.04168,1256.23,7.309,0.042
orange,11,48,9.6,16.52682,3.03164,1276.98,7.473,0.032
orange,11,49,9.8,16.38219,3.02159,1306.791,7.618,0.022
orange,11,50,10.0,16.23686,3.03078,1325.932,7.763,0.031
orange,11,51,10.2,16.07564,3.04873,1354.047,7.924,0.049
orange,11,52,10.4,15.89781,3.0196,1378.71,8.102,0.02
orange,11,53,10.6,15.71931,2.99008,1420.088,8.281,0.01
orange,11,54,10.8,15.55922,3.01029,1442.084,8.441,0.01
orange,11,55,11.0,15.39619,3.05313,1479.104,8.604,0.053
orange,11,56,11.2,15.25314,3.04357,1505.411,8.747,0.044
orange,11,57,11.4,15.08747,3.00905,1538.592,8.913,0.009
orange,11,58,11.6,14.93884,3.01355,1558.124,9.061,0.014
orange,11,59,11.8,14.77116,3.04917,1592.49,9.229,0.049
orange,11,60,12.0,14.6273,3.05836,1613.587,9.373,0.058
orange,11,61,12.2,14.47304,3.05143,1645.002,9.527,0.051
orange,11,62,12.4,14.3171,3.06803,1661.157,9.683,0.068
orange,11,63,12.6,14.14229,3.10987,1695.013,9.858,0.11
orange,11,64,12.8,13.97949,3.10088,1719.341,10.021,0.101
orange,11,65,13.0,13.80298,3.06343,1755.213,10.197,0.063
orange,11,66,13.2,13.65716,3.06324,1773.181,10.343,0.063
orange,11,67,13.4,13.48831,3.09247,1801.754,10.512,0.092
orange,11,68,13.6,13.33092,3.07475,1823.791,10.669,0.075
orange,11,69,13.8,13.15831,3.02234,1854.556,10.842,0.022
orange,11,70,14.0,13.00241,3.01965,1872.895,10.998,0.02
orange,11,71,14.2,12.83803,3.05136,1905.35,11.162,0.051
orange,11,72,14.4,12.67809,3.03621,1930.968,11.322,0.036
orange,11,73,14.6,12.51207,2.99765,1963.632,11.488,0.002
orange,11,74,14.8,12.36706,3.00142,1980.668,11.633,0.001
orange,11,75,15.0,12.20055,3.03463,2010.811,11.799,0.035
orange,11,76,15.2,12.04263,3.02773,2034.084,11.957,0.028
orange,11,77,15.4,11.86875,2.99554,2066.373,12.131,0.004
orange,11,78,15.6,11.70766,3.01857,2086.978,12.292,0.019
orange,11,79,15.8,11.52931,3.08073,2122.599,12.471,0.081
orange,11,80,16.0,11.36854,3.08169,2148.471,12.631,0.082
orange,11,81,16.2,11.20426,3.05521,2186.619,12.796,0.055
orange,11,82,16.4,11.06709,3.05197,2202.865,12.933,0.052
orange,11,83,16.6,10.90083,3.07663,2234.153,13.099,0.077
orange,11,84,16.8,10.74921,3.07158,2258.243,13.251,0.072
orange,11,85,17.0,10.57425,3.02784,2292.868,13.426,0.028
orange,11,86,17.2,10.42568,3.0222,2310.816,13.574,0.022
orange,11,87,17.4,10.24824,3.06229,2343.689,13.752,0.062
orange,11,88,17.6,10.09756,3.07479,2368.506,13.902,0.075
orange,11,89,17.8,9.93011,3.04422,2401.421,14.07,0.044
orange,11,90,18.0,9.78182,3.04322,2419.165,14.218,0.043
orange,11,91,18.2,9.60855,3.08284,2449.558,14.391,0.083
orange,11,92,18.4,9.45262,3.08788,2473.354,14.547,0.088
orange,11,93,18.6,9.27624,3.05023,2508.28,14.724,0.05
orange,11,94,18.8,9.14011,3.03268,2527.853,14.86,0.033
orange,11,95,19.0,8.98188,3.04139,2550.763,15.018,0.041
orange,11,96,19.2,8.82656,3.0529,2581.009,15.173,0.053
orange,11,97,19.4,8.64933,3.03607,2614.707,15.351,0.036
orange,11,98,19.6,8.50436,3.05751,2630.968,15.496,0.058
orange,11,99,19.8,8.37167,3.15115,2655.19,15.735,0.073
orange,11,100,20.0,8.26552,3.24645,2686.299,15.876,0.05
orange,11,101,20.2,8.14361,3.34129,2703.799,16.027,0.015
orange,11,102,20.4,8.03699,3.43643,2732.481,16.168,0.008
orange,11,103,20.6,7.95116,3.56912,2751.588,16.325,0.009
orange,11,104,20.8,7.87506,3.71623,2785.654,16.487,0.042
orange,11,105,21.0,7.76909,3.83077,2807.834,16.643,0.032
orange,11,106,21.2,7.65406,3.94098,2839.61,16.801,0.011
orange,11,107,21.4,7.56922,4.06972,2857.164,16.954,0.026
orange,11,108,21.6,7.48586,4.22177,2886.239,17.125,0.057
orange,11,109,21.8,7.35317,4.33882,2909.949,17.299,0.027
orange,11,110,22.0,7.22425,4.44795,2950.066,17.465,0.004
orange,11,111,22.2,7.14282,4.58057,2971.57,17.62,0.016
orange,11,112,22.4,7.06768,4.71714,3003.053,17.773,0.043
orange,11,113,22.6,6.95745,4.8342,3026.179,17.933,0.031
orange,11,114,22.8,6.83967,4.94052,3056.073,18.09,0.006
orange,11,115,23.0,6.75908,5.02634,3072.858,18.207,0.002
orange,11,116,23.2,6.68303,5.09468,3093.711,18.308,0.019
orange,11,117,23.4,6.61722,5.15801,3113.507,18.399,0.03
orange,11,118,23.6,6.54628,5.18193,3136.709,18.462,0.07
orange,11,119,23.8,6.45168,5.17626,3166.589,18.517,0.147
orange,11,120,24.0,6.34882,5.20186,3189.513,18.602,0.211
orange,11,121,24.2,6.23257,5.26344,3222.463,18.723,0.263
orange,11,122,24.4,6.1517,5.33536,3245.934,18.83,0.281
orange,11,123,24.6,6.08133,5.42214,3271.207,18.941,0.281
orange,11,124,24.8,6.00487,5.55646,3296.134,19.094,0.256
orange,11,125,25.0,5.91029,5.70436,3330.432,19.268,0.236
orange,11,126,25.2,5.84095,5.81216,3347.321,19.396,0.223
orange,11,127,25.4,5.7685,5.93597,3364.156,19.538,0.201
orange,11,128,25.6,5.71268,6.05111,3387.585,19.662,0.172
orange,11,129,25.8,5.63645,6.20092,3408.338,19.827,0.137
orange,11,130,26.0,5.55905,6.34484,3440.891,19.987,0.107
orange,11,131,26.2,5.49663,6.49567,3457.265,20.144,0.061
orange,11,132,26.4,5.44152,6.66425,3489.664,20.309,0.002
orange,11,133,26.6,5.35473,6.81489,3509.417,20.481,0.03
orange,11,134,26.8,5.26353,6.96137,3547.363,20.652,0.051
orange,11,135,27.0,5.17742,7.14521,3572.135,20.85,0.099
orange,11,136,27.2,5.08641,7.29754,3610.365,21.025,0.124
orange,11,137,27.4,4.95284,7.41928,3638.112,21.204,0.097
orange,11,138,27.6,4.84823,7.53022,3670.279,21.356,0.085
orange,11,139,27.8,4.76381,7.68734,3694.044,21.531,0.118
orange,11,140,28.0,4.68309,7.81875,3730.963,21.684,0.138
orange,11,141,28.2,4.54165,7.92552,3754.673,21.856,0.095
orange,11,142,28.4,4.42863,8.01605,3792.141,21.998,0.064
orange,11,143,28.6,4.3351,8.13385,3811.29,22.148,0.066
orange,11,144,28.8,4.25354,8.26105,3841.45,22.298,0.082
orange,11,145,29.0,4.1461,8.3708,3863.879,22.451,0.068
orange,11,146,29.2,4.02609,8.47894,3898.483,22.611,0.042
orange,11,147,29.4,3.93756,8.59534,3915.048,22.757,0.047
orange,11,148,29.6,3.85142,8.74356,3950.003,22.926,0.073
orange,11,149,29.8,3.72333,8.85338,3975.253,23.092,0.042
orange,11,150,30.0,3.57925,8.9539,4009.265,23.261,0.007
orange,11,151,30.2,3.48113,9.07369,4025.354,23.416,0.008
orange,11,152,30.4,3.39176,9.21095,4053.016,23.579,0.009
orange,11,153,30.6,3.2625,9.32089,4079.873,23.745,0.022
orange,11,154,30.8,3.13692,9.43179,4123.467,23.911,0.05
orange,11,155,31.0,3.05823,9.58314,4144.404,24.078,0.016
orange,11,156,31.2,2.99237,9.73812,4181.511,24.24,0.03
orange,11,157,31.4,2.90436,9.86012,4202.524,24.39,0.038
orange,11,158,31.6,2.81018,9.97194,4232.177,24.536,0.035
orange,11,159,31.8,2.7277,10.09887,4252.024,24.687,0.051
orange,11,160,32.0,2.65143,10.23876,4284.26,24.843,0.079
orange,11,161,32.2,2.56233,10.35732,4306.649,25.007,0.082
orange,11,162,32.4,2.44457,10.48336,4338.438,25.174,0.037
orange,11,163,32.6,2.37092,10.59908,4355.782,25.311,0.026
orange,11,164,32.8,2.31859,10.75214,4385.889,25.471,0.052
orange,11,165,33.0,2.25065,10.88614,4408.959,25.621,0.055
orange,11,166,33.2,2.1313,11.02903,4443.178,25.803,0.017
orange,11,167,33.4,2.06306,11.14997,4463.058,25.942,0.013
orange,11,168,33.6,2.01676,11.30981,4486.718,26.105,0.048
orange,11,169,33.8,1.9721,11.44539,4518.637,26.245,0.072
orange,11,170,34.0,1.88094,11.5776,4540.105,26.405,0.053
orange,11,171,34.2,1.79856,11.7026,4570.006,26.554,0.039
orange,11,172,34.4,1.73934,11.8543,4591.184,26.716,0.058
orange,11,173,34.6,1.68983,12.00786,4626.319,26.874,0.087
orange,11,174,34.8,1.60306,12.13811,4648.49,27.03,0.071
orange,11,175,35.0,1.50348,12.26149,4678.903,27.186,0.041
orange,11,176,35.2,1.43853,12.38646,4696.713,27.327,0.043
orange,11,177,35.4,1.38311,12.54366,4728.681,27.492,0.068
orange,11,178,35.6,1.3084,12.6734,4753.922,27.641,0.063
orange,11,179,35.8,1.20702,12.80512,4785.906,27.805,0.035
orange,11,180,36.0,1.1507,12.93635,4808.945,27.947,0.047
orange,11,181,36.2,1.11095,13.10666,4842.503,28.116,0.092
orange,11,182,36.4,1.03866,13.22938,4868.379,28.259,0.085
orange,11,183,36.6,0.9283,13.35526,4903.337,28.422,0.047
orange,11,184,36.8,0.86424,13.48818,4923.209,28.569,0.053
orange,11,185,37.0,0.81894,13.65287,4956.211,28.736,0.09
orange,11,186,37.2,0.73778,13.79023,4981.673,28.895,0.083
orange,11,187,37.4,0.63125,13.92579,5024.87,29.065,0.053
orange,11,188,37.6,0.57689,14.0641,5047.144,29.212,0.07
orange,11,189,37.8,0.53573,14.23833,5081.859,29.386,0.115
orange,11,190,38.0,0.45281,14.36819,5107.941,29.539,0.103
orange,11,191,38.2,0.34229,14.48915,5144.939,29.698,0.062
orange,11,192,38.4,0.27483,14.60581,5161.857,29.833,0.058
orange,12,0,0.0,24.0,3.0,0.0,0.0,0.0
orange,12,1,0.2,23.97834,3.00093,25.345,0.022,0.001
orange,12,2,0.4,23.89994,3.01901,49.844,0.1,0.019
orange,12,3,0.6,23.75397,3.04487,84.206,0.246,0.045
orange,12,4,0.8,23.62845,3.05625,103.872,0.372,0.056
orange,12,5,1.0,23.47321,3.06063,124.241,0.527,0.061
orange,12,6,1.2,23.32685,3.06225,148.4,0.673,0.062
orange,12,7,1.4,23.15556,3.03821,168.555,0.844,0.038
orange,12,8,1.6,22.99696,3.01783,197.132,1.003,0.018
orange,12,9,1.8,22.83666,3.02492,214.119,1.163,0.025
orange,12,10,2.0,22.66605,3.0476,245.026,1.334,0.048
orange,12,11,2.2,22.49018,3.03355,265.978,1.51,0.034
orange,12,12,2.4,22.31765,3.01631,302.553,1.682,0.016
orange,12,13,2.6,22.13611,3.03953,323.656,1.864,0.04
orange,12,14,2.8,21.95367,3.06347,357.39,2.046,0.063
orange,12,15,3.0,21.76795,3.03879,380.024,2.232,0.039
orange,12,16,3.2,21.5857,3.0298,418.058,2.414,0.03
orange,12,17,3.4,21.38041,3.06256,454.15,2.62,0.063
orange,12,18,3.6,21.20004,3.06928,481.132,2.8,0.069
orange,12,19,3.8,21.03468,3.04633,521.8,2.965,0.046
orange,12,20,4.0,20.90739,3.03703,537.746,3.093,0.037
orange,12,21,4.2,20.75711,3.04592,558.782,3.243,0.046
orange,12,22,4.4,20.62217,3.04729,588.55,3.378,0.047
orange,12,23,4.6,20.44101,3.01146,613.269,3.559,0.011
orange,12,24,4.8,20.28737,2.98415,646.788,3.713,0.016
orange,12,25,5.0,20.13912,2.99171,666.59,3.861,0.008
orange,12,26,5.2,19.98385,3.01343,696.424,4.016,0.013
orange,12,27,5.4,19.83175,2.99718,721.727,4.168,0.003
orange,12,28,5.6,19.66938,2.97207,758.457,4.331,0.028
orange,12,29,5.8,19.51712,2.98908,773.334,4.483,0.011
orange,12,30,6.0,19.35616,3.03613,808.755,4.644,0.036
orange,12,31,6.2,19.19342,3.02902,836.965,4.807,0.029
orange,12,32,6.4,19.01949,2.99414,870.346,4.981,0.006
orange,12,33,6.6,18.87873,3.00239,885.756,5.121,0.002
orange,12,34,6.8,18.73187,3.02562,911.644,5.268,0.026
orange,12,35,7.0,18.57736,3.01521,935.271,5.423,0.015
orange,12,36,7.2,18.41776,2.99799,969.102,5.582,0.002
orange,12,37,7.4,18.27186,3.0063,984.984,5.728,0.006
orange,12,38,7.6,18.10602,3.03588,1013.881,5.894,0.036
orange,12,39,7.8,17.93926,3.02369,1037.193,6.061,0.024
orange,12,40,8.0,17.76768,2.98552,1077.492,6.232,0.014
orange,12,41,8.2,17.63195,2.98035,1094.278,6.368,0.02
orange,12,42,8.4,17.47108,3.00299,1125.207,6.529,0.003
orange,12,43,8.6,17.32078,3.00642,1148.483,6.679,0.006
orange,12,44,8.8,17.13735,2.97525,1185.641,6.863,0.025
orange,12,45,9.0,16.99295,2.97396,1203.6,7.007,0.026
orange,12,46,9.2,16.83204,3.01061,1226.335,7.168,0.011
orange,12,47,9.4,16.69089,3.04168,1256.23,7.309,0.042
orange,12,48,9.6,16.52682,3.03164,1276.98,7.473,0.032
orange,12,49,9.8,16.38219,3.02159,1306.791,7.618,0.022
orange,12,50,10.0,16.23686,3.03078,1325.932,7.763,0.031
orange,12,51,10.2,16.07564,3.04873,1354.047,7.924,0.049
orange,12,52,10.4,15.89781,3.0196,1378.71,8.102,0.02
orange,12,53,10.6,15.71931,2.99008,1420.088,8.281,0.01
orange,12,54,10.8,15.55922,3.01029,1442.084,8.441,0.01
orange,12,55,11.0,15.39619,3.05313,1479.104,8.604,0.053
orange,12,56,11.2,15.25314,3.04357,1505.411,8.747,0.044
orange,12,57,11.4,15.08747,3.00905,1538.592,8.913,0.009
orange,12,58,11.6,14.93884,3.01355,1558.124,9.061,0.014
orange,12,59,11.8,14.77116,3.04917,1592.49,9.229,0.049
orange,12,60,12.0,14.6273,3.05836,1613.587,9.373,0.058
orange,12,61,12.2,14.47304,3.05143,1645.002,9.527,0.051
orange,12,62,12.4,14.3171,3.06803,1661.157,9.683,0.068
orange,12,63,12.6,14.14229,3.10987,1695.013,9.858,0.11
orange,12,64,12.8,13.97949,3.10088,1719.341,10.021,0.101
orange,12,65,13.0,13.80298,3.06343,1755.213,10.197,0.063
orange,12,66,13.2,13.65716,3.06324,1773.181,10.343,0.063
orange,12,67,13.4,13.48831,3.09247,1801.754,10.512,0.092
orange,12,68,13.6,13.33092,3.07475,1823.791,10.669,0.075
orange,12,69,13.8,13.15831,3.02234,1854.556,10.842,0.022
orange,12,70,14.0,13.00241,3.01965,1872.895,10.998,0.02
orange,12,71,14.2,12.83803,3.05136,1905.35,11.162,0.051
orange,12,72,14.4,12.67809,3.03621,1930.968,11.322,0.036
orange,12,73,14.6,12.51207,2.99765,1963.632,11.488,0.002
orange,12,74,14.8,12.36706,3.00142,1980.668,11.633,0.001
orange,12,75,15.0,12.20055,3.03463,2010.811,11.799,0.035
orange,12,76,15.2,12.04263,3.02773,2034.084,11.957,0.028
orange,12,77,15.4,11.86875,2.99554,2066.373,12.131,0.004
orange,12,78,15.6,11.70766,3.01857,2086.978,12.292,0.019
orange,12,79,15.8,11.52931,3.08073,2122.599,12.471,0.081
orange,12,80,16.0,11.36854,3.08169,2148.471,12.631,0.082
orange,12,81,16.2,11.20426,3.05521,2186.619,12.796,0.055
orange,12,82,16.4,11.06709,3.05197,2202.865,12.933,0.052
orange,12,83,16.6,10.90083,3.07663,2234.153,13.099,0.077
orange,12,84,16.8,10.74921,3.07158,2258.243,13.251,0.072
orange,12,85,17.0,10.57425,3.02784,2292.868,13.426,0.028
orange,12,86,17.2,10.42568,3.0222,2310.816,13.574,0.022
orange,12,87,17.4,10.24824,3.06229,2343.689,13.752,0.062
orange,12,88,17.6,10.09756,3.07479,2368.506,13.902,0.075
orange,12,89,17.8,9.93011,3.04422,2401.421,14.07,0.044
orange,12,90,18.0,9.78182,3.04322,2419.165,14.218,0.043
orange,12,91,18.2,9.60855,3.08284,2449.558,14.391,0.083
orange,12,92,18.4,9.45262,3.08788,2473.354,14.547,0.088
orange,12,93,18.6,9.27624,3.05023,2508.28,14.724,0.05
orange,12,94,18.8,9.14011,3.03268,2527.853,14.86,0.033
orange,12,95,19.0,8.98188,3.04139,2550.763,15.018,0.041
orange,12,96,19.2,8.82656,3.0529,2581.009,15.173,0.053
orange,12,97,19.4,8.64933,3.03607,2614.707,15.351,0.036
orange,12,98,19.6,8.50436,3.05751,2630.968,15.496,0.058
orange,12,99,19.8,8.37167,3.15115,2655.19,15.735,0.073
orange,12,100,20.0,8.26552,3.24645,2686.299,15.876,0.05
orange,12,101,20.2,8.14361,3.34129,2703.799,16.027,0.015
orange,12,102,20.4,8.03699,3.43643,2732.481,16.168,0.008
orange,12,103,20.6,7.95116,3.56912,2751.588,16.325,0.009
orange,12,104,20.8,7.87506,3.71623,2785.654,16.487,0.042
orange,12,105,21.0,7.76909,3.83077,2807.834,16.643,0.032
orange,12,106,21.2,7.65406,3.94098,2839.61,16.801,0.011
orange,12,107,21.4,7.56922,4.06972,2857.164,16.954,0.026
orange,12,108,21.6,7.48586,4.22177,2886.239,17.125,0.057
orange,12,109,21.8,7.35317,4.33882,2909.949,17.299,0.027
orange,12,110,22.0,7.22423,4.44786,2949.992,17.465,0.004
orange,12,111,22.2,7.14261,4.58033,2970.651,17.619,0.015
orange,12,112,22.4,7.06585,4.71727,3001.802,17.774,0.042
orange,12,113,22.6,6.95256,4.83496,3025.232,17.937,0.028
orange,12,114,22.8,6.83315,4.94266,3055.454,18.096,0.003
orange,12,115,23.0,6.75993,5.02188,3070.863,18.203,0.005
orange,12,116,23.2,6.69184,5.08058,3090.174,18.292,0.021
orange,12,117,23.4,6.63757,5.13482,3107.321,18.368,0.029
orange,12,118,23.6,6.58238,5.16759,3130.051,18.428,0.051
orange,12,119,23.8,6.50178,5.18561,3154.263,18.493,0.102
orange,12,120,24.0,6.42654,5.19543,3182.029,18.548,0.155
orange,12,121,24.2,6.3361,5.17457,3209.055,18.589,0.238
orange,12,122,24.4,6.22105,5.14189,3249.412,18.635,0.348
orange,12,123,24.6,6.10152,5.17184,3271.347,18.734,0.422
orange,12,124,24.8,6.01656,5.23655,3306.632,18.838,0.448
orange,12,125,25.0,5.96538,5.32738,3333.758,18.94,0.431
orange,12,126,25.2,5.9368,5.44042,3354.56,19.046,0.382
orange,12,127,25.4,5.88513,5.60214,3379.169,19.205,0.32
orange,12,128,25.6,5.83606,5.71742,3412.687,19.325,0.286
orange,12,129,25.8,5.77299,5.83621,3431.601,19.457,0.26
orange,12,130,26.0,5.7117,5.95569,3451.481,19.589,0.233
orange,12,131,26.2,5.64551,6.10182,3474.317,19.744,0.193
orange,12,132,26.4,5.56468,6.25987,3508.563,19.918,0.156
orange,12,133,26.6,5.50899,6.4035,3525.16,20.064,0.109
orange,12,134,26.8,5.46543,6.57685,3555.418,20.226,0.034
orange,12,135,27.0,5.3898,6.72958,3578.059,20.393,0.003
orange,12,136,27.2,5.29078,6.87504,3612.949,20.568,0.018
orange,12,137,27.4,5.20529,7.04181,3631.951,20.752,0.056
orange,12,138,27.6,5.12255,7.20504,3673.002,20.931,0.094
orange,12,139,27.8,5.01111,7.33165,3694.506,21.099,0.087
orange,12,140,28.0,4.8997,7.4575,3742.92,21.267,0.08
orange,12,141,28.2,4.82305,7.62373,3767.104,21.444,0.124
orange,12,142,28.4,4.74432,7.77657,3804.116,21.613,0.159
orange,12,143,28.6,4.58693,7.88289,3833.509,21.794,0.104
orange,12,144,28.8,4.46277,7.96605,3867.092,21.937,0.059
orange,12,145,29.0,4.36489,8.06109,3885.983,22.073,0.043
orange,12,146,29.2,4.2731,8.17142,3914.676,22.216,0.041
orange,12,147,29.4,4.17311,8.27068,3939.611,22.356,0.026
orange,12,148,29.6,4.04124,8.37777,3969.481,22.522,0.01
orange,12,149,29.8,3.95026,8.47633,3982.694,22.656,0.018
orange,12,150,30.0,3.86971,8.61403,4004.907,22.814,0.006
orange,12,151,30.2,3.79805,8.72908,4034.218,22.948,0.022
orange,12,152,30.4,3.68182,8.85085,4056.42,23.116,0.008
orange,12,153,30.6,3.57709,8.96151,4088.397,23.268,0.004
orange,12,154,30.8,3.4976,9.08633,4107.423,23.415,0.013
orange,12,155,31.0,3.42058,9.22287,4136.334,23.57,0.039
orange,12,156,31.2,3.29694,9.34145,4159.234,23.74,0.017
orange,12,157,31.4,3.16477,9.46066,4201.723,23.916,0.011
orange,12,158,31.6,3.07422,9.60203,4220.434,24.082,0.008
orange,12,159,31.8,2.99489,9.75496,4254.334,24.251,0.042
orange,12,160,32.0,2.88528,9.87404,4276.4,24.413,0.032
orange,12,161,32.2,2.77695,9.9913,4311.483,24.572,0.021
orange,12,162,32.4,2.70415,10.13538,4331.097,24.73,0.055
orange,12,163,32.6,2.6309,10.28678,4364.59,24.894,0.093
orange,12,164,32.8,2.50971,10.41124,4388.901,25.08,0.061
orange,12,165,33.0,2.39746,10.52571,4429.662,25.234,0.015
orange,12,166,33.2,2.3391,10.66827,4451.037,25.387,0.031
orange,12,167,33.4,2.28457,10.82695,4485.983,25.553,0.057
orange,12,168,33.6,2.17843,10.9682,4509.236,25.727,0.03
orange,12,169,33.8,2.07534,11.09134,4546.269,25.884,0.003
orange,12,170,34.0,2.01289,11.22722,4565.609,26.034,0.005
orange,12,171,34.2,1.9654,11.38373,4597.03,26.194,0.037
orange,12,172,34.4,1.89416,11.51797,4620.415,26.346,0.037
orange,12,173,34.6,1.79916,11.65876,4656.842,26.515,0.019
orange,12,174,34.8,1.74381,11.78966,4674.489,26.656,0.032
orange,12,175,35.0,1.70272,11.9627,4705.822,26.829,0.077
orange,12,176,35.2,1.63849,12.0975,4730.628,26.978,0.084
orange,12,177,35.4,1.51851,12.23087,4767.022,27.152,0.04
orange,12,178,35.6,1.44439,12.35259,4788.555,27.294,0.032
orange,12,179,35.8,1.39377,12.51834,4817.193,27.464,0.065
orange,12,180,36.0,1.32773,12.65419,4842.61,27.615,0.071
orange,12,181,36.2,1.21694,12.78818,4873.691,27.785,0.036
orange,12,182,36.4,1.13926,12.91737,4889.728,27.936,0.028
orange,12,183,36.6,1.08917,13.08475,4920.397,28.107,0.062
orange,12,184,36.8,1.02346,13.2242,4945.083,28.261,0.07
orange,12,185,37.0,0.90392,13.36356,4979.259,28.44,0.03
orange,12,186,37.2,0.83125,13.48937,4999.103,28.586,0.024
orange,12,187,37.4,0.78419,13.64941,5029.125,28.749,0.058
orange,12,188,37.6,0.72807,13.78255,5051.659,28.893,0.071
orange,12,189,37.8,0.62887,13.91858,5078.35,29.06,0.047
orange,12,190,38.0,0.55391,14.04659,5101.352,29.208,0.041
orange,12,191,38.2,0.51068,14.21518,5126.611,29.377,0.082
orange,12,192,38.4,0.46077,14.35871,5158.115,29.527,0.106
orange,12,193,38.6,0.34417,14.49234,5181.952,29.7,0.065
orange,12,194,38.8,0.25343,14.61198,5216.681,29.848,0.042
orange,13,0,0.0,24.0,3.0,0.0,0.0,0.0
orange,13,1,0.2,23.97834,3.00093,25.345,0.022,0.001
orange,13,2,0.4,23.89994,3.01901,49.844,0.1,0.019
orange,13,3,0.6,23.75397,3.04487,84.206,0.246,0.045
orange,13,4,0.8,23.62845,3.05625,103.872,0.372,0.056
orange,13,5,1.0,23.47321,3.06063,124.241,0.527,0.061
orange,13,6,1.2,23.32685,3.06225,148.4,0.673,0.062
orange,13,7,1.4,23.15556,3.03821,168.555,0.844,0.038
orange,13,8,1.6,22.99696,3.01783,197.132,1.003,0.018
orange,13,9,1.8,22.83666,3.02492,214.119,1.163,0.025
orange,13,10,2.0,22.66605,3.0476,245.026,1.334,0.048
orange,13,11,2.2,22.49018,3.03355,265.978,1.51,0.034
orange,13,12,2.4,22.31765,3.01631,302.553,1.682,0.016
orange,13,13,2.6,22.13611,3.03953,323.656,1.864,0.04
orange,13,14,2.8,21.95367,3.06347,357.39,2.046,0.063
orange,13,15,3.0,21.76795,3.03879,380.024,2.232,0.039
orange,13,16,3.2,21.5857,3.0298,418.058,2.414,0.03
orange,13,17,3.4,21.38041,3.06256,454.15,2.62,0.063
orange,13,18,3.6,21.20004,3.06928,481.132,2.8,0.069
orange,13,19,3.8,21.03468,3.04633,521.8,2.965,0.046
orange,13,20,4.0,20.90739,3.03703,537.746,3.093,0.037
orange,13,21,4.2,20.75711,3.04592,558.782,3.243,0.046
orange,13,22,4.4,20.62217,3.04729,588.55,3.378,0.047
orange,13,23,4.6,20.44101,3.01146,613.269,3.559,0.011
orange,13,24,4.8,20.28737,2.98415,646.788,3.713,0.016
orange,13,25,5.0,20.13912,2.99171,666.59,3.861,0.008
orange,13,26,5.2,19.98385,3.01343,696.424,4.016,0.013
orange,13,27,5.4,19.83175,2.99718,721.727,4.168,0.003
orange,13,28,5.6,19.66938,2.97207,758.457,4.331,0.028
orange,13,29,5.8,19.51712,2.98908,773.334,4.483,0.011
orange,13,30,6.0,19.35616,3.03613,808.755,4.644,0.036
orange,13,31,6.2,19.19342,3.02902,836.965,4.807,0.029
orange,13,32,6.4,19.01949,2.99414,870.346,4.981,0.006
orange,13,33,6.6,18.87873,3.00239,885.756,5.121,0.002
orange,13,34,6.8,18.73187,3.02562,911.644,5.268,0.026
orange,13,35,7.0,18.57736,3.01521,935.271,5.423,0.015
orange,13,36,7.2,18.41776,2.99799,969.102,5.582,0.002
orange,13,37,7.4,18.27186,3.0063,984.984,5.728,0.006
orange,13,38,7.6,18.10602,3.03588,1013.881,5.894,0.036
orange,13,39,7.8,17.93926,3.02369,1037.193,6.061,0.024
orange,13,40,8.0,17.76768,2.98552,1077.492,6.232,0.014
orange,13,41,8.2,17.63195,2.98035,1094.278,6.368,0.02
orange,13,42,8.4,17.47108,3.00299,1125.207,6.529,0.003
orange,13,43,8.6,17.32078,3.00642,1148.483,6.679,0.006
orange,13,44,8.8,17.13735,2.97525,1185.641,6.863,0.025
orange,13,45,9.0,16.99295,2.97396,1203.6,7.007,0.026
orange,13,46,9.2,16.83204,3.01061,1226.335,7.168,0.011
orange,13,47,9.4,16.69089,3.04168,1256.23,7.309,0.042
orange,13,48,9.6,16.52682,3.03164,1276.98,7.473,0.032
orange,13,49,9.8,16.38219,3.02159,1306.791,7.618,0.022
orange,13,50,10.0,16.23686,3.03078,1325.932,7.763,0.031
orange,13,51,10.2,16.07564,3.04873,1354.047,7.924,0.049
orange,13,52,10.4,15.89781,3.0196,1378.71,8.102,0.02
orange,13,53,10.6,15.71931,2.99008,1420.088,8.281,0.01
orange,13,54,10.8,15.55922,3.01029,1442.084,8.441,0.01
orange,13,55,11.0,15.39619,3.05313,1479.104,8.604,0.053
orange,13,56,11.2,15.25314,3.04357,1505.411,8.747,0.044
orange,13,57,11.4,15.08747,3.00905,1538.592,8.913,0.009
orange,13,58,11.6,14.93884,3.01355,1558.124,9.061,0.014
orange,13,59,11.8,14.77116,3.04917,1592.49,9.229,0.049
orange,13,60,12.0,14.6273,3.05836,1613.587,9.373,0.058
orange,13,61,12.2,14.47304,3.05143,1645.002,9.527,0.051
orange,13,62,12.4,14.3171,3.06803,1661.157,9.683,0.068
orange,13,63,12.6,14.14229,3.10987,1695.013,9.858,0.11
orange,13,64,12.8,13.97949,3.10088,1719.341,10.021,0.101
orange,13,65,13.0,13.80298,3.06343,1755.213,10.197,0.063
orange,13,66,13.2,13.65716,3.06324,1773.181,10.343,0.063
orange,13,67,13.4,13.48831,3.09247,1801.754,10.512,0.092
orange,13,68,13.6,13.33092,3.07475,1823.791,10.669,0.075
orange,13,69,13.8,13.15831,3.02234,1854.556,10.842,0.022
orange,13,70,14.0,13.00241,3.01965,1872.895,10.998,0.02
orange,13,71,14.2,12.83803,3.05136,1905.35,11.162,0.051
orange,13,72,14.4,12.67809,3.03621,1930.968,11.322,0.036
orange,13,73,14.6,12.51207,2.99765,1963.632,11.488,0.002
orange,13,74,14.8,12.36706,3.00142,1980.668,11.633,0.001
orange,13,75,15.0,12.20055,3.03463,2010.811,11.799,0.035
orange,13,76,15.2,12.04263,3.02773,2034.084,11.957,0.028
orange,13,77,15.4,11.86875,2.99554,2066.373,12.131,0.004
orange,13,78,15.6,11.70766,3.01857,2086.978,12.292,0.019
orange,13,79,15.8,11.52931,3.08073,2122.599,12.471,0.081
orange,13,80,16.0,11.36854,3.08169,2148.471,12.631,0.082
orange,13,81,16.2,11.20426,3.05521,2186.619,12.796,0.055
orange,13,82,16.4,11.06709,3.05197,2202.865,12.933,0.052
orange,13,83,16.6,10.90083,3.07663,2234.153,13.099,0.077
orange,13,84,16.8,10.74921,3.07158,2258.243,13.251,0.072
orange,13,85,17.0,10.57425,3.02784,2292.868,13.426,0.028
orange,13,86,17.2,10.42568,3.0222,2310.816,13.574,0.022
orange,13,87,17.4,10.24824,3.06229,2343.689,13.752,0.062
orange,13,88,17.6,10.09756,3.07479,2368.506,13.902,0.075
orange,13,89,17.8,9.93011,3.04422,2401.421,14.07,0.044
orange,13,90,18.0,9.78182,3.04322,2419.165,14.218,0.043
orange,13,91,18.2,9.60855,3.08284,2449.558,14.391,0.083
orange,13,92,18.4,9.45262,3.08788,2473.354,14.547,0.088
orange,13,93,18.6,9.27624,3.05023,2508.28,14.724,0.05
orange,13,94,18.8,9.14011,3.03268,2527.853,14.86,0.033
orange,13,95,19.0,8.98188,3.04139,2550.763,15.018,0.041
orange,13,96,19.2,8.82656,3.0529,2581.009,15.173,0.053
orange,13,97,19.4,8.64933,3.03607,2614.707,15.351,0.036
orange,13,98,19.6,8.50436,3.05751,2630.968,15.496,0.058
orange,13,99,19.8,8.37167,3.15115,2655.19,15.735,0.073
orange,13,100,20.0,8.26552,3.24645,2686.299,15.876,0.05
orange,13,101,20.2,8.14361,3.34129,2703.799,16.027,0.015
orange,13,102,20.4,8.03699,3.43643,2732.481,16.168,0.008
orange,13,103,20.6,7.95116,3.56912,2751.588,16.325,0.009
orange,13,104,20.8,7.87506,3.71623,2785.654,16.487,0.042
orange,13,105,21.0,7.76909,3.83077,2807.834,16.643,0.032
orange,13,106,21.2,7.65406,3.94098,2839.61,16.801,0.011
orange,13,107,21.4,7.56922,4.06972,2857.164,16.954,0.026
orange,13,108,21.6,7.48586,4.22177,2886.239,17.125,0.057
orange,13,109,21.8,7.35317,4.33882,2909.949,17.299,0.027
orange,13,110,22.0,7.22425,4.44795,2950.066,17.465,0.004
orange,13,111,22.2,7.14282,4.58057,2971.57,17.62,0.016
orange,13,112,22.4,7.06768,4.71714,3003.053,17.773,0.043
orange,13,113,22.6,6.95745,4.8342,3026.179,17.933,0.031
orange,13,114,22.8,6.83967,4.94052,3056.073,18.09,0.006
orange,13,115,23.0,6.75908,5.02634,3072.858,18.207,0.002
orange,13,116,23.2,6.68303,5.09468,3093.711,18.308,0.019
orange,13,117,23.4,6.61722,5.15801,3113.507,18.399,0.03
orange,13,118,23.6,6.54628,5.18193,3136.709,18.462,0.07
orange,13,119,23.8,6.45168,5.17626,3166.589,18.517,0.147
orange,13,120,24.0,6.34882,5.20186,3189.513,18.602,0.211
orange,13,121,24.2,6.23257,5.26344,3222.463,18.723,0.263
orange,13,122,24.4,6.1517,5.33536,3245.934,18.83,0.281
orange,13,123,24.6,6.08133,5.42214,3271.207,18.941,0.281
orange,13,124,24.8,6.00487,5.55646,3296.134,19.094,0.256
orange,13,125,25.0,5.91029,5.70436,3330.432,19.268,0.236
orange,13,126,25.2,5.84095,5.81216,3347.321,19.396,0.223
orange,13,127,25.4,5.7685,5.93597,3364.156,19.538,0.201
orange,13,128,25.6,5.71268,6.05111,3387.585,19.662,0.172
orange,13,129,25.8,5.63645,6.20092,3408.338,19.827,0.137
orange,13,130,26.0,5.55905,6.34484,3440.891,19.987,0.107
orange,13,131,26.2,5.49663,6.49567,3457.265,20.144,0.061
orange,13,132,26.4,5.44152,6.66425,3489.664,20.309,0.002
orange,13,133,26.6,5.35473,6.81489,3509.417,20.481,0.03
orange,13,134,26.8,5.26353,6.96137,3547.363,20.652,0.051
orange,13,135,27.0,5.17742,7.14521,3572.135,20.85,0.099
orange,13,136,27.2,5.08641,7.29754,3610.365,21.025,0.124
orange,13,137,27.4,4.95284,7.41928,3638.112,21.204,0.097
orange,13,138,27.6,4.84823,7.53022,3670.279,21.356,0.085
orange,13,139,27.8,4.76381,7.68734,3694.044,21.531,0.118
orange,13,140,28.0,4.68309,7.81875,3730.963,21.684,0.138
orange,13,141,28.2,4.54165,7.92552,3754.673,21.856,0.095
orange,13,142,28.4,4.42863,8.01605,3792.141,21.998,0.064
orange,13,143,28.6,4.3351,8.13385,3811.29,22.148,0.066
orange,13,144,28.8,4.25354,8.26105,3841.45,22.298,0.082
orange,13,145,29.0,4.1461,8.3708,3863.879,22.451,0.068
orange,13,146,29.2,4.02609,8.47894,3898.483,22.611,0.042
orange,13,147,29.4,3.93756,8.59534,3915.048,22.757,0.047
orange,13,148,29.6,3.85142,8.74356,3950.003,22.926,0.073
orange,13,149,29.8,3.72333,8.85338,3975.253,23.092,0.042
orange,13,150,30.0,3.57925,8.9539,4009.265,23.261,0.007
orange,13,151,30.2,3.48113,9.07369,4025.354,23.416,0.008
orange,13,152,30.4,3.39176,9.21095,4053.016,23.579,0.009
orange,13,153,30.6,3.2625,9.32089,4079.873,23.745,0.022
orange,13,154,30.8,3.13692,9.43179,4123.467,23.911,0.05
orange,13,155,31.0,3.05823,9.58314,4144.404,24.078,0.016
orange,13,156,31.2,2.99237,9.73812,4181.511,24.24,0.03
orange,13,157,31.4,2.90436,9.86012,4202.524,24.39,0.038
orange,13,158,31.6,2.81018,9.97194,4232.177,24.536,0.035
orange,13,159,31.8,2.7277,10.09887,4252.024,24.687,0.051
orange,13,160,32.0,2.65143,10.23876,4284.26,24.843,0.079
orange,13,161,32.2,2.56233,10.35732,4306.649,25.007,0.082
orange,13,162,32.4,2.44457,10.48336,4338.438,25.174,0.037
orange,13,163,32.6,2.37092,10.59908,4355.782,25.311,0.026
orange,13,164,32.8,2.31859,10.75214,4385.889,25.471,0.052
orange,13,165,33.0,2.25065,10.88614,4408.959,25.621,0.055
orange,13,166,33.2,2.1313,11.02903,4443.178,25.803,0.017
orange,13,167,33.4,2.06306,11.14997,4463.058,25.942,0.013
orange,13,168,33.6,2.01676,11.30981,4486.718,26.105,0.048
orange,13,169,33.8,1.9721,11.44539,4518.637,26.245,0.072
orange,13,170,34.0,1.88094,11.5776,4540.105,26.405,0.053
orange,13,171,34.2,1.79856,11.7026,4570.006,26.554,0.039
orange,13,172,34.4,1.73934,11.8543,4591.184,26.716,0.058
orange,13,173,34.6,1.68983,12.00786,4626.319,26.874,0.087
orange,13,174,34.8,1.60306,12.13811,4648.49,27.03,0.071
orange,13,175,35.0,1.50348,12.26149,4678.903,27.186,0.041
orange,13,176,35.2,1.43853,12.38646,4696.713,27.327,0.043
orange,13,177,35.4,1.38311,12.54366,4728.681,27.492,0.068
orange,13,178,35.6,1.3084,12.6734,4753.922,27.641,0.063
orange,13,179,35.8,1.20702,12.80512,4785.906,27.805,0.035
orange,13,180,36.0,1.1507,12.93635,4808.945,27.947,0.047
orange,13,181,36.2,1.11095,13.10666,4842.503,28.116,0.092
orange,13,182,36.4,1.03866,13.22938,4868.379,28.259,0.085
orange,13,183,36.6,0.9283,13.35526,4903.337,28.422,0.047
orange,13,184,36.8,0.86424,13.48818,4923.209,28.569,0.053
orange,13,185,37.0,0.81894,13.65287,4956.211,28.736,0.09
orange,13,186,37.2,0.73778,13.79023,4981.673,28.895,0.083
orange,13,187,37.4,0.63125,13.92579,5024.87,29.065,0.053
orange,13,188,37.6,0.57689,14.0641,5047.144,29.212,0.07
orange,13,189,37.8,0.53573,14.23833,5081.859,29.386,0.115
orange,13,190,38.0,0.45281,14.36819,5107.941,29.539,0.103
orange,13,191,38.2,0.34229,14.48915,5144.939,29.698,0.062
orange,13,192,38.4,0.27483,14.60581,5161.857,29.833,0.058
orange,14,0,0.0,24.0,3.0,0.0,0.0,0.0
orange,14,1,0.2,23.97834,3.00093,25.345,0.022,0.001
orange,14,2,0.4,23.89994,3.01901,49.844,0.1,0.019
orange,14,3,0.6,23.75397,3.04487,84.206,0.246,0.045
orange,14,4,0.8,23.62845,3.05625,103.872,0.372,0.056
orange,14,5,1.0,23.47321,3.06063,124.241,0.527,0.061
orange,14,6,1.2,23.32685,3.06225,148.4,0.673,0.062
orange,14,7,1.4,23.15556,3.03821,168.555,0.844,0.038
orange,14,8,1.6,22.99696,3.01783,197.132,1.003,0.018
orange,14,9,1.8,22.83666,3.02492,214.119,1.163,0.025
orange,14,10,2.0,22.66605,3.0476,245.026,1.334,0.048
orange,14,11,2.2,22.49018,3.03355,265.978,1.51,0.034
orange,14,12,2.4,22.31765,3.01631,302.553,1.682,0.016
orange,14,13,2.6,22.13611,3.03953,323.656,1.864,0.04
orange,14,14,2.8,21.95367,3.06347,357.39,2.046,0.063
orange,14,15,3.0,21.76795,3.03879,380.024,2.232,0.039
orange,14,16,3.2,21.5857,3.0298,418.058,2.414,0.03
orange,14,17,3.4,21.38041,3.06256,454.15,2.62,0.063
orange,14,18,3.6,21.20004,3.06928,481.132,2.8,0.069
orange,14,19,3.8,21.03468,3.04633,521.8,2.965,0.046
orange,14,20,4.0,20.90739,3.03703,537.746,3.093,0.037
orange,14,21,4.2,20.75711,3.04592,558.782,3.243,0.046
orange,14,22,4.4,20.62217,3.04729,588.55,3.378,0.047
orange,14,23,4.6,20.44101,3.01146,613.269,3.559,0.011
orange,14,24,4.8,20.28737,2.98415,646.788,3.713,0.016
orange,14,25,5.0,20.13912,2.99171,666.59,3.861,0.008
orange,14,26,5.2,19.98385,3.01343,696.424,4.016,0.013
orange,14,27,5.4,19.83175,2.99718,721.727,4.168,0.003
orange,14,28,5.6,19.66938,2.97207,758.457,4.331,0.028
orange,14,29,5.8,19.51712,2.98908,773.334,4.483,0.011
orange,14,30,6.0,19.35616,3.03613,808.755,4.644,0.036
orange,14,31,6.2,19.19342,3.02902,836.965,4.807,0.029
orange,14,32,6.4,19.01949,2.99414,870.346,4.981,0.006
orange,14,33,6.6,18.87873,3.00239,885.756,5.121,0.002
orange,14,34,6.8,18.73187,3.02562,911.644,5.268,0.026
orange,14,35,7.0,18.57736,3.01521,935.271,5.423,0.015
orange,14,36,7.2,18.41776,2.99799,969.102,5.582,0.002
orange,14,37,7.4,18.27186,3.0063,984.984,5.728,0.006
orange,14,38,7.6,18.10602,3.03588,1013.881,5.894,0.036
orange,14,39,7.8,17.93926,3.02369,1037.193,6.061,0.024
orange,14,40,8.0,17.76768,2.98552,1077.492,6.232,0.014
orange,14,41,8.2,17.63195,2.98035,1094.278,6.368,0.02
orange,14,42,8.4,17.47108,3.00299,1125.207,6.529,0.003
orange,14,43,8.6,17.32078,3.00642,1148.483,6.679,0.006
orange,14,44,8.8,17.13735,2.97525,1185.641,6.863,0.025
orange,14,45,9.0,16.99295,2.97396,1203.6,7.007,0.026
orange,14,46,9.2,16.83204,3.01061,1226.335,7.168,0.011
orange,14,47,9.4,16.69089,3.04168,1256.23,7.309,0.042
orange,14,48,9.6,16.52682,3.03164,1276.98,7.473,0.032
orange,14,49,9.8,16.38219,3.02159,1306.791,7.618,0.022
orange,14,50,10.0,16.23686,3.03078,1325.932,7.763,0.031
orange,14,51,10.2,16.07564,3.04873,1354.047,7.924,0.049
orange,14,52,10.4,15.89781,3.0196,1378.71,8.102,0.02
orange,14,53,10.6,15.71931,2.99008,1420.088,8.281,0.01
orange,14,54,10.8,15.55922,3.01029,1442.084,8.441,0.01
orange,14,55,11.0,15.39619,3.05313,1479.104,8.604,0.053
orange,14,56,11.2,15.25314,3.04357,1505.411,8.747,0.044
orange,14,57,11.4,15.08747,3.00905,1538.592,8.913,0.009
orange,14,58,11.6,14.93884,3.01355,1558.124,9.061,0.014
orange,14,59,11.8,14.77116,3.04917,1592.49,9.229,0.049
orange,14,60,12.0,14.6273,3.05836,1613.587,9.373,0.058
orange,14,61,12.2,14.47304,3.05143,1645.002,9.527,0.051
orange,14,62,12.4,14.3171,3.06803,1661.157,9.683,0.068
orange,14,63,12.6,14.14229,3.10987,1695.013,9.858,0.11
orange,14,64,12.8,13.97949,3.10088,1719.341,10.021,0.101
orange,14,65,13.0,13.80298,3.06343,1755.213,10.197,0.063
orange,14,66,13.2,13.65716,3.06324,1773.181,10.343,0.063
orange,14,67,13.4,13.48831,3.09247,1801.754,10.512,0.092
orange,14,68,13.6,13.33092,3.07475,1823.791,10.669,0.075
orange,14,69,13.8,13.15831,3.02234,1854.556,10.842,0.022
orange,14,70,14.0,13.00241,3.01965,1872.895,10.998,0.02
orange,14,71,14.2,12.83803,3.05136,1905.35,11.162,0.051
orange,14,72,14.4,12.67809,3.03621,1930.968,11.322,0.036
orange,14,73,14.6,12.51207,2.99765,1963.632,11.488,0.002
orange,14,74,14.8,12.36706,3.00142,1980.668,11.633,0.001
orange,14,75,15.0,12.20055,3.03463,2010.811,11.799,0.035
orange,14,76,15.2,12.04263,3.02773,2034.084,11.957,0.028
orange,14,77,15.4,11.86875,2.99554,2066.373,12.131,0.004
orange,14,78,15.6,11.70766,3.01857,2086.978,12.292,0.019
orange,14,79,15.8,11.52931,3.08073,2122.599,12.471,0.081
orange,14,80,16.0,11.36854,3.08169,2148.471,12.631,0.082
orange,14,81,16.2,11.20426,3.05521,2186.619,12.796,0.055
orange,14,82,16.4,11.06709,3.05197,2202.865,12.933,0.052
orange,14,83,16.6,10.90083,3.07663,2234.153,13.099,0.077
orange,14,84,16.8,10.74921,3.07158,2258.243,13.251,0.072
orange,14,85,17.0,10.57425,3.02784,2292.868,13.426,0.028
orange,14,86,17.2,10.42568,3.0222,2310.816,13.574,0.022
orange,14,87,17.4,10.24824,3.06229,2343.689,13.752,0.062
orange,14,88,17.6,10.09756,3.07479,2368.506,13.902,0.075
orange,14,89,17.8,9.93011,3.04422,2401.421,14.07,0.044
orange,14,90,18.0,9.78182,3.04322,2419.165,14.218,0.043
orange,14,91,18.2,9.60855,3.08284,2449.558,14.391,0.083
orange,14,92,18.4,9.45262,3.08788,2473.354,14.547,0.088
orange,14,93,18.6,9.27624,3.05023,2508.28,14.724,0.05
orange,14,94,18.8,9.14011,3.03268,2527.853,14.86,0.033
orange,14,95,19.0,8.98188,3.04139,2550.763,15.018,0.041
orange,14,96,19.2,8.82656,3.0529,2581.009,15.173,0.053
orange,14,97,19.4,8.64933,3.03607,2614.707,15.351,0.036
orange,14,98,19.6,8.50436,3.05751,2630.968,15.496,0.058
orange,14,99,19.8,8.37167,3.15115,2655.19,15.735,0.073
orange,14,100,20.0,8.26552,3.24645,2686.299,15.876,0.05
orange,14,101,20.2,8.14361,3.34129,2703.799,16.027,0.015
orange,14,102,20.4,8.03699,3.43643,2732.481,16.168,0.008
orange,14,103,20.6,7.95116,3.56912,2751.588,16.325,0.009
orange,14,104,20.8,7.87506,3.71623,2785.654,16.487,0.042
orange,14,105,21.0,7.76909,3.83077,2807.834,16.643,0.032
orange,14,106,21.2,7.65406,3.94098,2839.61,16.801,0.011
orange,14,107,21.4,7.56922,4.06972,2857.164,16.954,0.026
orange,14,108,21.6,7.48586,4.22177,2886.239,17.125,0.057
orange,14,109,21.8,7.35317,4.33882,2909.949,17.299,0.027
orange,14,110,22.0,7.22423,4.44786,2949.992,17.465,0.004
orange,14,111,22.2,7.14261,4.58033,2970.651,17.619,0.015
orange,14,112,22.4,7.06585,4.71727,3001.802,17.774,0.042
orange,14,113,22.6,6.95256,4.83496,3025.232,17.937,0.028
orange,14,114,22.8,6.83315,4.94266,3055.454,18.096,0.003
orange,14,115,23.0,6.75993,5.02188,3070.863,18.203,0.005
orange,14,116,23.2,6.69184,5.08058,3090.174,18.292,0.021
orange,14,117,23.4,6.63757,5.13482,3107.321,18.368,0.029
orange,14,118,23.6,6.58238,5.16759,3130.051,18.428,0.051
orange,14,119,23.8,6.50178,5.18561,3154.263,18.493,0.102
orange,14,120,24.0,6.42654,5.19543,3182.029,18.548,0.155
orange,14,121,24.2,6.3361,5.17457,3209.055,18.589,0.238
orange,14,122,24.4,6.22105,5.14189,3249.412,18.635,0.348
orange,14,123,24.6,6.10152,5.17184,3271.347,18.734,0.422
orange,14,124,24.8,6.01656,5.23655,3306.632,18.838,0.448
orange,14,125,25.0,5.96538,5.32738,3333.758,18.94,0.431
orange,14,126,25.2,5.9368,5.44042,3354.56,19.046,0.382
orange,14,127,25.4,5.88513,5.60214,3379.169,19.205,0.32
orange,14,128,25.6,5.83606,5.71742,3412.687,19.325,0.286
orange,14,129,25.8,5.77299,5.83621,3431.601,19.457,0.26
orange,14,130,26.0,5.7117,5.95569,3451.481,19.589,0.233
orange,14,131,26.2,5.64551,6.10182,3474.317,19.744,0.193
orange,14,132,26.4,5.56468,6.25987,3508.563,19.918,0.156
orange,14,133,26.6,5.50899,6.4035,3525.16,20.064,0.109
orange,14,134,26.8,5.46543,6.57685,3555.418,20.226,0.034
orange,14,135,27.0,5.3898,6.72958,3578.059,20.393,0.003
orange,14,136,27.2,5.29078,6.87504,3612.949,20.568,0.018
orange,14,137,27.4,5.20529,7.04181,3631.951,20.752,0.056
orange,14,138,27.6,5.12255,7.20504,3673.002,20.931,0.094
orange,14,139,27.8,5.01111,7.33165,3694.506,21.099,0.087
orange,14,140,28.0,4.8997,7.4575,3742.92,21.267,0.08
orange,14,141,28.2,4.82305,7.62373,3767.104,21.444,0.124
orange,14,142,28.4,4.74432,7.77657,3804.116,21.613,0.159
orange,14,143,28.6,4.58693,7.88289,3833.509,21.794,0.104
orange,14,144,28.8,4.46277,7.96605,3867.092,21.937,0.059
orange,14,145,29.0,4.36489,8.06109,3885.983,22.073,0.043
orange,14,146,29.2,4.2731,8.17142,3914.676,22.216,0.041
orange,14,147,29.4,4.17311,8.27068,3939.611,22.356,0.026
orange,14,148,29.6,4.04124,8.37777,3969.481,22.522,0.01
orange,14,149,29.8,3.95026,8.47633,3982.694,22.656,0.018
orange,14,150,30.0,3.86971,8.61403,4004.907,22.814,0.006
orange,14,151,30.2,3.79805,8.72908,4034.218,22.948,0.022
orange,14,152,30.4,3.68182,8.85085,4056.42,23.116,0.008
orange,14,153,30.6,3.57709,8.96151,4088.397,23.268,0.004
orange,14,154,30.8,3.4976,9.08633,4107.423,23.415,0.013
orange,14,155,31.0,3.42058,9.22287,4136.334,23.57,0.039
orange,14,156,31.2,3.29694,9.34145,4159.234,23.74,0.017
orange,14,157,31.4,3.16477,9.46066,4201.723,23.916,0.011
orange,14,158,31.6,3.07422,9.60203,4220.434,24.082,0.008
orange,14,159,31.8,2.99489,9.75496,4254.334,24.251,0.042
orange,14,160,32.0,2.88528,9.87404,4276.4,24.413,0.032
orange,14,161,32.2,2.77695,9.9913,4311.483,24.572,0.021
orange,14,162,32.4,2.70415,10.13538,4331.097,24.73,0.055
orange,14,163,32.6,2.6309,10.28678,4364.59,24.894,0.093
orange,14,164,32.8,2.50971,10.41124,4388.901,25.08,0.061
orange,14,165,33.0,2.39746,10.52571,4429.662,25.234,0.015
orange,14,166,33.2,2.3391,10.66827,4451.037,25.387,0.031
orange,14,167,33.4,2.28457,10.82695,4485.983,25.553,0.057
orange,14,168,33.6,2.17843,10.9682,4509.236,25.727,0.03
orange,14,169,33.8,2.07534,11.09134,4546.269,25.884,0.003
orange,14,170,34.0,2.01289,11.22722,4565.609,26.034,0.005
orange,14,171,34.2,1.9654,11.38373,4597.03,26.194,0.037
orange,14,172,34.4,1.89416,11.51797,4620.415,26.346,0.037
orange,14,173,34.6,1.79916,11.65876,4656.842,26.515,0.019
orange,14,174,34.8,1.74381,11.78966,4674.489,26.656,0.032
orange,14,175,35.0,1.70272,11.9627,4705.822,26.829,0.077
orange,14,176,35.2,1.63849,12.0975,4730.628,26.978,0.084
orange,14,177,35.4,1.51851,12.23087,4767.022,27.152,0.04
orange,14,178,35.6,1.44439,12.35259,4788.555,27.294,0.032
orange,14,179,35.8,1.39377,12.51834,4817.193,27.464,0.065
orange,14,180,36.0,1.32773,12.65419,4842.61,27.615,0.071
orange,14,181,36.2,1.21694,12.78818,4873.691,27.785,0.036
orange,14,182,36.4,1.13926,12.91737,4889.728,27.936,0.028
orange,14,183,36.6,1.08917,13.08475,4920.397,28.107,0.062
orange,14,184,36.8,1.02346,13.2242,4945.083,28.261,0.07
orange,14,185,37.0,0.90392,13.36356,4979.259,28.44,0.03
orange,14,186,37.2,0.83125,13.48937,4999.103,28.586,0.024
orange,14,187,37.4,0.78419,13.64941,5029.125,28.749,0.058
orange,14,188,37.6,0.72807,13.78255,5051.659,28.893,0.071
orange,14,189,37.8,0.62887,13.91858,5078.35,29.06,0.047
orange,14,190,38.0,0.55391,14.04659,5101.352,29.208,0.041
orange,14,191,38.2,0.51068,14.21518,5126.611,29.377,0.082
orange,14,192,38.4,0.46077,14.35871,5158.115,29.527,0.106
orange,14,193,38.6,0.34417,14.49234,5181.952,29.7,0.065
orange,14,194,38.8,0.25343,14.61198,5216.681,29.848,0.042
orange,15,0,0.0,24.0,3.0,0.0,0.0,0.0
orange,15,1,0.2,23.97834,3.00093,25.345,0.022,0.001
orange,15,2,0.4,23.89994,3.01901,49.844,0.1,0.019
orange,15,3,0.6,23.75397,3.04487,84.206,0.246,0.045
orange,15,4,0.8,23.62845,3.05625,103.872,0.372,0.056
orange,15,5,1.0,23.47321,3.06063,124.241,0.527,0.061
orange,15,6,1.2,23.32685,3.06225,148.4,0.673,0.062
orange,15,7,1.4,23.15556,3.03821,168.555,0.844,0.038
orange,15,8,1.6,22.99696,3.01783,197.132,1.003,0.018
orange,15,9,1.8,22.83666,3.02492,214.119,1.163,0.025
orange,15,10,2.0,22.66605,3.0476,245.026,1.334,0.048
orange,15,11,2.2,22.49018,3.03355,265.978,1.51,0.034
orange,15,12,2.4,22.31765,3.01631,302.553,1.682,0.016
orange,15,13,2.6,22.13611,3.03953,323.656,1.864,0.04
orange,15,14,2.8,21.95367,3.06347,357.39,2.046,0.063
orange,15,15,3.0,21.76795,3.03879,380.024,2.232,0.039
orange,15,16,3.2,21.5857,3.0298,418.058,2.414,0.03
orange,15,17,3.4,21.38041,3.06256,454.15,2.62,0.063
orange,15,18,3.6,21.20004,3.06928,481.132,2.8,0.069
orange,15,19,3.8,21.03468,3.04633,521.8,2.965,0.046
orange,15,20,4.0,20.90739,3.03703,537.746,3.093,0.037
orange,15,21,4.2,20.75711,3.04592,558.782,3.243,0.046
orange,15,22,4.4,20.62217,3.04729,588.55,3.378,0.047
orange,15,23,4.6,20.44101,3.01146,613.269,3.559,0.011
orange,15,24,4.8,20.28737,2.98415,646.788,3.713,0.016
orange,15,25,5.0,20.13912,2.99171,666.59,3.861,0.008
orange,15,26,5.2,19.98385,3.01343,696.424,4.016,0.013
orange,15,27,5.4,19.83175,2.99718,721.727,4.168,0.003
orange,15,28,5.6,19.66938,2.97207,758.457,4.331,0.028
orange,15,29,5.8,19.51712,2.98908,773.334,4.483,0.011
orange,15,30,6.0,19.35616,3.03613,808.755,4.644,0.036
orange,15,31,6.2,19.19342,3.02902,836.965,4.807,0.029
orange,15,32,6.4,19.01949,2.99414,870.346,4.981,0.006
orange,15,33,6.6,18.87873,3.00239,885.756,5.121,0.002
orange,15,34,6.8,18.73187,3.02562,911.644,5.268,0.026
orange,15,35,7.0,18.57736,3.01521,935.271,5.423,0.015
orange,15,36,7.2,18.41776,2.99799,969.102,5.582,0.002
orange,15,37,7.4,18.27186,3.0063,984.984,5.728,0.006
orange,15,38,7.6,18.10602,3.03588,1013.881,5.894,0.036
orange,15,39,7.8,17.93926,3.02369,1037.193,6.061,0.024
orange,15,40,8.0,17.76768,2.98552,1077.492,6.232,0.014
orange,15,41,8.2,17.63195,2.98035,1094.278,6.368,0.02
orange,15,42,8.4,17.47108,3.00299,1125.207,6.529,0.003
orange,15,43,8.6,17.32078,3.00642,1148.483,6.679,0.006
orange,15,44,8.8,17.13735,2.97525,1185.641,6.863,0.025
orange,15,45,9.0,16.99295,2.97396,1203.6,7.007,0.026
orange,15,46,9.2,16.83204,3.01061,1226.335,7.168,0.011
orange,15,47,9.4,16.69089,3.04168,1256.23,7.309,0.042
orange,15,48,9.6,16.52682,3.03164,1276.98,7.473,0.032
orange,15,49,9.8,16.38219,3.02159,1306.791,7.618,0.022
orange,15,50,10.0,16.23686,3.03078,1325.932,7.763,0.031
orange,15,51,10.2,16.07564,3.04873,1354.047,7.924,0.049
orange,15,52,10.4,15.89781,3.0196,1378.71,8.102,0.02
orange,15,53,10.6,15.71931,2.99008,1420.088,8.281,0.01
orange,15,54,10.8,15.55922,3.01029,1442.084,8.441,0.01
orange,15,55,11.0,15.39619,3.05313,1479.104,8.604,0.053
orange,15,56,11.2,15.25314,3.04357,1505.411,8.747,0.044
orange,15,57,11.4,15.08747,3.00905,1538.592,8.913,0.009
orange,15,58,11.6,14.93884,3.01355,1558.124,9.061,0.014
orange,15,59,11.8,14.77116,3.04917,1592.49,9.229,0.049
orange,15,60,12.0,14.6273,3.05836,1613.587,9.373,0.058
orange,15,61,12.2,14.47304,3.05143,1645.002,9.527,0.051
orange,15,62,12.4,14.3171,3.06803,1661.157,9.683,0.068
orange,15,63,12.6,14.14229,3.10987,1695.013,9.858,0.11
orange,15,64,12.8,13.97949,3.10088,1719.341,10.021,0.101
orange,15,65,13.0,13.80298,3.06343,1755.213,10.197,0.063
orange,15,66,13.2,13.65716,3.06324,1773.181,10.343,0.063
orange,15,67,13.4,13.48831,3.09247,1801.754,10.512,0.092
orange,15,68,13.6,13.33092,3.07475,1823.791,10.669,0.075
orange,15,69,13.8,13.15831,3.02234,1854.556,10.842,0.022
orange,15,70,14.0,13.00241,3.01965,1872.895,10.998,0.02
orange,15,71,14.2,12.83803,3.05136,1905.35,11.162,0.051
orange,15,72,14.4,12.67809,3.03621,1930.968,11.322,0.036
orange,15,73,14.6,12.51207,2.99765,1963.632,11.488,0.002
orange,15,74,14.8,12.36706,3.00142,1980.668,11.633,0.001
orange,15,75,15.0,12.20055,3.03463,2010.811,11.799,0.035
orange,15,76,15.2,12.04263,3.02773,2034.084,11.957,0.028
orange,15,77,15.4,11.86875,2.99554,2066.373,12.131,0.004
orange,15,78,15.6,11.70766,3.01857,2086.978,12.292,0.019
orange,15,79,15.8,11.52931,3.08073,2122.599,12.471,0.081
orange,15,80,16.0,11.36854,3.08169,2148.471,12.631,0.082
orange,15,81,16.2,11.20426,3.05521,2186.619,12.796,0.055
orange,15,82,16.4,11.06709,3.05197,2202.865,12.933,0.052
orange,15,83,16.6,10.90083,3.07663,2234.153,13.099,0.077
orange,15,84,16.8,10.74921,3.07158,2258.243,13.251,0.072
orange,15,85,17.0,10.57425,3.02784,2292.868,13.426,0.028
orange,15,86,17.2,10.42568,3.0222,2310.816,13.574,0.022
orange,15,87,17.4,10.24824,3.06229,2343.689,13.752,0.062
orange,15,88,17.6,10.09756,3.07479,2368.506,13.902,0.075
orange,15,89,17.8,9.93011,3.04422,2401.421,14.07,0.044
orange,15,90,18.0,9.78182,3.04322,2419.165,14.218,0.043
orange,15,91,18.2,9.60855,3.08284,2449.558,14.391,0.083
orange,15,92,18.4,9.45262,3.08788,2473.354,14.547,0.088
orange,15,93,18.6,9.27624,3.05023,2508.28,14.724,0.05
orange,15,94,18.8,9.14011,3.03268,2527.853,14.86,0.033
orange,15,95,19.0,8.98188,3.04139,2550.763,15.018,0.041
orange,15,96,19.2,8.82656,3.0529,2581.009,15.173,0.053
orange,15,97,19.4,8.64933,3.03607,2614.707,15.351,0.036
orange,15,98,19.6,8.50436,3.05751,2630.968,15.496,0.058
orange,15,99,19.8,8.37167,3.15115,2655.19,15.735,0.073
orange,15,100,20.0,8.26552,3.24645,2686.299,15.876,0.05
orange,15,101,20.2,8.14361,3.34129,2703.799,16.027,0.015
orange,15,102,20.4,8.03699,3.43643,2732.481,16.168,0.008
orange,15,103,20.6,7.95116,3.56912,2751.588,16.325,0.009
orange,15,104,20.8,7.87506,3.71623,2785.654,16.487,0.042
orange,15,105,21.0,7.76909,3.83077,2807.834,16.643,0.032
orange,15,106,21.2,7.65406,3.94098,2839.61,16.801,0.011
orange,15,107,21.4,7.56922,4.06972,2857.164,16.954,0.026
orange,15,108,21.6,7.48586,4.22177,2886.239,17.125,0.057
orange,15,109,21.8,7.35317,4.33882,2909.949,17.299,0.027
orange,15,110,22.0,7.22425,4.44795,2950.066,17.465,0.004
orange,15,111,22.2,7.14282,4.58057,2971.57,17.62,0.016
orange,15,112,22.4,7.06768,4.71714,3003.053,17.773,0.043
orange,15,113,22.6,6.95745,4.8342,3026.179,17.933,0.031
orange,15,114,22.8,6.83967,4.94052,3056.073,18.09,0.006
orange,15,115,23.0,6.75908,5.02634,3072.858,18.207,0.002
orange,15,116,23.2,6.68303,5.09468,3093.711,18.308,0.019
orange,15,117,23.4,6.61722,5.15801,3113.507,18.399,0.03
orange,15,118,23.6,6.54628,5.18193,3136.709,18.462,0.07
orange,15,119,23.8,6.45168,5.17626,3166.589,18.517,0.147
orange,15,120,24.0,6.34882,5.20186,3189.513,18.602,0.211
orange,15,121,24.2,6.23257,5.26344,3222.463,18.723,0.263
orange,15,122,24.4,6.1517,5.33536,3245.934,18.83,0.281
orange,15,123,24.6,6.08133,5.42214,3271.207,18.941,0.281
orange,15,124,24.8,6.00487,5.55646,3296.134,19.094,0.256
orange,15,125,25.0,5.91029,5.70436,3330.432,19.268,0.236
orange,15,126,25.2,5.84095,5.81216,3347.321,19.396,0.223
orange,15,127,25.4,5.7685,5.93597,3364.156,19.538,0.201
orange,15,128,25.6,5.71268,6.05111,3387.585,19.662,0.172
orange,15,129,25.8,5.63645,6.20092,3408.338,19.827,0.137
orange,15,130,26.0,5.55905,6.34484,3440.891,19.987,0.107
orange,15,131,26.2,5.49663,6.49567,3457.265,20.144,0.061
orange,15,132,26.4,5.44152,6.66425,3489.664,20.309,0.002
orange,15,133,26.6,5.35473,6.81489,3509.417,20.481,0.03
orange,15,134,26.8,5.26353,6.96137,3547.363,20.652,0.051
orange,15,135,27.0,5.17742,7.14521,3572.135,20.85,0.099
orange,15,136,27.2,5.08641,7.29754,3610.365,21.025,0.124
orange,15,137,27.4,4.95284,7.41928,3638.112,21.204,0.097
orange,15,138,27.6,4.84823,7.53022,3670.279,21.356,0.085
orange,15,139,27.8,4.76381,7.68734,3694.044,21.531,0.118
orange,15,140,28.0,4.68309,7.81875,3730.963,21.684,0.138
orange,15,141,28.2,4.54165,7.92552,3754.673,21.856,0.095
orange,15,142,28.4,4.42863,8.01605,3792.141,21.998,0.064
orange,15,143,28.6,4.3351,8.13385,3811.29,22.148,0.066
orange,15,144,28.8,4.25354,8.26105,3841.45,22.298,0.082
orange,15,145,29.0,4.1461,8.3708,3863.879,22.451,0.068
orange,15,146,29.2,4.02609,8.47894,3898.483,22.611,0.042
orange,15,147,29.4,3.93756,8.59534,3915.048,22.757,0.047
orange,15,148,29.6,3.85142,8.74356,3950.003,22.926,0.073
orange,15,149,29.8,3.72333,8.85338,3975.253,23.092,0.042
orange,15,150,30.0,3.57925,8.9539,4009.265,23.261,0.007
orange,15,151,30.2,3.48113,9.07369,4025.354,23.416,0.008
orange,15,152,30.4,3.39176,9.21095,4053.016,23.579,0.009
orange,15,153,30.6,3.2625,9.32089,4079.873,23.745,0.022
orange,15,154,30.8,3.13692,9.43179,4123.467,23.911,0.05
orange,15,155,31.0,3.05823,9.58314,4144.404,24.078,0.016
orange,15,156,31.2,2.99237,9.73812,4181.511,24.24,0.03
orange,15,157,31.4,2.90436,9.86012,4202.524,24.39,0.038
orange,15,158,31.6,2.81018,9.97194,4232.177,24.536,0.035
orange,15,159,31.8,2.7277,10.09887,4252.024,24.687,0.051
orange,15,160,32.0,2.65143,10.23876,4284.26,24.843,0.079
orange,15,161,32.2,2.56233,10.35732,4306.649,25.007,0.082
orange,15,162,32.4,2.44457,10.48336,4338.438,25.174,0.037
orange,15,163,32.6,2.37092,10.59908,4355.782,25.311,0.026
orange,15,164,32.8,2.31859,10.75214,4385.889,25.471,0.052
orange,15,165,33.0,2.25065,10.88614,4408.959,25.621,0.055
orange,15,166,33.2,2.1313,11.02903,4443.178,25.803,0.017
orange,15,167,33.4,2.06306,11.14997,4463.058,25.942,0.013
orange,15,168,33.6,2.01676,11.30981,4486.718,26.105,0.048
orange,15,169,33.8,1.9721,11.44539,4518.637,26.245,0.072
orange,15,170,34.0,1.88094,11.5776,4540.105,26.405,0.053
orange,15,171,34.2,1.79856,11.7026,4570.006,26.554,0.039
orange,15,172,34.4,1.73934,11.8543,4591.184,26.716,0.058
orange,15,173,34.6,1.68983,12.00786,4626.319,26.874,0.087
orange,15,174,34.8,1.60306,12.13811,4648.49,27.03,0.071
orange,15,175,35.0,1.50348,12.26149,4678.903,27.186,0.041
orange,15,176,35.2,1.43853,12.38646,4696.713,27.327,0.043
orange,15,177,35.4,1.38311,12.54366,4728.681,27.492,0.068
orange,15,178,35.6,1.3084,12.6734,4753.922,27.641,0.063
orange,15,179,35.8,1.20702,12.80512,4785.906,27.805,0.035
orange,15,180,36.0,1.1507,12.93635,4808.945,27.947,0.047
orange,15,181,36.2,1.11095,13.10666,4842.503,28.116,0.092
orange,15,182,36.4,1.03866,13.22938,4868.379,28.259,0.085
orange,15,183,36.6,0.9283,13.35526,4903.337,28.422,0.047
orange,15,184,36.8,0.86424,13.48818,4923.209,28.569,0.053
orange,15,185,37.0,0.81894,13.65287,4956.211,28.736,0.09
orange,15,186,37.2,0.73778,13.79023,4981.673,28.895,0.083
orange,15,187,37.4,0.63125,13.92579,5024.87,29.065,0.053
orange,15,188,37.6,0.57689,14.0641,5047.144,29.212,0.07
orange,15,189,37.8,0.53573,14.23833,5081.859,29.386,0.115
orange,15,190,38.0,0.45281,14.36819,5107.941,29.539,0.103
orange,15,191,38.2,0.34229,14.48915,5144.939,29.698,0.062
orange,15,192,38.4,0.27483,14.60581,5161.857,29.833,0.058
orange,16,0,0.0,24.0,3.0,0.0,0.0,0.0
orange,16,1,0.2,23.97834,3.00093,25.345,0.022,0.001
orange,16,2,0.4,23.89994,3.01901,49.844,0.1,0.019
orange,16,3,0.6,23.75397,3.04487,84.206,0.246,0.045
orange,16,4,0.8,23.62845,3.05625,103.872,0.372,0.056
orange,16,5,1.0,23.47321,3.06063,124.241,0.527,0.061
orange,16,6,1.2,23.32685,3.06225,148.4,0.673,0.062
orange,16,7,1.4,23.15556,3.03821,168.555,0.844,0.038
orange,16,8,1.6,22.99696,3.01783,197.132,1.003,0.018
orange,16,9,1.8,22.83666,3.02492,214.119,1.163,0.025
orange,16,10,2.0,22.66605,3.0476,245.026,1.334,0.048
orange,16,11,2.2,22.49018,3.03355,265.978,1.51,0.034
orange,16,12,2.4,22.31765,3.01631,302.553,1.682,0.016
orange,16,13,2.6,22.13611,3.03953,323.656,1.864,0.04
orange,16,14,2.8,21.95367,3.06347,357.39,2.046,0.063
orange,16,15,3.0,21.76795,3.03879,380.024,2.232,0.039
orange,16,16,3.2,21.5857,3.0298,418.058,2.414,0.03
orange,16,17,3.4,21.38041,3.06256,454.15,2.62,0.063
orange,16,18,3.6,21.20004,3.06928,481.132,2.8,0.069
orange,16,19,3.8,21.03468,3.04633,521.8,2.965,0.046
orange,16,20,4.0,20.90739,3.03703,537.746,3.093,0.037
orange,16,21,4.2,20.75711,3.04592,558.782,3.243,0.046
orange,16,22,4.4,20.62217,3.04729,588.55,3.378,0.047
orange,16,23,4.6,20.44101,3.01146,613.269,3.559,0.011
orange,16,24,4.8,20.28737,2.98415,646.788,3.713,0.016
orange,16,25,5.0,20.13912,2.99171,666.59,3.861,0.008
orange,16,26,5.2,19.98385,3.01343,696.424,4.016,0.013
orange,16,27,5.4,19.83175,2.99718,721.727,4.168,0.003
orange,16,28,5.6,19.66938,2.97207,758.457,4.331,0.028
orange,16,29,5.8,19.51712,2.98908,773.334,4.483,0.011
orange,16,30,6.0,19.35616,3.03613,808.755,4.644,0.036
orange,16,31,6.2,19.19342,3.02902,836.965,4.807,0.029
orange,16,32,6.4,19.01949,2.99414,870.346,4.981,0.006
orange,16,33,6.6,18.87873,3.00239,885.756,5.121,0.002
orange,16,34,6.8,18.73187,3.02562,911.644,5.268,0.026
orange,16,35,7.0,18.57736,3.01521,935.271,5.423,0.015
orange,16,36,7.2,18.41776,2.99799,969.102,5.582,0.002
orange,16,37,7.4,18.27186,3.0063,984.984,5.728,0.006
orange,16,38,7.6,18.10602,3.03588,1013.881,5.894,0.036
orange,16,39,7.8,17.93926,3.02369,1037.193,6.061,0.024
orange,16,40,8.0,17.76768,2.98552,1077.492,6.232,0.014
orange,16,41,8.2,17.63195,2.98035,1094.278,6.368,0.02
orange,16,42,8.4,17.47108,3.00299,1125.207,6.529,0.003
orange,16,43,8.6,17.32078,3.00642,1148.483,6.679,0.006
orange,16,44,8.8,17.13735,2.97525,1185.641,6.863,0.025
orange,16,45,9.0,16.99295,2.97396,1203.6,7.007,0.026
orange,16,46,9.2,16.83204,3.01061,1226.335,7.168,0.011
orange,16,47,9.4,16.69089,3.04168,1256.23,7.309,0.042
orange,16,48,9.6,16.52682,3.03164,1276.98,7.473,0.032
orange,16,49,9.8,16.38219,3.02159,1306.791,7.618,0.022
orange,16,50,10.0,16.23686,3.03078,1325.932,7.763,0.031
orange,16,51,10.2,16.07564,3.04873,1354.047,7.924,0.049
orange,16,52,10.4,15.89781,3.0196,1378.71,8.102,0.02
orange,16,53,10.6,15.71931,2.99008,1420.088,8.281,0.01
orange,16,54,10.8,15.55922,3.01029,1442.084,8.441,0.01
orange,16,55,11.0,15.39619,3.05313,1479.104,8.604,0.053
orange,16,56,11.2,15.25314,3.04357,1505.411,8.747,0.044
orange,16,57,11.4,15.08747,3.00905,1538.592,8.913,0.009
orange,16,58,11.6,14.93884,3.01355,1558.124,9.061,0.014
orange,16,59,11.8,14.77116,3.04917,1592.49,9.229,0.049
orange,16,60,12.0,14.6273,3.05836,1613.587,9.373,0.058
orange,16,61,12.2,14.47304,3.05143,1645.002,9.527,0.051
orange,16,62,12.4,14.3171,3.06803,1661.157,9.683,0.068
orange,16,63,12.6,14.14229,3.10987,1695.013,9.858,0.11
orange,16,64,12.8,13.97949,3.10088,1719.341,10.021,0.101
orange,16,65,13.0,13.80298,3.06343,1755.213,10.197,0.063
orange,16,66,13.2,13.65716,3.06324,1773.181,10.343,0.063
orange,16,67,13.4,13.48831,3.09247,1801.754,10.512,0.092
orange,16,68,13.6,13.33092,3.07475,1823.791,10.669,0.075
orange,16,69,13.8,13.15831,3.02234,1854.556,10.842,0.022
orange,16,70,14.0,13.00241,3.01965,1872.895,10.998,0.02
orange,16,71,14.2,12.83803,3.05136,1905.35,11.162,0.051
orange,16,72,14.4,12.67809,3.03621,1930.968,11.322,0.036
orange,16,73,14.6,12.51207,2.99765,1963.632,11.488,0.002
orange,16,74,14.8,12.36706,3.00142,1980.668,11.633,0.001
orange,16,75,15.0,12.20055,3.03463,2010.811,11.799,0.035
orange,16,76,15.2,12.04263,3.02773,2034.084,11.957,0.028
orange,16,77,15.4,11.86875,2.99554,2066.373,12.131,0.004
orange,16,78,15.6,11.70766,3.01857,2086.978,12.292,0.019
orange,16,79,15.8,11.52931,3.08073,2122.599,12.471,0.081
orange,16,80,16.0,11.36854,3.08169,2148.471,12.631,0.082
orange,16,81,16.2,11.20426,3.05521,2186.619,12.796,0.055
orange,16,82,16.4,11.06709,3.05197,2202.865,12.933,0.052
orange,16,83,16.6,10.90083,3.07663,2234.153,13.099,0.077
orange,16,84,16.8,10.74921,3.07158,2258.243,13.251,0.072
orange,16,85,17.0,10.57425,3.02784,2292.868,13.426,0.028
orange,16,86,17.2,10.42568,3.0222,2310.816,13.574,0.022
orange,16,87,17.4,10.24824,3.06229,2343.689,13.752,0.062
orange,16,88,17.6,10.09756,3.07479,2368.506,13.902,0.075
orange,16,89,17.8,9.93011,3.04422,2401.421,14.07,0.044
orange,16,90,18.0,9.78182,3.04322,2419.165,14.218,0.043
orange,16,91,18.2,9.60855,3.08284,2449.558,14.391,0.083
orange,16,92,18.4,9.45262,3.08788,2473.354,14.547,0.088
orange,16,93,18.6,9.27624,3.05023,2508.28,14.724,0.05
orange,16,94,18.8,9.14011,3.03268,2527.853,14.86,0.033
orange,16,95,19.0,8.98188,3.04139,2550.763,15.018,0.041
orange,16,96,19.2,8.82656,3.0529,2581.009,15.173,0.053
orange,16,97,19.4,8.64933,3.03607,2614.707,15.351,0.036
orange,16,98,19.6,8.50436,3.05751,2630.968,15.496,0.058
orange,16,99,19.8,8.37167,3.15115,2655.19,15.735,0.073
orange,16,100,20.0,8.26552,3.24645,2686.299,15.876,0.05
orange,16,101,20.2,8.14361,3.34129,2703.799,16.027,0.015
orange,16,102,20.4,8.03699,3.43643,2732.481,16.168,0.008
orange,16,103,20.6,7.95116,3.56912,2751.588,16.325,0.009
orange,16,104,20.8,7.87506,3.71623,2785.654,16.487,0.042
orange,16,105,21.0,7.76909,3.83077,2807.834,16.643,0.032
orange,16,106,21.2,7.65406,3.94098,2839.61,16.801,0.011
orange,16,107,21.4,7.56922,4.06972,2857.164,16.954,0.026
orange,16,108,21.6,7.48586,4.22177,2886.239,17.125,0.057
orange,16,109,21.8,7.35317,4.33882,2909.949,17.299,0.027
orange,16,110,22.0,7.22423,4.44786,2949.992,17.465,0.004
orange,16,111,22.2,7.14261,4.58033,2970.651,17.619,0.015
orange,16,112,22.4,7.06585,4.71727,3001.802,17.774,0.042
orange,16,113,22.6,6.95256,4.83496,3025.232,17.937,0.028
orange,16,114,22.8,6.83315,4.94266,3055.454,18.096,0.003
orange,16,115,23.0,6.75993,5.02188,3070.863,18.203,0.005
orange,16,116,23.2,6.69184,5.08058,3090.174,18.292,0.021
orange,16,117,23.4,6.63757,5.13482,3107.321,18.368,0.029
orange,16,118,23.6,6.58238,5.16759,3130.051,18.428,0.051
orange,16,119,23.8,6.50178,5.18561,3154.263,18.493,0.102
orange,16,120,24.0,6.42654,5.19543,3182.029,18.548,0.155
orange,16,121,24.2,6.3361,5.17457,3209.055,18.589,0.238
orange,16,122,24.4,6.22105,5.14189,3249.412,18.635,0.348
orange,16,123,24.6,6.10152,5.17184,3271.347,18.734,0.422
orange,16,124,24.8,6.01656,5.23655,3306.632,18.838,0.448
orange,16,125,25.0,5.96538,5.32738,3333.758,18.94,0.431
orange,16,126,25.2,5.9368,5.44042,3354.56,19.046,0.382
orange,16,127,25.4,5.88513,5.60214,3379.169,19.205,0.32
orange,16,128,25.6,5.83606,5.71742,3412.687,19.325,0.286
orange,16,129,25.8,5.77299,5.83621,3431.601,19.457,0.26
orange,16,130,26.0,5.7117,5.95569,3451.481,19.589,0.233
orange,16,131,26.2,5.64551,6.10182,3474.317,19.744,0.193
orange,16,132,26.4,5.56468,6.25987,3508.563,19.918,0.156
orange,16,133,26.6,5.50899,6.4035,3525.16,20.064,0.109
orange,16,134,26.8,5.46543,6.57685,3555.418,20.226,0.034
orange,16,135,27.0,5.3898,6.72958,3578.059,20.393,0.003
orange,16,136,27.2,5.29078,6.87504,3612.949,20.568,0.018
orange,16,137,27.4,5.20529,7.04181,3631.951,20.752,0.056
orange,16,138,27.6,5.12255,7.20504,3673.002,20.931,0.094
orange,16,139,27.8,5.01111,7.33165,3694.506,21.099,0.087
orange,16,140,28.0,4.8997,7.4575,3742.92,21.267,0.08
orange,16,141,28.2,4.82305,7.62373,3767.104,21.444,0.124
orange,16,142,28.4,4.74432,7.77657,3804.116,21.613,0.159
orange,16,143,28.6,4.58693,7.88289,3833.509,21.794,0.104
orange,16,144,28.8,4.46277,7.96605,3867.092,21.937,0.059
orange,16,145,29.0,4.36489,8.06109,3885.983,22.073,0.043
orange,16,146,29.2,4.2731,8.17142,3914.676,22.216,0.041
orange,16,147,29.4,4.17311,8.27068,3939.611,22.356,0.026
orange,16,148,29.6,4.04124,8.37777,3969.481,22.522,0.01
orange,16,149,29.8,3.95026,8.47633,3982.694,22.656,0.018
orange,16,150,30.0,3.86971,8.61403,4004.907,22.814,0.006
orange,16,151,30.2,3.79805,8.72908,4034.218,22.948,0.022
orange,16,152,30.4,3.68182,8.85085,4056.42,23.116,0.008
orange,16,153,30.6,3.57709,8.96151,4088.397,23.268,0.004
orange,16,154,30.8,3.4976,9.08633,4107.423,23.415,0.013
orange,16,155,31.0,3.42058,9.22287,4136.334,23.57,0.039
orange,16,156,31.2,3.29694,9.34145,4159.234,23.74,0.017
orange,16,157,31.4,3.16477,9.46066,4201.723,23.916,0.011
orange,16,158,31.6,3.07422,9.60203,4220.434,24.082,0.008
orange,16,159,31.8,2.99489,9.75496,4254.334,24.251,0.042
orange,16,160,32.0,2.88528,9.87404,4276.4,24.413,0.032
orange,16,161,32.2,2.77695,9.9913,4311.483,24.572,0.021
orange,16,162,32.4,2.70415,10.13538,4331.097,24.73,0.055
orange,16,163,32.6,2.6309,10.28678,4364.59,24.894,0.093
orange,16,164,32.8,2.50971,10.41124,4388.901,25.08,0.061
orange,16,165,33.0,2.39746,10.52571,4429.662,25.234,0.015
orange,16,166,33.2,2.3391,10.66827,4451.037,25.387,0.031
orange,16,167,33.4,2.28457,10.82695,4485.983,25.553,0.057
orange,16,168,33.6,2.17843,10.9682,4509.236,25.727,0.03
orange,16,169,33.8,2.07534,11.09134,4546.269,25.884,0.003
orange,16,170,34.0,2.01289,11.22722,4565.609,26.034,0.005
orange,16,171,34.2,1.9654,11.38373,4597.03,26.194,0.037
orange,16,172,34.4,1.89416,11.51797,4620.415,26.346,0.037
orange,16,173,34.6,1.79916,11.65876,4656.842,26.515,0.019
orange,16,174,34.8,1.74381,11.78966,4674.489,26.656,0.032
orange,16,175,35.0,1.70272,11.9627,4705.822,26.829,0.077
orange,16,176,35.2,1.63849,12.0975,4730.628,26.978,0.084
orange,16,177,35.4,1.51851,12.23087,4767.022,27.152,0.04
orange,16,178,35.6,1.44439,12.35259,4788.555,27.294,0.032
orange,16,179,35.8,1.39377,12.51834,4817.193,27.464,0.065
orange,16,180,36.0,1.32773,12.65419,4842.61,27.615,0.071
orange,16,181,36.2,1.21694,12.78818,4873.691,27.785,0.036
orange,16,182,36.4,1.13926,12.91737,4889.728,27.936,0.028
orange,16,183,36.6,1.08917,13.08475,4920.397,28.107,0.062
orange,16,184,36.8,1.02346,13.2242,4945.083,28.261,0.07
orange,16,185,37.0,0.90392,13.36356,4979.259,28.44,0.03
orange,16,186,37.2,0.83125,13.48937,4999.103,28.586,0.024
orange,16,187,37.4,0.78419,13.64941,5029.125,28.749,0.058
orange,16,188,37.6,0.72807,13.78255,5051.659,28.893,0.071
orange,16,189,37.8,0.62887,13.91858,5078.35,29.06,0.047
orange,16,190,38.0,0.55391,14.04659,5101.352,29.208,0.041
orange,16,191,38.2,0.51068,14.21518,5126.611,29.377,0.082
orange,16,192,38.4,0.46077,14.35871,5158.115,29.527,0.106
orange,16,193,38.6,0.34417,14.49234,5181.952,29.7,0.065
orange,16,194,38.8,0.25343,14.61198,5216.681,29.848,0.042
orange,17,0,0.0,24.0,3.0,0.0,0.0,0.0
orange,17,1,0.2,23.97834,3.00093,25.345,0.022,0.001
orange,17,2,0.4,23.89994,3.01901,49.844,0.1,0.019
orange,17,3,0.6,23.75397,3.04487,84.206,0.246,0.045
orange,17,4,0.8,23.62845,3.05625,103.872,0.372,0.056
orange,17,5,1.0,23.47321,3.06063,124.241,0.527,0.061
orange,17,6,1.2,23.32685,3.06225,148.4,0.673,0.062
orange,17,7,1.4,23.15556,3.03821,168.555,0.844,0.038
orange,17,8,1.6,22.99696,3.01783,197.132,1.003,0.018
orange,17,9,1.8,22.83666,3.02492,214.119,1.163,0.025
orange,17,10,2.0,22.66605,3.0476,245.026,1.334,0.048
orange,17,11,2.2,22.49018,3.03355,265.978,1.51,0.034
orange,17,12,2.4,22.31765,3.01631,302.553,1.682,0.016
orange,17,13,2.6,22.13611,3.03953,323.656,1.864,0.04
orange,17,14,2.8,21.95367,3.06347,357.39,2.046,0.063
orange,17,15,3.0,21.76795,3.03879,380.024,2.232,0.039
orange,17,16,3.2,21.5857,3.0298,418.058,2.414,0.03
orange,17,17,3.4,21.38041,3.06256,454.15,2.62,0.063
orange,17,18,3.6,21.20004,3.06928,481.132,2.8,0.069
orange,17,19,3.8,21.03468,3.04633,521.8,2.965,0.046
orange,17,20,4.0,20.90739,3.03703,537.746,3.093,0.037
orange,17,21,4.2,20.75711,3.04592,558.782,3.243,0.046
orange,17,22,4.4,20.62217,3.04729,588.55,3.378,0.047
orange,17,23,4.6,20.44101,3.01146,613.269,3.559,0.011
orange,17,24,4.8,20.28737,2.98415,646.788,3.713,0.016
orange,17,25,5.0,20.13912,2.99171,666.59,3.861,0.008
orange,17,26,5.2,19.98385,3.01343,696.424,4.016,0.013
orange,17,27,5.4,19.83175,2.99718,721.727,4.168,0.003
orange,17,28,5.6,19.66938,2.97207,758.457,4.331,0.028
orange,17,29,5.8,19.51712,2.98908,773.334,4.483,0.011
orange,17,30,6.0,19.35616,3.03613,808.755,4.644,0.036
orange,17,31,6.2,19.19342,3.02902,836.965,4.807,0.029
orange,17,32,6.4,19.01949,2.99414,870.346,4.981,0.006
orange,17,33,6.6,18.87873,3.00239,885.756,5.121,0.002
orange,17,34,6.8,18.73187,3.02562,911.644,5.268,0.026
orange,17,35,7.0,18.57736,3.01521,935.271,5.423,0.015
orange,17,36,7.2,18.41776,2.99799,969.102,5.582,0.002
orange,17,37,7.4,18.27186,3.0063,984.984,5.728,0.006
orange,17,38,7.6,18.10602,3.03588,1013.881,5.894,0.036
orange,17,39,7.8,17.93926,3.02369,1037.193,6.061,0.024
orange,17,40,8.0,17.76768,2.98552,1077.492,6.232,0.014
orange,17,41,8.2,17.63195,2.98035,1094.278,6.368,0.02
orange,17,42,8.4,17.47108,3.00299,1125.207,6.529,0.003
orange,17,43,8.6,17.32078,3.00642,1148.483,6.679,0.006
orange,17,44,8.8,17.13735,2.97525,1185.641,6.863,0.025
orange,17,45,9.0,16.99295,2.97396,1203.6,7.007,0.026
orange,17,46,9.2,16.83204,3.01061,1226.335,7.168,0.011
orange,17,47,9.4,16.69089,3.04168,1256.23,7.309,0.042
orange,17,48,9.6,16.52682,3.03164,1276.98,7.473,0.032
orange,17,49,9.8,16.38219,3.02159,1306.791,7.618,0.022
orange,17,50,10.0,16.23686,3.03078,1325.932,7.763,0.031
orange,17,51,10.2,16.07564,3.04873,1354.047,7.924,0.049
orange,17,52,10.4,15.89781,3.0196,1378.71,8.102,0.02
orange,17,53,10.6,15.71931,2.99008,1420.088,8.281,0.01
orange,17,54,10.8,15.55922,3.01029,1442.084,8.441,0.01
orange,17,55,11.0,15.39619,3.05313,1479.104,8.604,0.053
orange,17,56,11.2,15.25314,3.04357,1505.411,8.747,0.044
orange,17,57,11.4,15.08747,3.00905,1538.592,8.913,0.009
orange,17,58,11.6,14.93884,3.01355,1558.124,9.061,0.014
orange,17,59,11.8,14.77116,3.04917,1592.49,9.229,0.049
orange,17,60,12.0,14.6273,3.05836,1613.587,9.373,0.058
orange,17,61,12.2,14.47304,3.05143,1645.002,9.527,0.051
orange,17,62,12.4,14.3171,3.06803,1661.157,9.683,0.068
orange,17,63,12.6,14.14229,3.10987,1695.013,9.858,0.11
orange,17,64,12.8,13.97949,3.10088,1719.341,10.021,0.101
orange,17,65,13.0,13.80298,3.06343,1755.213,10.197,0.063
orange,17,66,13.2,13.65716,3.06324,1773.181,10.343,0.063
orange,17,67,13.4,13.48831,3.09247,1801.754,10.512,0.092
orange,17,68,13.6,13.33092,3.07475,1823.791,10.669,0.075
orange,17,69,13.8,13.15831,3.02234,1854.556,10.842,0.022
orange,17,70,14.0,13.00241,3.01965,1872.895,10.998,0.02
orange,17,71,14.2,12.83803,3.05136,1905.35,11.162,0.051
orange,17,72,14.4,12.67809,3.03621,1930.968,11.322,0.036
orange,17,73,14.6,12.51207,2.99765,1963.632,11.488,0.002
orange,17,74,14.8,12.36706,3.00142,1980.668,11.633,0.001
orange,17,75,15.0,12.20055,3.03463,2010.811,11.799,0.035
orange,17,76,15.2,12.04263,3.02773,2034.084,11.957,0.028
orange,17,77,15.4,11.86875,2.99554,2066.373,12.131,0.004
orange,17,78,15.6,11.70766,3.01857,2086.978,12.292,0.019
orange,17,79,15.8,11.52931,3.08073,2122.599,12.471,0.081
orange,17,80,16.0,11.36854,3.08169,2148.471,12.631,0.082
orange,17,81,16.2,11.20426,3.05521,2186.619,12.796,0.055
orange,17,82,16.4,11.06709,3.05197,2202.865,12.933,0.052
orange,17,83,16.6,10.90083,3.07663,2234.153,13.099,0.077
orange,17,84,16.8,10.74921,3.07158,2258.243,13.251,0.072
orange,17,85,17.0,10.57425,3.02784,2292.868,13.426,0.028
orange,17,86,17.2,10.42568,3.0222,2310.816,13.574,0.022
orange,17,87,17.4,10.24824,3.06229,2343.689,13.752,0.062
orange,17,88,17.6,10.09756,3.07479,2368.506,13.902,0.075
orange,17,89,17.8,9.93011,3.04422,2401.421,14.07,0.044
orange,17,90,18.0,9.78182,3.04322,2419.165,14.218,0.043
orange,17,91,18.2,9.60855,3.08284,2449.558,14.391,0.083
orange,17,92,18.4,9.45262,3.08788,2473.354,14.547,0.088
orange,17,93,18.6,9.27624,3.05023,2508.28,14.724,0.05
orange,17,94,18.8,9.14011,3.03268,2527.853,14.86,0.033
orange,17,95,19.0,8.98188,3.04139,2550.763,15.018,0.041
orange,17,96,19.2,8.82656,3.0529,2581.009,15.173,0.053
orange,17,97,19.4,8.64933,3.03607,2614.707,15.351,0.036
orange,17,98,19.6,8.50436,3.05751,2630.968,15.496,0.058
orange,17,99,19.8,8.37167,3.15115,2655.19,15.735,0.073
orange,17,100,20.0,8.26552,3.24645,2686.299,15.876,0.05
orange,17,101,20.2,8.14361,3.34129,2703.799,16.027,0.015
orange,17,102,20.4,8.03699,3.43643,2732.481,16.168,0.008
orange,17,103,20.6,7.95116,3.56912,2751.588,16.325,0.009
orange,17,104,20.8,7.87506,3.71623,2785.654,16.487,0.042
orange,17,105,21.0,7.76909,3.83077,2807.834,16.643,0.032
orange,17,106,21.2,7.65406,3.94098,2839.61,16.801,0.011
orange,17,107,21.4,7.56922,4.06972,2857.164,16.954,0.026
orange,17,108,21.6,7.48586,4.22177,2886.239,17.125,0.057
orange,17,109,21.8,7.35317,4.33882,2909.949,17.299,0.027
orange,17,110,22.0,7.22425,4.44795,2950.066,17.465,0.004
orange,17,111,22.2,7.14282,4.58057,2971.57,17.62,0.016
orange,17,112,22.4,7.06768,4.71714,3003.053,17.773,0.043
orange,17,113,22.6,6.95745,4.8342,3026.179,17.933,0.031
orange,17,114,22.8,6.83967,4.94052,3056.073,18.09,0.006
orange,17,115,23.0,6.75908,5.02634,3072.858,18.207,0.002
orange,17,116,23.2,6.68303,5.09468,3093.711,18.308,0.019
orange,17,117,23.4,6.61722,5.15801,3113.507,18.399,0.03
orange,17,118,23.6,6.54628,5.18193,3136.709,18.462,0.07
orange,17,119,23.8,6.45168,5.17626,3166.589,18.517,0.147
orange,17,120,24.0,6.34882,5.20186,3189.513,18.602,0.211
orange,17,121,24.2,6.23257,5.26344,3222.463,18.723,0.263
orange,17,122,24.4,6.1517,5.33536,3245.934,18.83,0.281
orange,17,123,24.6,6.08133,5.42214,3271.207,18.941,0.281
orange,17,124,24.8,6.00487,5.55646,3296.134,19.094,0.256
orange,17,125,25.0,5.91029,5.70436,3330.432,19.268,0.236
orange,17,126,25.2,5.84095,5.81216,3347.321,19.396,0.223
orange,17,127,25.4,5.7685,5.93597,3364.156,19.538,0.201
orange,17,128,25.6,5.71268,6.05111,3387.585,19.662,0.172
orange,17,129,25.8,5.63645,6.20092,3408.338,19.827,0.137
orange,17,130,26.0,5.55905,6.34484,3440.891,19.987,0.107
orange,17,131,26.2,5.49663,6.49567,3457.265,20.144,0.061
orange,17,132,26.4,5.44152,6.66425,3489.664,20.309,0.002
orange,17,133,26.6,5.35473,6.81489,3509.417,20.481,0.03
orange,17,134,26.8,5.26353,6.96137,3547.363,20.652,0.051
orange,17,135,27.0,5.17742,7.14521,3572.135,20.85,0.099
orange,17,136,27.2,5.08641,7.29754,3610.365,21.025,0.124
orange,17,137,27.4,4.95284,7.41928,3638.112,21.204,0.097
orange,17,138,27.6,4.84823,7.53022,3670.279,21.356,0.085
orange,17,139,27.8,4.76381,7.68734,3694.044,21.531,0.118
orange,17,140,28.0,4.68309,7.81875,3730.963,21.684,0.138
orange,17,141,28.2,4.54165,7.92552,3754.673,21.856,0.095
orange,17,142,28.4,4.42863,8.01605,3792.141,21.998,0.064
orange,17,143,28.6,4.3351,8.13385,3811.29,22.148,0.066
orange,17,144,28.8,4.25354,8.26105,3841.45,22.298,0.082
orange,17,145,29.0,4.1461,8.3708,3863.879,22.451,0.068
orange,17,146,29.2,4.02609,8.47894,3898.483,22.611,0.042
orange,17,147,29.4,3.93756,8.59534,3915.048,22.757,0.047
orange,17,148,29.6,3.85142,8.74356,3950.003,22.926,0.073
orange,17,149,29.8,3.72333,8.85338,3975.253,23.092,0.042
orange,17,150,30.0,3.57925,8.9539,4009.265,23.261,0.007
orange,17,151,30.2,3.48113,9.07369,4025.354,23.416,0.008
orange,17,152,30.4,3.39176,9.21095,4053.016,23.579,0.009
orange,17,153,30.6,3.2625,9.32089,4079.873,23.745,0.022
orange,17,154,30.8,3.13692,9.43179,4123.467,23.911,0.05
orange,17,155,31.0,3.05823,9.58314,4144.404,24.078,0.016
orange,17,156,31.2,2.99237,9.73812,4181.511,24.24,0.03
orange,17,157,31.4,2.90436,9.86012,4202.524,24.39,0.038
orange,17,158,31.6,2.81018,9.97194,4232.177,24.536,0.035
orange,17,159,31.8,2.7277,10.09887,4252.024,24.687,0.051
orange,17,160,32.0,2.65143,10.23876,4284.26,24.843,0.079
orange,17,161,32.2,2.56233,10.35732,4306.649,25.007,0.082
orange,17,162,32.4,2.44457,10.48336,4338.438,25.174,0.037
orange,17,163,32.6,2.37092,10.59908,4355.782,25.311,0.026
orange,17,164,32.8,2.31859,10.75214,4385.889,25.471,0.052
orange,17,165,33.0,2.25065,10.88614,4408.959,25.621,0.055
orange,17,166,33.2,2.1313,11.02903,4443.178,25.803,0.017
orange,17,167,33.4,2.06306,11.14997,4463.058,25.942,0.013
orange,17,168,33.6,2.01676,11.30981,4486.718,26.105,0.048
orange,17,169,33.8,1.9721,11.44539,4518.637,26.245,0.072
orange,17,170,34.0,1.88094,11.5776,4540.105,26.405,0.053
orange,17,171,34.2,1.79856,11.7026,4570.006,26.554,0.039
orange,17,172,34.4,1.73934,11.8543,4591.184,26.716,0.058
orange,17,173,34.6,1.68983,12.00786,4626.319,26.874,0.087
orange,17,174,34.8,1.60306,12.13811,4648.49,27.03,0.071
orange,17,175,35.0,1.50348,12.26149,4678.903,27.186,0.041
orange,17,176,35.2,1.43853,12.38646,4696.713,27.327,0.043
orange,17,177,35.4,1.38311,12.54366,4728.681,27.492,0.068
orange,17,178,35.6,1.3084,12.6734,4753.922,27.641,0.063
orange,17,179,35.8,1.20702,12.80512,4785.906,27.805,0.035
orange,17,180,36.0,1.1507,12.93635,4808.945,27.947,0.047
orange,17,181,36.2,1.11095,13.10666,4842.503,28.116,0.092
orange,17,182,36.4,1.03866,13.22938,4868.379,28.259,0.085
orange,17,183,36.6,0.9283,13.35526,4903.337,28.422,0.047
orange,17,184,36.8,0.86424,13.48818,4923.209,28.569,0.053
orange,17,185,37.0,0.81894,13.65287,4956.211,28.736,0.09
orange,17,186,37.2,0.73778,13.79023,4981.673,28.895,0.083
orange,17,187,37.4,0.63125,13.92579,5024.87,29.065,0.053
orange,17,188,37.6,0.57689,14.0641,5047.144,29.212,0.07
orange,17,189,37.8,0.53573,14.23833,5081.859,29.386,0.115
orange,17,190,38.0,0.45281,14.36819,5107.941,29.539,0.103
orange,17,191,38.2,0.34229,14.48915,5144.939,29.698,0.062
orange,17,192,38.4,0.27483,14.60581,5161.857,29.833,0.058
orange,18,0,0.0,24.0,3.0,0.0,0.0,0.0
orange,18,1,0.2,23.97834,3.00093,25.345,0.022,0.001
orange,18,2,0.4,23.89994,3.01901,49.844,0.1,0.019
orange,18,3,0.6,23.75397,3.04487,84.206,0.246,0.045
orange,18,4,0.8,23.62845,3.05625,103.872,0.372,0.056
orange,18,5,1.0,23.47321,3.06063,124.241,0.527,0.061
orange,18,6,1.2,23.32685,3.06225,148.4,0.673,0.062
orange,18,7,1.4,23.15556,3.03821,168.555,0.844,0.038
orange,18,8,1.6,22.99696,3.01783,197.132,1.003,0.018
orange,18,9,1.8,22.83666,3.02492,214.119,1.163,0.025
orange,18,10,2.0,22.66605,3.0476,245.026,1.334,0.048
orange,18,11,2.2,22.49018,3.03355,265.978,1.51,0.034
orange,18,12,2.4,22.31765,3.01631,302.553,1.682,0.016
orange,18,13,2.6,22.13611,3.03953,323.656,1.864,0.04
orange,18,14,2.8,21.95367,3.06347,357.39,2.046,0.063
orange,18,15,3.0,21.76795,3.03879,380.024,2.232,0.039
orange,18,16,3.2,21.5857,3.0298,418.058,2.414,0.03
orange,18,17,3.4,21.38041,3.06256,454.15,2.62,0.063
orange,18,18,3.6,21.20004,3.06928,481.132,2.8,0.069
orange,18,19,3.8,21.03468,3.04633,521.8,2.965,0.046
orange,18,20,4.0,20.90739,3.03703,537.746,3.093,0.037
orange,18,21,4.2,20.75711,3.04592,558.782,3.243,0.046
orange,18,22,4.4,20.62217,3.04729,588.55,3.378,0.047
orange,18,23,4.6,20.44101,3.01146,613.269,3.559,0.011
orange,18,24,4.8,20.28737,2.98415,646.788,3.713,0.016
orange,18,25,5.0,20.13912,2.99171,666.59,3.861,0.008
orange,18,26,5.2,19.98385,3.01343,696.424,4.016,0.013
orange,18,27,5.4,19.83175,2.99718,721.727,4.168,0.003
orange,18,28,5.6,19.66938,2.97207,758.457,4.331,0.028
orange,18,29,5.8,19.51712,2.98908,773.334,4.483,0.011
orange,18,30,6.0,19.35616,3.03613,808.755,4.644,0.036
orange,18,31,6.2,19.19342,3.02902,836.965,4.807,0.029
orange,18,32,6.4,19.01949,2.99414,870.346,4.981,0.006
orange,18,33,6.6,18.87873,3.00239,885.756,5.121,0.002
orange,18,34,6.8,18.73187,3.02562,911.644,5.268,0.026
orange,18,35,7.0,18.57736,3.01521,935.271,5.423,0.015
orange,18,36,7.2,18.41776,2.99799,969.102,5.582,0.002
orange,18,37,7.4,18.27186,3.0063,984.984,5.728,0.006
orange,18,38,7.6,18.10602,3.03588,1013.881,5.894,0.036
orange,18,39,7.8,17.93926,3.02369,1037.193,6.061,0.024
orange,18,40,8.0,17.76768,2.98552,1077.492,6.232,0.014
orange,18,41,8.2,17.63195,2.98035,1094.278,6.368,0.02
orange,18,42,8.4,17.47108,3.00299,1125.207,6.529,0.003
orange,18,43,8.6,17.32078,3.00642,1148.483,6.679,0.006
orange,18,44,8.8,17.13735,2.97525,1185.641,6.863,0.025
orange,18,45,9.0,16.99295,2.97396,1203.6,7.007,0.026
orange,18,46,9.2,16.83204,3.01061,1226.335,7.168,0.011
orange,18,47,9.4,16.69089,3.04168,1256.23,7.309,0.042
orange,18,48,9.6,16.52682,3.03164,1276.98,7.473,0.032
orange,18,49,9.8,16.38219,3.02159,1306.791,7.618,0.022
orange,18,50,10.0,16.23686,3.03078,1325.932,7.763,0.031
orange,18,51,10.2,16.07564,3.04873,1354.047,7.924,0.049
orange,18,52,10.4,15.89781,3.0196,1378.71,8.102,0.02
orange,18,53,10.6,15.71931,2.99008,1420.088,8.281,0.01
orange,18,54,10.8,15.55922,3.01029,1442.084,8.441,0.01
orange,18,55,11.0,15.39619,3.05313,1479.104,8.604,0.053
orange,18,56,11.2,15.25314,3.04357,1505.411,8.747,0.044
orange,18,57,11.4,15.08747,3.00905,1538.592,8.913,0.009
orange,18,58,11.6,14.93884,3.01355,1558.124,9.061,0.014
orange,18,59,11.8,14.77116,3.04917,1592.49,9.229,0.049
orange,18,60,12.0,14.6273,3.05836,1613.587,9.373,0.058
orange,18,61,12.2,14.47304,3.05143,1645.002,9.527,0.051
orange,18,62,12.4,14.3171,3.06803,1661.157,9.683,0.068
orange,18,63,12.6,14.14229,3.10987,1695.013,9.858,0.11
orange,18,64,12.8,13.97949,3.10088,1719.341,10.021,0.101
orange,18,65,13.0,13.80298,3.06343,1755.213,10.197,0.063
orange,18,66,13.2,13.65716,3.06324,1773.181,10.343,0.063
orange,18,67,13.4,13.48831,3.09247,1801.754,10.512,0.092
orange,18,68,13.6,13.33092,3.07475,1823.791,10.669,0.075
orange,18,69,13.8,13.15831,3.02234,1854.556,10.842,0.022
orange,18,70,14.0,13.00241,3.01965,1872.895,10.998,0.02
orange,18,71,14.2,12.83803,3.05136,1905.35,11.162,0.051
orange,18,72,14.4,12.67809,3.03621,1930.968,11.322,0.036
orange,18,73,14.6,12.51207,2.99765,1963.632,11.488,0.002
orange,18,74,14.8,12.36706,3.00142,1980.668,11.633,0.001
orange,18,75,15.0,12.20055,3.03463,2010.811,11.799,0.035
orange,18,76,15.2,12.04263,3.02773,2034.084,11.957,0.028
orange,18,77,15.4,11.86875,2.99554,2066.373,12.131,0.004
orange,18,78,15.6,11.70766,3.01857,2086.978,12.292,0.019
orange,18,79,15.8,11.52931,3.08073,2122.599,12.471,0.081
orange,18,80,16.0,11.36854,3.08169,2148.471,12.631,0.082
orange,18,81,16.2,11.20426,3.05521,2186.619,12.796,0.055
orange,18,82,16.4,11.06709,3.05197,2202.865,12.933,0.052
orange,18,83,16.6,10.90083,3.07663,2234.153,13.099,0.077
orange,18,84,16.8,10.74921,3.07158,2258.243,13.251,0.072
orange,18,85,17.0,10.57425,3.02784,2292.868,13.426,0.028
orange,18,86,17.2,10.42568,3.0222,2310.816,13.574,0.022
orange,18,87,17.4,10.24824,3.06229,2343.689,13.752,0.062
orange,18,88,17.6,10.09756,3.07479,2368.506,13.902,0.075
orange,18,89,17.8,9.93011,3.04422,2401.421,14.07,0.044
orange,18,90,18.0,9.78182,3.04322,2419.165,14.218,0.043
orange,18,91,18.2,9.60855,3.08284,2449.558,14.391,0.083
orange,18,92,18.4,9.45262,3.08788,2473.354,14.547,0.088
orange,18,93,18.6,9.27624,3.05023,2508.28,14.724,0.05
orange,18,94,18.8,9.14011,3.03268,2527.853,14.86,0.033
orange,18,95,19.0,8.98188,3.04139,2550.763,15.018,0.041
orange,18,96,19.2,8.82656,3.0529,2581.009,15.173,0.053
orange,18,97,19.4,8.64933,3.03607,2614.707,15.351,0.036
orange,18,98,19.6,8.50436,3.05751,2630.968,15.496,0.058
orange,18,99,19.8,8.37167,3.15115,2655.19,15.735,0.073
orange,18,100,20.0,8.26552,3.24645,2686.299,15.876,0.05
orange,18,101,20.2,8.14361,3.34129,2703.799,16.027,0.015
orange,18,102,20.4,8.03699,3.43643,2732.481,16.168,0.008
orange,18,103,20.6,7.95116,3.56912,2751.588,16.325,0.009
orange,18,104,20.8,7.87506,3.71623,2785.654,16.487,0.042
orange,18,105,21.0,7.76909,3.83077,2807.834,16.643,0.032
orange,18,106,21.2,7.65406,3.94098,2839.61,16.801,0.011
orange,18,107,21.4,7.56922,4.06972,2857.164,16.954,0.026
orange,18,108,21.6,7.48586,4.22177,2886.239,17.125,0.057
orange,18,109,21.8,7.35317,4.33882,2909.949,17.299,0.027
orange,18,110,22.0,7.22423,4.44786,2949.992,17.465,0.004
orange,18,111,22.2,7.14261,4.58033,2970.651,17.619,0.015
orange,18,112,22.4,7.06585,4.71727,3001.802,17.774,0.042
orange,18,113,22.6,6.95256,4.83496,3025.232,17.937,0.028
orange,18,114,22.8,6.83315,4.94266,3055.454,18.096,0.003
orange,18,115,23.0,6.75993,5.02188,3070.863,18.203,0.005
orange,18,116,23.2,6.69184,5.08058,3090.174,18.292,0.021
orange,18,117,23.4,6.63757,5.13482,3107.321,18.368,0.029
orange,18,118,23.6,6.58238,5.16759,3130.051,18.428,0.051
orange,18,119,23.8,6.50178,5.18561,3154.263,18.493,0.102
orange,18,120,24.0,6.42654,5.19543,3182.029,18.548,0.155
orange,18,121,24.2,6.3361,5.17457,3209.055,18.589,0.238
orange,18,122,24.4,6.22105,5.14189,3249.412,18.635,0.348
orange,18,123,24.6,6.10152,5.17184,3271.347,18.734,0.422
orange,18,124,24.8,6.01656,5.23655,3306.632,18.838,0.448
orange,18,125,25.0,5.96538,5.32738,3333.758,18.94,0.431
orange,18,126,25.2,5.9368,5.44042,3354.56,19.046,0.382
orange,18,127,25.4,5.88513,5.60214,3379.169,19.205,0.32
orange,18,128,25.6,5.83606,5.71742,3412.687,19.325,0.286
orange,18,129,25.8,5.77299,5.83621,3431.601,19.457,0.26
orange,18,130,26.0,5.7117,5.95569,3451.481,19.589,0.233
orange,18,131,26.2,5.64551,6.10182,3474.317,19.744,0.193
orange,18,132,26.4,5.56468,6.25987,3508.563,19.918,0.156
orange,18,133,26.6,5.50899,6.4035,3525.16,20.064,0.109
orange,18,134,26.8,5.46543,6.57685,3555.418,20.226,0.034
orange,18,135,27.0,5.3898,6.72958,3578.059,20.393,0.003
orange,18,136,27.2,5.29078,6.87504,3612.949,20.568,0.018
orange,18,137,27.4,5.20529,7.04181,3631.951,20.752,0.056
orange,18,138,27.6,5.12255,7.20504,3673.002,20.931,0.094
orange,18,139,27.8,5.01111,7.33165,3694.506,21.099,0.087
orange,18,140,28.0,4.8997,7.4575,3742.92,21.267,0.08
orange,18,141,28.2,4.82305,7.62373,3767.104,21.444,0.124
orange,18,142,28.4,4.74432,7.77657,3804.116,21.613,0.159
orange,18,143,28.6,4.58693,7.88289,3833.509,21.794,0.104
orange,18,144,28.8,4.46277,7.96605,3867.092,21.937,0.059
orange,18,145,29.0,4.36489,8.06109,3885.983,22.073,0.043
orange,18,146,29.2,4.2731,8.17142,3914.676,22.216,0.041
orange,18,147,29.4,4.17311,8.27068,3939.611,22.356,0.026
orange,18,148,29.6,4.04124,8.37777,3969.481,22.522,0.01
orange,18,149,29.8,3.95026,8.47633,3982.694,22.656,0.018
orange,18,150,30.0,3.86971,8.61403,4004.907,22.814,0.006
orange,18,151,30.2,3.79805,8.72908,4034.218,22.948,0.022
orange,18,152,30.4,3.68182,8.85085,4056.42,23.116,0.008
orange,18,153,30.6,3.57709,8.96151,4088.397,23.268,0.004
orange,18,154,30.8,3.4976,9.08633,4107.423,23.415,0.013
orange,18,155,31.0,3.42058,9.22287,4136.334,23.57,0.039
orange,18,156,31.2,3.29694,9.34145,4159.234,23.74,0.017
orange,18,157,31.4,3.16477,9.46066,4201.723,23.916,0.011
orange,18,158,31.6,3.07422,9.60203,4220.434,24.082,0.008
orange,18,159,31.8,2.99489,9.75496,4254.334,24.251,0.042
orange,18,160,32.0,2.88528,9.87404,4276.4,24.413,0.032
orange,18,161,32.2,2.77695,9.9913,4311.483,24.572,0.021
orange,18,162,32.4,2.70415,10.13538,4331.097,24.73,0.055
orange,18,163,32.6,2.6309,10.28678,4364.59,24.894,0.093
orange,18,164,32.8,2.50971,10.41124,4388.901,25.08,0.061
orange,18,165,33.0,2.39746,10.52571,4429.662,25.234,0.015
orange,18,166,33.2,2.3391,10.66827,4451.037,25.387,0.031
orange,18,167,33.4,2.28457,10.82695,4485.983,25.553,0.057
orange,18,168,33.6,2.17843,10.9682,4509.236,25.727,0.03
orange,18,169,33.8,2.07534,11.09134,4546.269,25.884,0.003
orange,18,170,34.0,2.01289,11.22722,4565.609,26.034,0.005
orange,18,171,34.2,1.9654,11.38373,4597.03,26.194,0.037
orange,18,172,34.4,1.89416,11.51797,4620.415,26.346,0.037
orange,18,173,34.6,1.79916,11.65876,4656.842,26.515,0.019
orange,18,174,34.8,1.74381,11.78966,4674.489,26.656,0.032
orange,18,175,35.0,1.70272,11.9627,4705.822,26.829,0.077
orange,18,176,35.2,1.63849,12.0975,4730.628,26.978,0.084
orange,18,177,35.4,1.51851,12.23087,4767.022,27.152,0.04
orange,18,178,35.6,1.44439,12.35259,4788.555,27.294,0.032
orange,18,179,35.8,1.39377,12.51834,4817.193,27.464,0.065
orange,18,180,36.0,1.32773,12.65419,4842.61,27.615,0.071
orange,18,181,36.2,1.21694,12.78818,4873.691,27.785,0.036
orange,18,182,36.4,1.13926,12.91737,4889.728,27.936,0.028
orange,18,183,36.6,1.08926,13.08495,4919.054,28.107,0.062
orange,18,184,36.8,1.02278,13.2234,4944.246,28.261,0.069
orange,18,185,37.0,0.90303,13.36141,4978.215,28.439,0.028
orange,18,186,37.2,0.83011,13.48861,4998.085,28.586,0.023
orange,18,187,37.4,0.78372,13.65315,5029.403,28.753,0.059
orange,18,188,37.6,0.73204,13.78508,5052.995,28.893,0.076
orange,18,189,37.8,0.64689,13.91421,5073.131,29.047,0.061
orange,18,190,38.0,0.57874,14.02985,5104.677,29.181,0.055
orange,18,191,38.2,0.5167,14.16721,5124.663,29.332,0.065
orange,18,192,38.4,0.45399,14.31386,5155.351,29.491,0.079
orange,18,193,38.6,0.34803,14.44613,5178.748,29.657,0.047
orange,18,194,38.8,0.23444,14.57855,5215.641,29.828,0.009
orange,19,0,0.0,24.0,3.0,0.0,0.0,0.0
orange,19,1,0.2,23.97834,3.00093,25.345,0.022,0.001
orange,19,2,0.4,23.89994,3.01901,49.844,0.1,0.019
orange,19,3,0.6,23.75397,3.04487,84.206,0.246,0.045
orange,19,4,0.8,23.62845,3.05625,103.872,0.372,0.056
orange,19,5,1.0,23.47321,3.06063,124.241,0.527,0.061
orange,19,6,1.2,23.32685,3.06225,148.4,0.673,0.062
orange,19,7,1.4,23.15556,3.03821,168.555,0.844,0.038
orange,19,8,1.6,22.99696,3.01783,197.132,1.003,0.018
orange,19,9,1.8,22.83666,3.02492,214.119,1.163,0.025
orange,19,10,2.0,22.66605,3.0476,245.026,1.334,0.048
orange,19,11,2.2,22.49018,3.03355,265.978,1.51,0.034
orange,19,12,2.4,22.31765,3.01631,302.553,1.682,0.016
orange,19,13,2.6,22.13611,3.03953,323.656,1.864,0.04
orange,19,14,2.8,21.95367,3.06347,357.39,2.046,0.063
orange,19,15,3.0,21.76795,3.03879,380.024,2.232,0.039
orange,19,16,3.2,21.5857,3.0298,418.058,2.414,0.03
orange,19,17,3.4,21.38041,3.06256,454.15,2.62,0.063
orange,19,18,3.6,21.20004,3.06928,481.132,2.8,0.069
orange,19,19,3.8,21.03468,3.04633,521.8,2.965,0.046
orange,19,20,4.0,20.90739,3.03703,537.746,3.093,0.037
orange,19,21,4.2,20.75711,3.04592,558.782,3.243,0.046
orange,19,22,4.4,20.62217,3.04729,588.55,3.378,0.047
orange,19,23,4.6,20.44101,3.01146,613.269,3.559,0.011
orange,19,24,4.8,20.28737,2.98415,646.788,3.713,0.016
orange,19,25,5.0,20.13912,2.99171,666.59,3.861,0.008
orange,19,26,5.2,19.98385,3.01343,696.424,4.016,0.013
orange,19,27,5.4,19.83175,2.99718,721.727,4.168,0.003
orange,19,28,5.6,19.66938,2.97207,758.457,4.331,0.028
orange,19,29,5.8,19.51712,2.98908,773.334,4.483,0.011
orange,19,30,6.0,19.35616,3.03613,808.755,4.644,0.036
orange,19,31,6.2,19.19342,3.02902,836.965,4.807,0.029
orange,19,32,6.4,19.01949,2.99414,870.346,4.981,0.006
orange,19,33,6.6,18.87873,3.00239,885.756,5.121,0.002
orange,19,34,6.8,18.73187,3.02562,911.644,5.268,0.026
orange,19,35,7.0,18.57736,3.01521,935.271,5.423,0.015
orange,19,36,7.2,18.41776,2.99799,969.102,5.582,0.002
orange,19,37,7.4,18.27186,3.0063,984.984,5.728,0.006
orange,19,38,7.6,18.10602,3.03588,1013.881,5.894,0.036
orange,19,39,7.8,17.93926,3.02369,1037.193,6.061,0.024
orange,19,40,8.0,17.76768,2.98552,1077.492,6.232,0.014
orange,19,41,8.2,17.63195,2.98035,1094.278,6.368,0.02
orange,19,42,8.4,17.47108,3.00299,1125.207,6.529,0.003
orange,19,43,8.6,17.32078,3.00642,1148.483,6.679,0.006
orange,19,44,8.8,17.13735,2.97525,1185.641,6.863,0.025
orange,19,45,9.0,16.99295,2.97396,1203.6,7.007,0.026
orange,19,46,9.2,16.83204,3.01061,1226.335,7.168,0.011
orange,19,47,9.4,16.69089,3.04168,1256.23,7.309,0.042
orange,19,48,9.6,16.52682,3.03164,1276.98,7.473,0.032
orange,19,49,9.8,16.38219,3.02159,1306.791,7.618,0.022
orange,19,50,10.0,16.23686,3.03078,1325.932,7.763,0.031
orange,19,51,10.2,16.07564,3.04873,1354.047,7.924,0.049
orange,19,52,10.4,15.89781,3.0196,1378.71,8.102,0.02
orange,19,53,10.6,15.71931,2.99008,1420.088,8.281,0.01
orange,19,54,10.8,15.55922,3.01029,1442.084,8.441,0.01
orange,19,55,11.0,15.39619,3.05313,1479.104,8.604,0.053
orange,19,56,11.2,15.25314,3.04357,1505.411,8.747,0.044
orange,19,57,11.4,15.08747,3.00905,1538.592,8.913,0.009
orange,19,58,11.6,14.93884,3.01355,1558.124,9.061,0.014
orange,19,59,11.8,14.77116,3.04917,1592.49,9.229,0.049
orange,19,60,12.0,14.6273,3.05836,1613.587,9.373,0.058
orange,19,61,12.2,14.47304,3.05143,1645.002,9.527,0.051
orange,19,62,12.4,14.3171,3.06803,1661.157,9.683,0.068
orange,19,63,12.6,14.14229,3.10987,1695.013,9.858,0.11
orange,19,64,12.8,13.97949,3.10088,1719.341,10.021,0.101
orange,19,65,13.0,13.80298,3.06343,1755.213,10.197,0.063
orange,19,66,13.2,13.65716,3.06324,1773.181,10.343,0.063
orange,19,67,13.4,13.48831,3.09247,1801.754,10.512,0.092
orange,19,68,13.6,13.33092,3.07475,1823.791,10.669,0.075
orange,19,69,13.8,13.15831,3.02234,1854.556,10.842,0.022
orange,19,70,14.0,13.00241,3.01965,1872.895,10.998,0.02
orange,19,71,14.2,12.83803,3.05136,1905.35,11.162,0.051
orange,19,72,14.4,12.67809,3.03621,1930.968,11.322,0.036
orange,19,73,14.6,12.51207,2.99765,1963.632,11.488,0.002
orange,19,74,14.8,12.36706,3.00142,1980.668,11.633,0.001
orange,19,75,15.0,12.20055,3.03463,2010.811,11.799,0.035
orange,19,76,15.2,12.04263,3.02773,2034.084,11.957,0.028
orange,19,77,15.4,11.86875,2.99554,2066.373,12.131,0.004
orange,19,78,15.6,11.70766,3.01857,2086.978,12.292,0.019
orange,19,79,15.8,11.52931,3.08073,2122.599,12.471,0.081
orange,19,80,16.0,11.36854,3.08169,2148.471,12.631,0.082
orange,19,81,16.2,11.20426,3.05521,2186.619,12.796,0.055
orange,19,82,16.4,11.06709,3.05197,2202.865,12.933,0.052
orange,19,83,16.6,10.90083,3.07663,2234.153,13.099,0.077
orange,19,84,16.8,10.74921,3.07158,2258.243,13.251,0.072
orange,19,85,17.0,10.57425,3.02784,2292.868,13.426,0.028
orange,19,86,17.2,10.42568,3.0222,2310.816,13.574,0.022
orange,19,87,17.4,10.24824,3.06229,2343.689,13.752,0.062
orange,19,88,17.6,10.09756,3.07479,2368.506,13.902,0.075
orange,19,89,17.8,9.93011,3.04422,2401.421,14.07,0.044
orange,19,90,18.0,9.78182,3.04322,2419.165,14.218,0.043
orange,19,91,18.2,9.60855,3.08284,2449.558,14.391,0.083
orange,19,92,18.4,9.45262,3.08788,2473.354,14.547,0.088
orange,19,93,18.6,9.27624,3.05023,2508.28,14.724,0.05
orange,19,94,18.8,9.14011,3.03268,2527.853,14.86,0.033
orange,19,95,19.0,8.98188,3.04139,2550.763,15.018,0.041
orange,19,96,19.2,8.82656,3.0529,2581.009,15.173,0.053
orange,19,97,19.4,8.64933,3.03607,2614.707,15.351,0.036
orange,19,98,19.6,8.50436,3.05751,2630.968,15.496,0.058
orange,19,99,19.8,8.37167,3.15115,2655.19,15.735,0.073
orange,19,100,20.0,8.26552,3.24645,2686.299,15.876,0.05
orange,19,101,20.2,8.14361,3.34129,2703.799,16.027,0.015
orange,19,102,20.4,8.03699,3.43643,2732.481,16.168,0.008
orange,19,103,20.6,7.95116,3.56912,2751.588,16.325,0.009
orange,19,104,20.8,7.87506,3.71623,2785.654,16.487,0.042
orange,19,105,21.0,7.76909,3.83077,2807.834,16.643,0.032
orange,19,106,21.2,7.65406,3.94098,2839.61,16.801,0.011
orange,19,107,21.4,7.56922,4.06972,2857.164,16.954,0.026
orange,19,108,21.6,7.48586,4.22177,2886.239,17.125,0.057
orange,19,109,21.8,7.35317,4.33882,2909.949,17.299,0.027
orange,19,110,22.0,7.22425,4.44795,2950.066,17.465,0.004
orange,19,111,22.2,7.14282,4.58057,2971.57,17.62,0.016
orange,19,112,22.4,7.06768,4.71714,3003.053,17.773,0.043
orange,19,113,22.6,6.95745,4.8342,3026.179,17.933,0.031
orange,19,114,22.8,6.83967,4.94052,3056.073,18.09,0.006
orange,19,115,23.0,6.75908,5.02634,3072.858,18.207,0.002
orange,19,116,23.2,6.68303,5.09468,3093.711,18.308,0.019
orange,19,117,23.4,6.61722,5.15801,3113.507,18.399,0.03
orange,19,118,23.6,6.54628,5.18193,3136.709,18.462,0.07
orange,19,119,23.8,6.45168,5.17626,3166.589,18.517,0.147
orange,19,120,24.0,6.34882,5.20186,3189.513,18.602,0.211
orange,19,121,24.2,6.23257,5.26344,3222.463,18.723,0.263
orange,19,122,24.4,6.1517,5.33536,3245.934,18.83,0.281
orange,19,123,24.6,6.08133,5.42214,3271.207,18.941,0.281
orange,19,124,24.8,6.00487,5.55646,3296.134,19.094,0.256
orange,19,125,25.0,5.91029,5.70436,3330.432,19.268,0.236
orange,19,126,25.2,5.84095,5.81216,3347.321,19.396,0.223
orange,19,127,25.4,5.7685,5.93597,3364.156,19.538,0.201
orange,19,128,25.6,5.71268,6.05111,3387.585,19.662,0.172
orange,19,129,25.8,5.63645,6.20092,3408.338,19.827,0.137
orange,19,130,26.0,5.55905,6.34484,3440.891,19.987,0.107
orange,19,131,26.2,5.49663,6.49567,3457.265,20.144,0.061
orange,19,132,26.4,5.44152,6.66425,3489.664,20.309,0.002
orange,19,133,26.6,5.35473,6.81489,3509.417,20.481,0.03
orange,19,134,26.8,5.26353,6.96137,3547.363,20.652,0.051
orange,19,135,27.0,5.17742,7.14521,3572.135,20.85,0.099
orange,19,136,27.2,5.08641,7.29754,3610.365,21.025,0.124
orange,19,137,27.4,4.95284,7.41928,3638.112,21.204,0.097
orange,19,138,27.6,4.84823,7.53022,3670.279,21.356,0.085
orange,19,139,27.8,4.76381,7.68734,3694.044,21.531,0.118
orange,19,140,28.0,4.68309,7.81875,3730.963,21.684,0.138
orange,19,141,28.2,4.54165,7.92552,3754.673,21.856,0.095
orange,19,142,28.4,4.42863,8.01605,3792.141,21.998,0.064
orange,19,143,28.6,4.3351,8.13385,3811.29,22.148,0.066
orange,19,144,28.8,4.25354,8.26105,3841.45,22.298,0.082
orange,19,145,29.0,4.1461,8.3708,3863.879,22.451,0.068
orange,19,146,29.2,4.02609,8.47894,3898.483,22.611,0.042
orange,19,147,29.4,3.93756,8.59534,3915.048,22.757,0.047
orange,19,148,29.6,3.85142,8.74356,3950.003,22.926,0.073
orange,19,149,29.8,3.72333,8.85338,3975.253,23.092,0.042
orange,19,150,30.0,3.57925,8.9539,4009.265,23.261,0.007
orange,19,151,30.2,3.48113,9.07369,4025.354,23.416,0.008
orange,19,152,30.4,3.39176,9.21095,4053.016,23.579,0.009
orange,19,153,30.6,3.2625,9.32089,4079.873,23.745,0.022
orange,19,154,30.8,3.13692,9.43179,4123.467,23.911,0.05
orange,19,155,31.0,3.05823,9.58314,4144.404,24.078,0.016
orange,19,156,31.2,2.99237,9.73812,4181.511,24.24,0.03
orange,19,157,31.4,2.90436,9.86012,4202.524,24.39,0.038
orange,19,158,31.6,2.81018,9.97194,4232.177,24.536,0.035
orange,19,159,31.8,2.7277,10.09887,4252.024,24.687,0.051
orange,19,160,32.0,2.65143,10.23876,4284.26,24.843,0.079
orange,19,161,32.2,2.56233,10.35732,4306.649,25.007,0.082
orange,19,162,32.4,2.44457,10.48336,4338.438,25.174,0.037
orange,19,163,32.6,2.37092,10.59908,4355.782,25.311,0.026
orange,19,164,32.8,2.31859,10.75214,4385.889,25.471,0.052
orange,19,165,33.0,2.25065,10.88614,4408.959,25.621,0.055
orange,19,166,33.2,2.1313,11.02903,4443.178,25.803,0.017
orange,19,167,33.4,2.06306,11.14997,4463.058,25.942,0.013
orange,19,168,33.6,2.01676,11.30981,4486.718,26.105,0.048
orange,19,169,33.8,1.9721,11.44539,4518.637,26.245,0.072
orange,19,170,34.0,1.88094,11.5776,4540.105,26.405,0.053
orange,19,171,34.2,1.79856,11.7026,4570.006,26.554,0.039
orange,19,172,34.4,1.73934,11.8543,4591.184,26.716,0.058
orange,19,173,34.6,1.68983,12.00786,4626.319,26.874,0.087
orange,19,174,34.8,1.60306,12.13811,4648.49,27.03,0.071
orange,19,175,35.0,1.50348,12.26149,4678.903,27.186,0.041
orange,19,176,35.2,1.43853,12.38646,4696.713,27.327,0.043
orange,19,177,35.4,1.38311,12.54366,4728.681,27.492,0.068
orange,19,178,35.6,1.3084,12.6734,4753.922,27.641,0.063
orange,19,179,35.8,1.20702,12.80512,4785.906,27.805,0.035
orange,19,180,36.0,1.1507,12.93635,4808.945,27.947,0.047
orange,19,181,36.2,1.11095,13.10666,4842.503,28.116,0.092
orange,19,182,36.4,1.03866,13.22938,4868.379,28.259,0.085
orange,19,183,36.6,0.9283,13.35526,4903.337,28.422,0.047
orange,19,184,36.8,0.86424,13.48818,4923.209,28.569,0.053
orange,19,185,37.0,0.81894,13.65287,4956.211,28.736,0.09
orange,19,186,37.2,0.73778,13.79023,4981.673,28.895,0.083
orange,19,187,37.4,0.63125,13.92579,5024.87,29.065,0.053
orange,19,188,37.6,0.57689,14.0641,5047.144,29.212,0.07
orange,19,189,37.8,0.53573,14.23833,5081.859,29.386,0.115
orange,19,190,38.0,0.45281,14.36819,5107.941,29.539,0.103
orange,19,191,38.2,0.34229,14.48915,5144.939,29.698,0.062
orange,19,192,38.4,0.27483,14.60581,5161.857,29.833,0.058
orange,20,0,0.0,24.0,3.0,0.0,0.0,0.0
orange,20,1,0.2,23.97834,3.00093,25.345,0.022,0.001
orange,20,2,0.4,23.89994,3.01901,49.844,0.1,0.019
orange,20,3,0.6,23.75397,3.04487,84.206,0.246,0.045
orange,20,4,0.8,23.62845,3.05625,103.872,0.372,0.056
orange,20,5,1.0,23.47321,3.06063,124.241,0.527,0.061
orange,20,6,1.2,23.32685,3.06225,148.4,0.673,0.062
orange,20,7,1.4,23.15556,3.03821,168.555,0.844,0.038
orange,20,8,1.6,22.99696,3.01783,197.132,1.003,0.018
orange,20,9,1.8,22.83666,3.02492,214.119,1.163,0.025
orange,20,10,2.0,22.66605,3.0476,245.026,1.334,0.048
orange,20,11,2.2,22.49018,3.03355,265.978,1.51,0.034
orange,20,12,2.4,22.31765,3.01631,302.553,1.682,0.016
orange,20,13,2.6,22.13611,3.03953,323.656,1.864,0.04
orange,20,14,2.8,21.95367,3.06347,357.39,2.046,0.063
orange,20,15,3.0,21.76795,3.03879,380.024,2.232,0.039
orange,20,16,3.2,21.5857,3.0298,418.058,2.414,0.03
orange,20,17,3.4,21.38041,3.06256,454.15,2.62,0.063
orange,20,18,3.6,21.20004,3.06928,481.132,2.8,0.069
orange,20,19,3.8,21.03468,3.04633,521.8,2.965,0.046
orange,20,20,4.0,20.90739,3.03703,537.746,3.093,0.037
orange,20,21,4.2,20.75711,3.04592,558.782,3.243,0.046
orange,20,22,4.4,20.62217,3.04729,588.55,3.378,0.047
orange,20,23,4.6,20.44101,3.01146,613.269,3.559,0.011
orange,20,24,4.8,20.28737,2.98415,646.788,3.713,0.016
orange,20,25,5.0,20.13912,2.99171,666.59,3.861,0.008
orange,20,26,5.2,19.98385,3.01343,696.424,4.016,0.013
orange,20,27,5.4,19.83175,2.99718,721.727,4.168,0.003
orange,20,28,5.6,19.66938,2.97207,758.457,4.331,0.028
orange,20,29,5.8,19.51712,2.98908,773.334,4.483,0.011
orange,20,30,6.0,19.35616,3.03613,808.755,4.644,0.036
orange,20,31,6.2,19.19342,3.02902,836.965,4.807,0.029
orange,20,32,6.4,19.01949,2.99414,870.346,4.981,0.006
orange,20,33,6.6,18.87873,3.00239,885.756,5.121,0.002
orange,20,34,6.8,18.73187,3.02562,911.644,5.268,0.026
orange,20,35,7.0,18.57736,3.01521,935.271,5.423,0.015
orange,20,36,7.2,18.41776,2.99799,969.102,5.582,0.002
orange,20,37,7.4,18.27186,3.0063,984.984,5.728,0.006
orange,20,38,7.6,18.10602,3.03588,1013.881,5.894,0.036
orange,20,39,7.8,17.93926,3.02369,1037.193,6.061,0.024
orange,20,40,8.0,17.76768,2.98552,1077.492,6.232,0.014
orange,20,41,8.2,17.63195,2.98035,1094.278,6.368,0.02
orange,20,42,8.4,17.47108,3.00299,1125.207,6.529,0.003
orange,20,43,8.6,17.32078,3.00642,1148.483,6.679,0.006
orange,20,44,8.8,17.13735,2.97525,1185.641,6.863,0.025
orange,20,45,9.0,16.99295,2.97396,1203.6,7.007,0.026
orange,20,46,9.2,16.83204,3.01061,1226.335,7.168,0.011
orange,20,47,9.4,16.69089,3.04168,1256.23,7.309,0.042
orange,20,48,9.6,16.52682,3.03164,1276.98,7.473,0.032
orange,20,49,9.8,16.38219,3.02159,1306.791,7.618,0.022
orange,20,50,10.0,16.23686,3.03078,1325.932,7.763,0.031
orange,20,51,10.2,16.07564,3.04873,1354.047,7.924,0.049
orange,20,52,10.4,15.89781,3.0196,1378.71,8.102,0.02
orange,20,53,10.6,15.71931,2.99008,1420.088,8.281,0.01
orange,20,54,10.8,15.55922,3.01029,1442.084,8.441,0.01
orange,20,55,11.0,15.39619,3.05313,1479.104,8.604,0.053
orange,20,56,11.2,15.25314,3.04357,1505.411,8.747,0.044
orange,20,57,11.4,15.08747,3.00905,1538.592,8.913,0.009
orange,20,58,11.6,14.93884,3.01355,1558.124,9.061,0.014
orange,20,59,11.8,14.77116,3.04917,1592.49,9.229,0.049
orange,20,60,12.0,14.6273,3.05836,1613.587,9.373,0.058
orange,20,61,12.2,14.47304,3.05143,1645.002,9.527,0.051
orange,20,62,12.4,14.3171,3.06803,1661.157,9.683,0.068
orange,20,63,12.6,14.14229,3.10987,1695.013,9.858,0.11
orange,20,64,12.8,13.97949,3.10088,1719.341,10.021,0.101
orange,20,65,13.0,13.80298,3.06343,1755.213,10.197,0.063
orange,20,66,13.2,13.65716,3.06324,1773.181,10.343,0.063
orange,20,67,13.4,13.48831,3.09247,1801.754,10.512,0.092
orange,20,68,13.6,13.33092,3.07475,1823.791,10.669,0.075
orange,20,69,13.8,13.15831,3.02234,1854.556,10.842,0.022
orange,20,70,14.0,13.00241,3.01965,1872.895,10.998,0.02
orange,20,71,14.2,12.83803,3.05136,1905.35,11.162,0.051
orange,20,72,14.4,12.67809,3.03621,1930.968,11.322,0.036
orange,20,73,14.6,12.51207,2.99765,1963.632,11.488,0.002
orange,20,74,14.8,12.36706,3.00142,1980.668,11.633,0.001
orange,20,75,15.0,12.20055,3.03463,2010.811,11.799,0.035
orange,20,76,15.2,12.04263,3.02773,2034.084,11.957,0.028
orange,20,77,15.4,11.86875,2.99554,2066.373,12.131,0.004
orange,20,78,15.6,11.70766,3.01857,2086.978,12.292,0.019
orange,20,79,15.8,11.52931,3.08073,2122.599,12.471,0.081
orange,20,80,16.0,11.36854,3.08169,2148.471,12.631,0.082
orange,20,81,16.2,11.20426,3.05521,2186.619,12.796,0.055
orange,20,82,16.4,11.06709,3.05197,2202.865,12.933,0.052
orange,20,83,16.6,10.90083,3.07663,2234.153,13.099,0.077
orange,20,84,16.8,10.74921,3.07158,2258.243,13.251,0.072
orange,20,85,17.0,10.57425,3.02784,2292.868,13.426,0.028
orange,20,86,17.2,10.42568,3.0222,2310.816,13.574,0.022
orange,20,87,17.4,10.24824,3.06229,2343.689,13.752,0.062
orange,20,88,17.6,10.09756,3.07479,2368.506,13.902,0.075
orange,20,89,17.8,9.93011,3.04422,2401.421,14.07,0.044
orange,20,90,18.0,9.78182,3.04322,2419.165,14.218,0.043
orange,20,91,18.2,9.60855,3.08284,2449.558,14.391,0.083
orange,20,92,18.4,9.45262,3.08788,2473.354,14.547,0.088
orange,20,93,18.6,9.27624,3.05023,2508.28,14.724,0.05
orange,20,94,18.8,9.14011,3.03268,2527.853,14.86,0.033
orange,20,95,19.0,8.98188,3.04139,2550.763,15.018,0.041
orange,20,96,19.2,8.82656,3.0529,2581.009,15.173,0.053
orange,20,97,19.4,8.64933,3.03607,2614.707,15.351,0.036
orange,20,98,19.6,8.50436,3.05751,2630.968,15.496,0.058
orange,20,99,19.8,8.37167,3.15115,2655.19,15.735,0.073
orange,20,100,20.0,8.26552,3.24645,2686.299,15.876,0.05
orange,20,101,20.2,8.14361,3.34129,2703.799,16.027,0.015
orange,20,102,20.4,8.03699,3.43643,2732.481,16.168,0.008
orange,20,103,20.6,7.95116,3.56912,2751.588,16.325,0.009
orange,20,104,20.8,7.87506,3.71623,2785.654,16.487,0.042
orange,20,105,21.0,7.76909,3.83077,2807.834,16.643,0.032
orange,20,106,21.2,7.65406,3.94098,2839.61,16.801,0.011
orange,20,107,21.4,7.56922,4.06972,2857.164,16.954,0.026
orange,20,108,21.6,7.48586,4.22177,2886.239,17.125,0.057
orange,20,109,21.8,7.35317,4.33882,2909.949,17.299,0.027
orange,20,110,22.0,7.22423,4.44786,2949.992,17.465,0.004
orange,20,111,22.2,7.14261,4.58033,2970.651,17.619,0.015
orange,20,112,22.4,7.06585,4.71727,3001.802,17.774,0.042
orange,20,113,22.6,6.95256,4.83496,3025.232,17.937,0.028
orange,20,114,22.8,6.83315,4.94266,3055.454,18.096,0.003
orange,20,115,23.0,6.75993,5.02188,3070.863,18.203,0.005
orange,20,116,23.2,6.69184,5.08058,3090.174,18.292,0.021
orange,20,117,23.4,6.63757,5.13482,3107.321,18.368,0.029
orange,20,118,23.6,6.58238,5.16759,3130.051,18.428,0.051
orange,20,119,23.8,6.50178,5.18561,3154.263,18.493,0.102
orange,20,120,24.0,6.42654,5.19543,3182.029,18.548,0.155
orange,20,121,24.2,6.3361,5.17457,3209.055,18.589,0.238
orange,20,122,24.4,6.22105,5.14189,3249.412,18.635,0.348
orange,20,123,24.6,6.10152,5.17184,3271.347,18.734,0.422
orange,20,124,24.8,6.01656,5.23655,3306.632,18.838,0.448
orange,20,125,25.0,5.96538,5.32738,3333.758,18.94,0.431
orange,20,126,25.2,5.9368,5.44042,3354.56,19.046,0.382
orange,20,127,25.4,5.88513,5.60214,3379.169,19.205,0.32
orange,20,128,25.6,5.83606,5.71742,3412.687,19.325,0.286
orange,20,129,25.8,5.77299,5.83621,3431.601,19.457,0.26
orange,20,130,26.0,5.7117,5.95569,3451.481,19.589,0.233
orange,20,131,26.2,5.64551,6.10182,3474.317,19.744,0.193
orange,20,132,26.4,5.56468,6.25987,3508.563,19.918,0.156
orange,20,133,26.6,5.50899,6.4035,3525.16,20.064,0.109
orange,20,134,26.8,5.46543,6.57685,3555.418,20.226,0.034
orange,20,135,27.0,5.3898,6.72958,3578.059,20.393,0.003
orange,20,136,27.2,5.29078,6.87504,3612.949,20.568,0.018
orange,20,137,27.4,5.20529,7.04181,3631.951,20.752,0.056
orange,20,138,27.6,5.12255,7.20504,3673.002,20.931,0.094
orange,20,139,27.8,5.01111,7.33165,3694.506,21.099,0.087
orange,20,140,28.0,4.8997,7.4575,3742.92,21.267,0.08
orange,20,141,28.2,4.82305,7.62373,3767.104,21.444,0.124
orange,20,142,28.4,4.74432,7.77657,3804.116,21.613,0.159
orange,20,143,28.6,4.58693,7.88289,3833.509,21.794,0.104
orange,20,144,28.8,4.46277,7.96605,3867.092,21.937,0.059
orange,20,145,29.0,4.36489,8.06109,3885.983,22.073,0.043
orange,20,146,29.2,4.2731,8.17142,3914.676,22.216,0.041
orange,20,147,29.4,4.17311,8.27068,3939.611,22.356,0.026
orange,20,148,29.6,4.04124,8.37777,3969.481,22.522,0.01
orange,20,149,29.8,3.95026,8.47633,3982.694,22.656,0.018
orange,20,150,30.0,3.86971,8.61403,4004.907,22.814,0.006
orange,20,151,30.2,3.79805,8.72908,4034.218,22.948,0.022
orange,20,152,30.4,3.68182,8.85085,4056.42,23.116,0.008
orange,20,153,30.6,3.57709,8.96151,4088.397,23.268,0.004
orange,20,154,30.8,3.4976,9.08633,4107.423,23.415,0.013
orange,20,155,31.0,3.42058,9.22287,4136.334,23.57,0.039
orange,20,156,31.2,3.29694,9.34145,4159.234,23.74,0.017
orange,20,157,31.4,3.16477,9.46066,4201.723,23.916,0.011
orange,20,158,31.6,3.07422,9.60203,4220.434,24.082,0.008
orange,20,159,31.8,2.99489,9.75496,4254.334,24.251,0.042
orange,20,160,32.0,2.88528,9.87404,4276.4,24.413,0.032
orange,20,161,32.2,2.77695,9.9913,4311.483,24.572,0.021
orange,20,162,32.4,2.70415,10.13538,4331.097,24.73,0.055
orange,20,163,32.6,2.6309,10.28678,4364.59,24.894,0.093
orange,20,164,32.8,2.50971,10.41124,4388.901,25.08,0.061
orange,20,165,33.0,2.39746,10.52571,4429.662,25.234,0.015
orange,20,166,33.2,2.3391,10.66827,4451.037,25.387,0.031
orange,20,167,33.4,2.28457,10.82695,4485.983,25.553,0.057
orange,20,168,33.6,2.17843,10.9682,4509.236,25.727,0.03
orange,20,169,33.8,2.07534,11.09134,4546.269,25.884,0.003
orange,20,170,34.0,2.01289,11.22722,4565.609,26.034,0.005
orange,20,171,34.2,1.9654,11.38373,4597.03,26.194,0.037
orange,20,172,34.4,1.89416,11.51797,4620.415,26.346,0.037
orange,20,173,34.6,1.79916,11.65876,4656.842,26.515,0.019
orange,20,174,34.8,1.74381,11.78966,4674.489,26.656,0.032
orange,20,175,35.0,1.70272,11.9627,4705.822,26.829,0.077
orange,20,176,35.2,1.63849,12.0975,4730.628,26.978,0.084
orange,20,177,35.4,1.51851,12.23087,4767.022,27.152,0.04
orange,20,178,35.6,1.44439,12.35259,4788.555,27.294,0.032
orange,20,179,35.8,1.39377,12.51834,4817.193,27.464,0.065
orange,20,180,36.0,1.32773,12.65419,4842.61,27.615,0.071
orange,20,181,36.2,1.21694,12.78818,4873.691,27.785,0.036
orange,20,182,36.4,1.13926,12.91737,4889.728,27.936,0.028
orange,20,183,36.6,1.08917,13.08475,4920.397,28.107,0.062
orange,20,184,36.8,1.02346,13.2242,4945.083,28.261,0.07
orange,20,185,37.0,0.90392,13.36356,4979.259,28.44,0.03
orange,20,186,37.2,0.83125,13.48937,4999.103,28.586,0.024
orange,20,187,37.4,0.78419,13.64941,5029.125,28.749,0.058
orange,20,188,37.6,0.72807,13.78255,5051.659,28.893,0.071
orange,20,189,37.8,0.62887,13.91858,5078.35,29.06,0.047
orange,20,190,38.0,0.55391,14.04659,5101.352,29.208,0.041
orange,20,191,38.2,0.51068,14.21518,5126.611,29.377,0.082
orange,20,192,38.4,0.46077,14.35871,5158.115,29.527,0.106
orange,20,193,38.6,0.34417,14.49234,5181.952,29.7,0.065
orange,20,194,38.8,0.25343,14.61198,5216.681,29.848,0.042
yellow,1,0,0.0,24.0,3.0,0.0,0.0,0.0
yellow,1,1,0.2,23.97834,3.00093,25.345,0.022,0.001
yellow,1,2,0.4,23.89994,3.01901,49.844,0.1,0.019
yellow,1,3,0.6,23.75397,3.04487,84.206,0.246,0.045
yellow,1,4,0.8,23.62845,3.05625,103.872,0.372,0.056
yellow,1,5,1.0,23.47321,3.06063,124.241,0.527,0.061
yellow,1,6,1.2,23.32685,3.06225,148.4,0.673,0.062
yellow,1,7,1.4,23.15556,3.03821,168.555,0.844,0.038
yellow,1,8,1.6,22.99696,3.01783,197.132,1.003,0.018
yellow,1,9,1.8,22.83666,3.02492,214.119,1.163,0.025
yellow,1,10,2.0,22.66605,3.0476,245.026,1.334,0.048
yellow,1,11,2.2,22.49018,3.03355,265.978,1.51,0.034
yellow,1,12,2.4,22.31765,3.01631,302.553,1.682,0.016
yellow,1,13,2.6,22.13611,3.03953,323.656,1.864,0.04
yellow,1,14,2.8,21.95367,3.06347,357.39,2.046,0.063
yellow,1,15,3.0,21.76795,3.03879,380.024,2.232,0.039
yellow,1,16,3.2,21.5857,3.0298,418.058,2.414,0.03
yellow,1,17,3.4,21.38041,3.06256,454.15,2.62,0.063
yellow,1,18,3.6,21.20004,3.06928,481.132,2.8,0.069
yellow,1,19,3.8,21.03468,3.04633,521.8,2.965,0.046
yellow,1,20,4.0,20.90739,3.03703,537.746,3.093,0.037
yellow,1,21,4.2,20.75711,3.04592,558.782,3.243,0.046
yellow,1,22,4.4,20.62217,3.04729,588.55,3.378,0.047
yellow,1,23,4.6,20.44101,3.01146,613.269,3.559,0.011
yellow,1,24,4.8,20.28737,2.98415,646.788,3.713,0.016
yellow,1,25,5.0,20.13912,2.99171,666.59,3.861,0.008
yellow,1,26,5.2,19.98385,3.01343,696.424,4.016,0.013
yellow,1,27,5.4,19.83175,2.99718,721.727,4.168,0.003
yellow,1,28,5.6,19.66938,2.97207,758.457,4.331,0.028
yellow,1,29,5.8,19.51712,2.98908,773.334,4.483,0.011
yellow,1,30,6.0,19.35616,3.03613,808.755,4.644,0.036
yellow,1,31,6.2,19.19342,3.02902,836.965,4.807,0.029
yellow,1,32,6.4,19.01949,2.99414,870.346,4.981,0.006
yellow,1,33,6.6,18.87873,3.00239,885.756,5.121,0.002
yellow,1,34,6.8,18.73187,3.02562,911.644,5.268,0.026
yellow,1,35,7.0,18.57736,3.01521,935.271,5.423,0.015
yellow,1,36,7.2,18.41776,2.99799,969.102,5.582,0.002
yellow,1,37,7.4,18.27186,3.0063,984.984,5.728,0.006
yellow,1,38,7.6,18.10602,3.03588,1013.881,5.894,0.036
yellow,1,39,7.8,17.93926,3.02369,1037.193,6.061,0.024
yellow,1,40,8.0,17.76768,2.98552,1077.492,6.232,0.014
yellow,1,41,8.2,17.63195,2.98035,1094.278,6.368,0.02
yellow,1,42,8.4,17.47108,3.00299,1125.207,6.529,0.003
yellow,1,43,8.6,17.32078,3.00642,1148.483,6.679,0.006
yellow,1,44,8.8,17.13735,2.97525,1185.641,6.863,0.025
yellow,1,45,9.0,16.99295,2.97396,1203.6,7.007,0.026
yellow,1,46,9.2,16.83204,3.01061,1226.335,7.168,0.011
yellow,1,47,9.4,16.69089,3.04168,1256.23,7.309,0.042
yellow,1,48,9.6,16.52682,3.03164,1276.98,7.473,0.032
yellow,1,49,9.8,16.38219,3.02159,1306.791,7.618,0.022
yellow,1,50,10.0,16.23686,3.03078,1325.932,7.763,0.031
yellow,1,51,10.2,16.07564,3.04873,1354.047,7.924,0.049
yellow,1,52,10.4,15.89781,3.0196,1378.71,8.102,0.02
yellow,1,53,10.6,15.71931,2.99008,1420.088,8.281,0.01
yellow,1,54,10.8,15.55922,3.01029,1442.084,8.441,0.01
yellow,1,55,11.0,15.39619,3.05313,1479.104,8.604,0.053
yellow,1,56,11.2,15.25314,3.04357,1505.411,8.747,0.044
yellow,1,57,11.4,15.08747,3.00905,1538.592,8.913,0.009
yellow,1,58,11.6,14.93884,3.01355,1558.124,9.061,0.014
yellow,1,59,11.8,14.77116,3.04917,1592.49,9.229,0.049
yellow,1,60,12.0,14.6273,3.05836,1613.587,9.373,0.058
yellow,1,61,12.2,14.47304,3.05143,1645.002,9.527,0.051
yellow,1,62,12.4,14.3171,3.06803,1661.157,9.683,0.068
yellow,1,63,12.6,14.14229,3.10987,1695.013,9.858,0.11
yellow,1,64,12.8,13.97949,3.10088,1719.341,10.021,0.101
yellow,1,65,13.0,13.80298,3.06343,1755.213,10.197,0.063
yellow,1,66,13.2,13.65716,3.06324,1773.181,10.343,0.063
yellow,1,67,13.4,13.48831,3.09247,1801.754,10.512,0.092
yellow,1,68,13.6,13.33092,3.07475,1823.791,10.669,0.075
yellow,1,69,13.8,13.15831,3.02234,1854.556,10.842,0.022
yellow,1,70,14.0,13.00241,3.01965,1872.895,10.998,0.02
yellow,1,71,14.2,12.83803,3.05136,1905.35,11.162,0.051
yellow,1,72,14.4,12.67809,3.03621,1930.968,11.322,0.036
yellow,1,73,14.6,12.51207,2.99765,1963.632,11.488,0.002
yellow,1,74,14.8,12.36706,3.00142,1980.668,11.633,0.001
yellow,1,75,15.0,12.20055,3.03463,2010.811,11.799,0.035
yellow,1,76,15.2,12.04263,3.02773,2034.084,11.957,0.028
yellow,1,77,15.4,11.86875,2.99554,2066.373,12.131,0.004
yellow,1,78,15.6,11.70766,3.01857,2086.978,12.292,0.019
yellow,1,79,15.8,11.52931,3.08073,2122.599,12.471,0.081
yellow,1,80,16.0,11.36854,3.08169,2148.471,12.631,0.082
yellow,1,81,16.2,11.20426,3.05521,2186.619,12.796,0.055
yellow,1,82,16.4,11.06709,3.05197,2202.865,12.933,0.052
yellow,1,83,16.6,10.90083,3.07663,2234.153,13.099,0.077
yellow,1,84,16.8,10.74921,3.07158,2258.243,13.251,0.072
yellow,1,85,17.0,10.57425,3.02784,2292.868,13.426,0.028
yellow,1,86,17.2,10.42568,3.0222,2310.816,13.574,0.022
yellow,1,87,17.4,10.24824,3.06229,2343.689,13.752,0.062
yellow,1,88,17.6,10.09756,3.07479,2368.506,13.902,0.075
yellow,1,89,17.8,9.93011,3.04422,2401.421,14.07,0.044
yellow,1,90,18.0,9.78182,3.04322,2419.165,14.218,0.043
yellow,1,91,18.2,9.60855,3.08284,2449.558,14.391,0.083
yellow,1,92,18.4,9.45262,3.08788,2473.354,14.547,0.088
yellow,1,93,18.6,9.27624,3.05023,2508.28,14.724,0.05
yellow,1,94,18.8,9.14011,3.03268,2527.853,14.86,0.033
yellow,1,95,19.0,8.98125,3.04011,2551.571,15.019,0.04
yellow,1,96,19.2,8.82472,3.0441,2577.715,15.175,0.044
yellow,1,97,19.4,8.64269,3.00059,2603.259,15.357,0.001
yellow,1,98,19.6,8.49004,2.9816,2634.425,15.51,0.018
yellow,1,99,19.8,8.32827,3.01766,2661.142,15.672,0.018
yellow,1,100,20.0,8.18748,3.05327,2698.538,15.813,0.053
yellow,1,101,20.2,8.04502,3.04633,2720.013,15.955,0.046
yellow,1,102,20.4,7.90965,3.03726,2754.0,16.09,0.037
yellow,1,103,20.6,7.76275,3.0519,2774.66,16.237,0.052
yellow,1,104,20.8,7.6028,3.08003,2805.156,16.397,0.08
yellow,1,105,21.0,7.45111,3.06181,2828.814,16.549,0.062
yellow,1,106,21.2,7.29194,3.02836,2860.249,16.708,0.028
yellow,1,107,21.4,7.15118,3.02078,2874.021,16.849,0.021
yellow,1,108,21.6,6.99664,3.03992,2903.258,17.003,0.04
yellow,1,109,21.8,6.86912,3.03876,2927.305,17.131,0.039
yellow,1,110,22.0,6.7021,3.01303,2955.024,17.298,0.013
yellow,1,111,22.2,6.55813,3.01284,2974.028,17.442,0.013
yellow,1,112,22.4,6.39296,3.06009,3000.177,17.607,0.06
yellow,1,113,22.6,6.23836,3.10186,3030.32,17.762,0.102
yellow,1,114,22.8,6.06323,3.10233,3056.822,17.937,0.102
yellow,1,115,23.0,5.92411,3.12516,3082.098,18.121,0.089
yellow,1,116,23.2,5.78035,3.20704,3107.697,18.297,0.096
yellow,1,117,23.4,5.64145,3.28599,3137.78,18.461,0.087
yellow,1,118,23.6,5.47049,3.34471,3159.823,18.639,0.031
yellow,1,119,23.8,5.34235,3.41289,3189.567,18.782,0.001
yellow,1,120,24.0,5.24308,3.55315,3217.06,18.951,0.037
yellow,1,121,24.2,5.14711,3.68176,3248.78,19.111,0.06
yellow,1,122,24.4,5.01234,3.7863,3269.809,19.281,0.033
yellow,1,123,24.6,4.8976,3.88981,3298.16,19.435,0.016
yellow,1,124,24.8,4.81307,4.03253,3321.06,19.599,0.044
yellow,1,125,25.0,4.72674,4.17431,3350.291,19.765,0.066
yellow,1,126,25.2,4.58962,4.29225,3373.522,19.943,0.03
yellow,1,127,25.4,4.47922,4.41,3401.275,20.104,0.013
yellow,1,128,25.6,4.40588,4.56811,3428.513,20.275,0.046
yellow,1,129,25.8,4.33147,4.69322,3456.219,20.421,0.057
yellow,1,130,26.0,4.20175,4.8154,3482.717,20.596,0.02
yellow,1,131,26.2,4.10451,4.9237,3514.316,20.74,0.001
yellow,1,132,26.4,4.03203,5.07043,3535.94,20.903,0.019
yellow,1,133,26.6,3.95638,5.19935,3563.458,21.052,0.026
yellow,1,134,26.8,3.82548,5.31655,3586.267,21.221,0.023
yellow,1,135,27.0,3.69817,5.42577,3617.403,21.398,0.049
yellow,1,136,27.2,3.59518,5.5469,3633.891,21.555,0.03
yellow,1,137,27.4,3.49863,5.6738,3661.76,21.712,0.003
yellow,1,138,27.6,3.37227,5.78907,3683.622,21.883,0.008
yellow,1,139,27.8,3.23475,5.9026,3715.76,22.061,0.024
yellow,1,140,28.0,3.13642,6.03261,3735.359,22.222,0.004
yellow,1,141,28.2,3.04432,6.17961,3769.989,22.393,0.03
yellow,1,142,28.4,2.91696,6.29761,3791.944,22.566,0.015
yellow,1,143,28.6,2.78648,6.41285,3826.043,22.739,0.007
yellow,1,144,28.8,2.70206,6.55428,3845.908,22.901,0.02
yellow,1,145,29.0,2.62501,6.71313,3878.396,23.074,0.061
yellow,1,146,29.2,2.50438,6.84084,3900.623,23.25,0.043
yellow,1,147,29.4,2.39035,6.95728,3938.353,23.413,0.021
yellow,1,148,29.6,2.31649,7.09677,3957.958,23.57,0.04
yellow,1,149,29.8,2.24681,7.25451,3988.809,23.742,0.068
yellow,1,150,30.0,2.13333,7.3904,4010.937,23.918,0.043
yellow,1,151,30.2,2.02937,7.51412,4048.041,24.079,0.015
yellow,1,152,30.4,1.97181,7.66002,4067.816,24.235,0.032
yellow,1,153,30.6,1.922,7.82512,4099.077,24.407,0.06
yellow,1,154,30.8,1.82815,7.97599,4121.237,24.585,0.035
yellow,1,155,31.0,1.74342,8.11489,4157.64,24.746,0.006
yellow,1,156,31.2,1.71151,8.27061,4177.791,24.904,0.026
yellow,1,157,31.4,1.69034,8.44234,4209.661,25.078,0.052
yellow,1,158,31.6,1.62275,8.60562,4231.815,25.253,0.023
yellow,1,159,31.8,1.55577,8.76075,4268.868,25.419,0.004
yellow,1,160,32.0,1.53823,8.92283,4288.764,25.581,0.018
yellow,1,161,32.2,1.53138,9.09823,4320.421,25.753,0.054
yellow,1,162,32.4,1.46986,9.26321,4342.57,25.928,0.035
yellow,1,163,32.6,1.40907,9.41265,4381.961,26.087,0.012
yellow,1,164,32.8,1.38899,9.56697,4401.111,26.242,0.03
yellow,1,165,33.0,1.37729,9.73815,4430.316,26.411,0.06
yellow,1,166,33.2,1.31022,9.89721,4454.258,26.582,0.033
yellow,1,167,33.4,1.2383,10.05744,4489.11,26.754,0.003
yellow,1,168,33.6,1.22015,10.22157,4509.182,26.918,0.025
yellow,1,169,33.8,1.21204,10.38783,4540.032,27.081,0.057
yellow,1,170,34.0,1.15758,10.54522,4563.333,27.247,0.043
yellow,1,171,34.2,1.09502,10.70578,4600.331,27.418,0.021
yellow,1,172,34.4,1.07916,10.86495,4620.356,27.576,0.044
yellow,1,173,34.6,1.0714,11.0295,4650.195,27.738,0.076
yellow,1,174,34.8,1.00493,11.19204,4672.847,27.912,0.051
yellow,1,175,35.0,0.93652,11.34392,4711.972,28.076,0.022
yellow,1,176,35.2,0.91123,11.49199,4731.507,28.225,0.033
yellow,1,177,35.4,0.89788,11.65613,4761.237,28.388,0.06
yellow,1,178,35.6,0.83928,11.80836,4783.7,28.55,0.04
yellow,1,179,35.8,0.77543,11.96099,4816.555,28.713,0.015
yellow,1,180,36.0,0.76012,12.10905,4835.938,28.861,0.036
yellow,1,181,36.2,0.75739,12.27086,4865.065,29.018,0.073
yellow,1,182,36.4,0.70729,12.40974,4889.407,29.165,0.058
yellow,1,183,36.6,0.63572,12.56122,4925.586,29.33,0.025
yellow,1,184,36.8,0.60902,12.70975,4948.132,29.48,0.035
yellow,1,185,37.0,0.60586,12.88884,4984.281,29.655,0.076
yellow,1,186,37.2,0.56029,13.03069,5011.133,29.803,0.066
yellow,1,187,37.4,0.48564,13.17895,5045.379,29.965,0.029
yellow,1,188,37.6,0.46184,13.31671,5066.163,30.105,0.04
yellow,1,189,37.8,0.4649,13.49244,5095.564,30.274,0.085
yellow,1,190,38.0,0.42334,13.64128,5118.112,30.429,0.081
yellow,1,191,38.2,0.34282,13.7994,5149.024,30.602,0.041
yellow,1,192,38.4,0.30513,13.94131,5168.844,30.749,0.039
yellow,1,193,38.6,0.29831,14.10964,5199.491,30.914,0.073
yellow,1,194,38.8,0.27709,14.24369,5223.575,31.049,0.085
yellow,1,195,39.0,0.22291,14.38982,5251.672,31.204,0.068
yellow,1,196,39.2,0.18521,14.51649,5270.209,31.336,0.062
yellow,2,0,0.0,24.0,3.0,0.0,0.0,0.0
yellow,2,1,0.2,23.97834,3.00093,25.345,0.022,0.001
yellow,2,2,0.4,23.89994,3.01901,49.844,0.1,0.019
yellow,2,3,0.6,23.75397,3.04487,84.206,0.246,0.045
yellow,2,4,0.8,23.62845,3.05625,103.872,0.372,0.056
yellow,2,5,1.0,23.47321,3.06063,124.241,0.527,0.061
yellow,2,6,1.2,23.32685,3.06225,148.4,0.673,0.062
yellow,2,7,1.4,23.15556,3.03821,168.555,0.844,0.038
yellow,2,8,1.6,22.99696,3.01783,197.132,1.003,0.018
yellow,2,9,1.8,22.83666,3.02492,214.119,1.163,0.025
yellow,2,10,2.0,22.66605,3.0476,245.026,1.334,0.048
yellow,2,11,2.2,22.49018,3.03355,265.978,1.51,0.034
yellow,2,12,2.4,22.31765,3.01631,302.553,1.682,0.016
yellow,2,13,2.6,22.13611,3.03953,323.656,1.864,0.04
yellow,2,14,2.8,21.95367,3.06347,357.39,2.046,0.063
yellow,2,15,3.0,21.76795,3.03879,380.024,2.232,0.039
yellow,2,16,3.2,21.5857,3.0298,418.058,2.414,0.03
yellow,2,17,3.4,21.38041,3.06256,454.15,2.62,0.063
yellow,2,18,3.6,21.20004,3.06928,481.132,2.8,0.069
yellow,2,19,3.8,21.03468,3.04633,521.8,2.965,0.046
yellow,2,20,4.0,20.90739,3.03703,537.746,3.093,0.037
yellow,2,21,4.2,20.75711,3.04592,558.782,3.243,0.046
yellow,2,22,4.4,20.62217,3.04729,588.55,3.378,0.047
yellow,2,23,4.6,20.44101,3.01146,613.269,3.559,0.011
yellow,2,24,4.8,20.28737,2.98415,646.788,3.713,0.016
yellow,2,25,5.0,20.13912,2.99171,666.59,3.861,0.008
yellow,2,26,5.2,19.98385,3.01343,696.424,4.016,0.013
yellow,2,27,5.4,19.83175,2.99718,721.727,4.168,0.003
yellow,2,28,5.6,19.66938,2.97207,758.457,4.331,0.028
yellow,2,29,5.8,19.51712,2.98908,773.334,4.483,0.011
yellow,2,30,6.0,19.35616,3.03613,808.755,4.644,0.036
yellow,2,31,6.2,19.19342,3.02902,836.965,4.807,0.029
yellow,2,32,6.4,19.01949,2.99414,870.346,4.981,0.006
yellow,2,33,6.6,18.87873,3.00239,885.756,5.121,0.002
yellow,2,34,6.8,18.73187,3.02562,911.644,5.268,0.026
yellow,2,35,7.0,18.57736,3.01521,935.271,5.423,0.015
yellow,2,36,7.2,18.41776,2.99799,969.102,5.582,0.002
yellow,2,37,7.4,18.27186,3.0063,984.984,5.728,0.006
yellow,2,38,7.6,18.10602,3.03588,1013.881,5.894,0.036
yellow,2,39,7.8,17.93926,3.02369,1037.193,6.061,0.024
yellow,2,40,8.0,17.76768,2.98552,1077.492,6.232,0.014
yellow,2,41,8.2,17.63195,2.98035,1094.278,6.368,0.02
yellow,2,42,8.4,17.47108,3.00299,1125.207,6.529,0.003
yellow,2,43,8.6,17.32078,3.00642,1148.483,6.679,0.006
yellow,2,44,8.8,17.13735,2.97525,1185.641,6.863,0.025
yellow,2,45,9.0,16.99295,2.97396,1203.6,7.007,0.026
yellow,2,46,9.2,16.83204,3.01061,1226.335,7.168,0.011
yellow,2,47,9.4,16.69089,3.04168,1256.23,7.309,0.042
yellow,2,48,9.6,16.52682,3.03164,1276.98,7.473,0.032
yellow,2,49,9.8,16.38219,3.02159,1306.791,7.618,0.022
yellow,2,50,10.0,16.23686,3.03078,1325.932,7.763,0.031
yellow,2,51,10.2,16.07564,3.04873,1354.047,7.924,0.049
yellow,2,52,10.4,15.89781,3.0196,1378.71,8.102,0.02
yellow,2,53,10.6,15.71931,2.99008,1420.088,8.281,0.01
yellow,2,54,10.8,15.55922,3.01029,1442.084,8.441,0.01
yellow,2,55,11.0,15.39619,3.05313,1479.104,8.604,0.053
yellow,2,56,11.2,15.25314,3.04357,1505.411,8.747,0.044
yellow,2,57,11.4,15.08747,3.00905,1538.592,8.913,0.009
yellow,2,58,11.6,14.93884,3.01355,1558.124,9.061,0.014
yellow,2,59,11.8,14.77116,3.04917,1592.49,9.229,0.049
yellow,2,60,12.0,14.6273,3.05836,1613.587,9.373,0.058
yellow,2,61,12.2,14.47304,3.05143,1645.002,9.527,0.051
yellow,2,62,12.4,14.3171,3.06803,1661.157,9.683,0.068
yellow,2,63,12.6,14.14229,3.10987,1695.013,9.858,0.11
yellow,2,64,12.8,13.97949,3.10088,1719.341,10.021,0.101
yellow,2,65,13.0,13.80298,3.06343,1755.213,10.197,0.063
yellow,2,66,13.2,13.65716,3.06324,1773.181,10.343,0.063
yellow,2,67,13.4,13.48831,3.09247,1801.754,10.512,0.092
yellow,2,68,13.6,13.33092,3.07475,1823.791,10.669,0.075
yellow,2,69,13.8,13.15831,3.02234,1854.556,10.842,0.022
yellow,2,70,14.0,13.00241,3.01965,1872.895,10.998,0.02
yellow,2,71,14.2,12.83803,3.05136,1905.35,11.162,0.051
yellow,2,72,14.4,12.67809,3.03621,1930.968,11.322,0.036
yellow,2,73,14.6,12.51207,2.99765,1963.632,11.488,0.002
yellow,2,74,14.8,12.36706,3.00142,1980.668,11.633,0.001
yellow,2,75,15.0,12.20055,3.03463,2010.811,11.799,0.035
yellow,2,76,15.2,12.04263,3.02773,2034.084,11.957,0.028
yellow,2,77,15.4,11.86875,2.99554,2066.373,12.131,0.004
yellow,2,78,15.6,11.70766,3.01857,2086.978,12.292,0.019
yellow,2,79,15.8,11.52931,3.08073,2122.599,12.471,0.081
yellow,2,80,16.0,11.36854,3.08169,2148.471,12.631,0.082
yellow,2,81,16.2,11.20426,3.05521,2186.619,12.796,0.055
yellow,2,82,16.4,11.06709,3.05197,2202.865,12.933,0.052
yellow,2,83,16.6,10.90083,3.07663,2234.153,13.099,0.077
yellow,2,84,16.8,10.74921,3.07158,2258.243,13.251,0.072
yellow,2,85,17.0,10.57425,3.02784,2292.868,13.426,0.028
yellow,2,86,17.2,10.42568,3.0222,2310.816,13.574,0.022
yellow,2,87,17.4,10.24824,3.06229,2343.689,13.752,0.062
yellow,2,88,17.6,10.09756,3.07479,2368.506,13.902,0.075
yellow,2,89,17.8,9.93011,3.04422,2401.421,14.07,0.044
yellow,2,90,18.0,9.78182,3.04322,2419.165,14.218,0.043
yellow,2,91,18.2,9.60855,3.08284,2449.558,14.391,0.083
yellow,2,92,18.4,9.45262,3.08788,2473.354,14.547,0.088
yellow,2,93,18.6,9.27624,3.05023,2508.28,14.724,0.05
yellow,2,94,18.8,9.14011,3.03268,2527.853,14.86,0.033
yellow,2,95,19.0,8.98125,3.04011,2551.571,15.019,0.04
yellow,2,96,19.2,8.82472,3.0441,2577.715,15.175,0.044
yellow,2,97,19.4,8.64269,3.00059,2603.259,15.357,0.001
yellow,2,98,19.6,8.49004,2.9816,2634.425,15.51,0.018
yellow,2,99,19.8,8.32827,3.01766,2661.142,15.672,0.018
yellow,2,100,20.0,8.18748,3.05327,2698.538,15.813,0.053
yellow,2,101,20.2,8.04502,3.04633,2720.013,15.955,0.046
yellow,2,102,20.4,7.90965,3.03726,2754.0,16.09,0.037
yellow,2,103,20.6,7.76275,3.0519,2774.66,16.237,0.052
yellow,2,104,20.8,7.6028,3.08003,2805.156,16.397,0.08
yellow,2,105,21.0,7.45111,3.06181,2828.814,16.549,0.062
yellow,2,106,21.2,7.29194,3.02836,2860.249,16.708,0.028
yellow,2,107,21.4,7.15118,3.02078,2874.021,16.849,0.021
yellow,2,108,21.6,6.99664,3.03992,2903.258,17.003,0.04
yellow,2,109,21.8,6.86912,3.03876,2927.305,17.131,0.039
yellow,2,110,22.0,6.7021,3.01303,2955.024,17.298,0.013
yellow,2,111,22.2,6.55813,3.01284,2974.028,17.442,0.013
yellow,2,112,22.4,6.39296,3.06009,3000.177,17.607,0.06
yellow,2,113,22.6,6.23836,3.10186,3030.32,17.762,0.102
yellow,2,114,22.8,6.06323,3.10233,3056.822,17.937,0.102
yellow,2,115,23.0,5.92411,3.12516,3082.098,18.121,0.089
yellow,2,116,23.2,5.78035,3.20704,3107.697,18.297,0.096
yellow,2,117,23.4,5.64145,3.28599,3137.78,18.461,0.087
yellow,2,118,23.6,5.47049,3.34471,3159.823,18.639,0.031
yellow,2,119,23.8,5.34235,3.41289,3189.567,18.782,0.001
yellow,2,120,24.0,5.24308,3.55315,3217.06,18.951,0.037
yellow,2,121,24.2,5.14711,3.68176,3248.78,19.111,0.06
yellow,2,122,24.4,5.01234,3.7863,3269.809,19.281,0.033
yellow,2,123,24.6,4.8976,3.88981,3298.16,19.435,0.016
yellow,2,124,24.8,4.81307,4.03253,3321.06,19.599,0.044
yellow,2,125,25.0,4.72674,4.17431,3350.291,19.765,0.066
yellow,2,126,25.2,4.58962,4.29225,3373.522,19.943,0.03
yellow,2,127,25.4,4.47922,4.41,3401.275,20.104,0.013
yellow,2,128,25.6,4.40588,4.56811,3428.513,20.275,0.046
yellow,2,129,25.8,4.33147,4.69322,3456.219,20.421,0.057
yellow,2,130,26.0,4.20175,4.8154,3482.717,20.596,0.02
yellow,2,131,26.2,4.10451,4.9237,3514.316,20.74,0.001
yellow,2,132,26.4,4.03203,5.07043,3535.94,20.903,0.019
yellow,2,133,26.6,3.95638,5.19935,3563.458,21.052,0.026
yellow,2,134,26.8,3.82548,5.31655,3586.267,21.221,0.023
yellow,2,135,27.0,3.69817,5.42577,3617.403,21.398,0.049
yellow,2,136,27.2,3.59518,5.5469,3633.891,21.555,0.03
yellow,2,137,27.4,3.49863,5.6738,3661.76,21.712,0.003
yellow,2,138,27.6,3.37227,5.78907,3683.622,21.883,0.008
yellow,2,139,27.8,3.23475,5.9026,3715.76,22.061,0.024
yellow,2,140,28.0,3.13642,6.03261,3735.359,22.222,0.004
yellow,2,141,28.2,3.04422,6.1798,3769.751,22.393,0.03
yellow,2,142,28.4,2.91544,6.29796,3791.767,22.567,0.015
yellow,2,143,28.6,2.78491,6.41307,3826.456,22.74,0.008
yellow,2,144,28.8,2.70071,6.55601,3846.63,22.904,0.02
yellow,2,145,29.0,2.6236,6.71437,3879.698,23.076,0.06
yellow,2,146,29.2,2.50102,6.84371,3901.806,23.254,0.043
yellow,2,147,29.4,2.3878,6.95722,3939.881,23.414,0.018
yellow,2,148,29.6,2.313,7.09237,3958.709,23.568,0.034
yellow,2,149,29.8,2.24339,7.24732,3987.938,23.737,0.062
yellow,2,150,30.0,2.13172,7.37773,4011.737,23.908,0.035
yellow,2,151,30.2,2.01401,7.51345,4042.771,24.085,0.001
yellow,2,152,30.4,1.95564,7.66992,4062.344,24.251,0.022
yellow,2,153,30.6,1.91231,7.83909,4095.316,24.424,0.057
yellow,2,154,30.8,1.82462,7.99436,4117.329,24.604,0.038
yellow,2,155,31.0,1.74226,8.13618,4154.468,24.766,0.012
yellow,2,156,31.2,1.70926,8.28941,4173.963,24.924,0.029
yellow,2,157,31.4,1.68734,8.46063,4204.367,25.096,0.054
yellow,2,158,31.6,1.61664,8.61933,4226.758,25.267,0.021
yellow,2,159,31.8,1.54733,8.77388,4261.944,25.434,0.009
yellow,2,160,32.0,1.53097,8.93825,4282.362,25.598,0.015
yellow,2,161,32.2,1.52551,9.11229,4315.632,25.768,0.052
yellow,2,162,32.4,1.46628,9.27907,4337.49,25.944,0.035
yellow,2,163,32.6,1.40694,9.42815,4378.481,26.103,0.014
yellow,2,164,32.8,1.3858,9.58049,4397.28,26.256,0.03
yellow,2,165,33.0,1.37293,9.75014,4427.279,26.424,0.059
yellow,2,166,33.2,1.3081,9.90756,4449.936,26.592,0.034
yellow,2,167,33.4,1.23668,10.06935,4483.03,26.766,0.004
yellow,2,168,33.6,1.21963,10.23494,4502.917,26.931,0.028
yellow,2,169,33.8,1.21342,10.39819,4533.834,27.091,0.061
yellow,2,170,34.0,1.15991,10.55654,4556.963,27.258,0.048
yellow,2,171,34.2,1.09752,10.71807,4596.939,27.429,0.026
yellow,2,172,34.4,1.08491,10.88097,4617.214,27.591,0.054
yellow,2,173,34.6,1.08631,11.04608,4651.366,27.75,0.095
yellow,2,174,34.8,1.04373,11.19143,4672.722,27.902,0.089
yellow,2,175,35.0,0.98901,11.33247,4702.416,28.052,0.07
yellow,2,176,35.2,0.96146,11.46725,4719.466,28.189,0.076
yellow,2,177,35.4,0.94947,11.6347,4752.984,28.355,0.105
yellow,2,178,35.6,0.90799,11.77604,4777.265,28.502,0.099
yellow,2,179,35.8,0.83374,11.92648,4808.103,28.666,0.063
yellow,2,180,36.0,0.78819,12.06095,4823.395,28.807,0.052
yellow,2,181,36.2,0.77459,12.22666,4854.944,28.971,0.079
yellow,2,182,36.4,0.74605,12.37188,4879.974,29.119,0.086
yellow,2,183,36.6,0.6783,12.52141,4910.76,29.281,0.057
yellow,2,184,36.8,0.63661,12.65435,4929.397,29.42,0.049
yellow,2,185,37.0,0.61597,12.82463,4953.45,29.59,0.07
yellow,2,186,37.2,0.59413,12.96813,4985.005,29.734,0.084
yellow,2,187,37.4,0.52221,13.11483,5007.127,29.894,0.049
yellow,2,188,37.6,0.46929,13.24512,5040.224,30.033,0.03
yellow,2,189,37.8,0.45616,13.40641,5062.725,30.193,0.056
yellow,2,190,38.0,0.4476,13.57036,5099.567,30.354,0.087
yellow,2,191,38.2,0.39066,13.71752,5123.125,30.511,0.068
yellow,2,192,38.4,0.32505,13.86687,5154.876,30.672,0.041
yellow,2,193,38.6,0.30087,14.01686,5171.396,30.823,0.053
yellow,2,194,38.8,0.28587,14.18315,5202.187,30.988,0.079
yellow,2,195,39.0,0.2159,14.32638,5224.089,31.144,0.046
yellow,2,196,39.2,0.13365,14.47507,5257.525,31.308,0.002
yellow,3,0,0.0,24.0,3.0,0.0,0.0,0.0
yellow,3,1,0.2,23.97834,3.00093,25.345,0.022,0.001
yellow,3,2,0.4,23.89994,3.01901,49.844,0.1,0.019
yellow,3,3,0.6,23.75397,3.04487,84.206,0.246,0.045
yellow,3,4,0.8,23.62845,3.05625,103.872,0.372,0.056
yellow,3,5,1.0,23.47321,3.06063,124.241,0.527,0.061
yellow,3,6,1.2,23.32685,3.06225,148.4,0.673,0.062
yellow,3,7,1.4,23.15556,3.03821,168.555,0.844,0.038
yellow,3,8,1.6,22.99696,3.01783,197.132,1.003,0.018
yellow,3,9,1.8,22.83666,3.02492,214.119,1.163,0.025
yellow,3,10,2.0,22.66605,3.0476,245.026,1.334,0.048
yellow,3,11,2.2,22.49018,3.03355,265.978,1.51,0.034
yellow,3,12,2.4,22.31765,3.01631,302.553,1.682,0.016
yellow,3,13,2.6,22.13611,3.03953,323.656,1.864,0.04
yellow,3,14,2.8,21.95367,3.06347,357.39,2.046,0.063
yellow,3,15,3.0,21.76795,3.03879,380.024,2.232,0.039
yellow,3,16,3.2,21.5857,3.0298,418.058,2.414,0.03
yellow,3,17,3.4,21.38041,3.06256,454.15,2.62,0.063
yellow,3,18,3.6,21.20004,3.06928,481.132,2.8,0.069
yellow,3,19,3.8,21.03468,3.04633,521.8,2.965,0.046
yellow,3,20,4.0,20.90739,3.03703,537.746,3.093,0.037
yellow,3,21,4.2,20.75711,3.04592,558.782,3.243,0.046
yellow,3,22,4.4,20.62217,3.04729,588.55,3.378,0.047
yellow,3,23,4.6,20.44101,3.01146,613.269,3.559,0.011
yellow,3,24,4.8,20.28737,2.98415,646.788,3.713,0.016
yellow,3,25,5.0,20.13912,2.99171,666.59,3.861,0.008
yellow,3,26,5.2,19.98385,3.01343,696.424,4.016,0.013
yellow,3,27,5.4,19.83175,2.99718,721.727,4.168,0.003
yellow,3,28,5.6,19.66938,2.97207,758.457,4.331,0.028
yellow,3,29,5.8,19.51712,2.98908,773.334,4.483,0.011
yellow,3,30,6.0,19.35616,3.03613,808.755,4.644,0.036
yellow,3,31,6.2,19.19342,3.02902,836.965,4.807,0.029
yellow,3,32,6.4,19.01949,2.99414,870.346,4.981,0.006
yellow,3,33,6.6,18.87873,3.00239,885.756,5.121,0.002
yellow,3,34,6.8,18.73187,3.02562,911.644,5.268,0.026
yellow,3,35,7.0,18.57736,3.01521,935.271,5.423,0.015
yellow,3,36,7.2,18.41776,2.99799,969.102,5.582,0.002
yellow,3,37,7.4,18.27186,3.0063,984.984,5.728,0.006
yellow,3,38,7.6,18.10602,3.03588,1013.881,5.894,0.036
yellow,3,39,7.8,17.93926,3.02369,1037.193,6.061,0.024
yellow,3,40,8.0,17.76768,2.98552,1077.492,6.232,0.014
yellow,3,41,8.2,17.63195,2.98035,1094.278,6.368,0.02
yellow,3,42,8.4,17.47108,3.00299,1125.207,6.529,0.003
yellow,3,43,8.6,17.32078,3.00642,1148.483,6.679,0.006
yellow,3,44,8.8,17.13735,2.97525,1185.641,6.863,0.025
yellow,3,45,9.0,16.99295,2.97396,1203.6,7.007,0.026
yellow,3,46,9.2,16.83204,3.01061,1226.335,7.168,0.011
yellow,3,47,9.4,16.69089,3.04168,1256.23,7.309,0.042
yellow,3,48,9.6,16.52682,3.03164,1276.98,7.473,0.032
yellow,3,49,9.8,16.38219,3.02159,1306.791,7.618,0.022
yellow,3,50,10.0,16.23686,3.03078,1325.932,7.763,0.031
yellow,3,51,10.2,16.07564,3.04873,1354.047,7.924,0.049
yellow,3,52,10.4,15.89781,3.0196,1378.71,8.102,0.02
yellow,3,53,10.6,15.71931,2.99008,1420.088,8.281,0.01
yellow,3,54,10.8,15.55922,3.01029,1442.084,8.441,0.01
yellow,3,55,11.0,15.39619,3.05313,1479.104,8.604,0.053
yellow,3,56,11.2,15.25314,3.04357,1505.411,8.747,0.044
yellow,3,57,11.4,15.08747,3.00905,1538.592,8.913,0.009
yellow,3,58,11.6,14.93884,3.01355,1558.124,9.061,0.014
yellow,3,59,11.8,14.77116,3.04917,1592.49,9.229,0.049
yellow,3,60,12.0,14.6273,3.05836,1613.587,9.373,0.058
yellow,3,61,12.2,14.47304,3.05143,1645.002,9.527,0.051
yellow,3,62,12.4,14.3171,3.06803,1661.157,9.683,0.068
yellow,3,63,12.6,14.14229,3.10987,1695.013,9.858,0.11
yellow,3,64,12.8,13.97949,3.10088,1719.341,10.021,0.101
yellow,3,65,13.0,13.80298,3.06343,1755.213,10.197,0.063
yellow,3,66,13.2,13.65716,3.06324,1773.181,10.343,0.063
yellow,3,67,13.4,13.48831,3.09247,1801.754,10.512,0.092
yellow,3,68,13.6,13.33092,3.07475,1823.791,10.669,0.075
yellow,3,69,13.8,13.15831,3.02234,1854.556,10.842,0.022
yellow,3,70,14.0,13.00241,3.01965,1872.895,10.998,0.02
yellow,3,71,14.2,12.83803,3.05136,1905.35,11.162,0.051
yellow,3,72,14.4,12.67809,3.03621,1930.968,11.322,0.036
yellow,3,73,14.6,12.51207,2.99765,1963.632,11.488,0.002
yellow,3,74,14.8,12.36706,3.00142,1980.668,11.633,0.001
yellow,3,75,15.0,12.20055,3.03463,2010.811,11.799,0.035
yellow,3,76,15.2,12.04263,3.02773,2034.084,11.957,0.028
yellow,3,77,15.4,11.86875,2.99554,2066.373,12.131,0.004
yellow,3,78,15.6,11.70766,3.01857,2086.978,12.292,0.019
yellow,3,79,15.8,11.52931,3.08073,2122.599,12.471,0.081
yellow,3,80,16.0,11.36854,3.08169,2148.471,12.631,0.082
yellow,3,81,16.2,11.20426,3.05521,2186.619,12.796,0.055
yellow,3,82,16.4,11.06709,3.05197,2202.865,12.933,0.052
yellow,3,83,16.6,10.90083,3.07663,2234.153,13.099,0.077
yellow,3,84,16.8,10.74921,3.07158,2258.243,13.251,0.072
yellow,3,85,17.0,10.57425,3.02784,2292.868,13.426,0.028
yellow,3,86,17.2,10.42568,3.0222,2310.816,13.574,0.022
yellow,3,87,17.4,10.24824,3.06229,2343.689,13.752,0.062
yellow,3,88,17.6,10.09756,3.07479,2368.506,13.902,0.075
yellow,3,89,17.8,9.93011,3.04422,2401.421,14.07,0.044
yellow,3,90,18.0,9.78182,3.04322,2419.165,14.218,0.043
yellow,3,91,18.2,9.60855,3.08284,2449.558,14.391,0.083
yellow,3,92,18.4,9.45262,3.08788,2473.354,14.547,0.088
yellow,3,93,18.6,9.27624,3.05023,2508.28,14.724,0.05
yellow,3,94,18.8,9.14011,3.03268,2527.853,14.86,0.033
yellow,3,95,19.0,8.98125,3.04011,2551.571,15.019,0.04
yellow,3,96,19.2,8.82472,3.0441,2577.715,15.175,0.044
yellow,3,97,19.4,8.64269,3.00059,2603.259,15.357,0.001
yellow,3,98,19.6,8.49004,2.9816,2634.425,15.51,0.018
yellow,3,99,19.8,8.32827,3.01766,2661.142,15.672,0.018
yellow,3,100,20.0,8.18748,3.05327,2698.538,15.813,0.053
yellow,3,101,20.2,8.04502,3.04633,2720.013,15.955,0.046
yellow,3,102,20.4,7.90965,3.03726,2754.0,16.09,0.037
yellow,3,103,20.6,7.76275,3.0519,2774.66,16.237,0.052
yellow,3,104,20.8,7.6028,3.08003,2805.156,16.397,0.08
yellow,3,105,21.0,7.45111,3.06181,2828.814,16.549,0.062
yellow,3,106,21.2,7.29194,3.02836,2860.249,16.708,0.028
yellow,3,107,21.4,7.15118,3.02078,2874.021,16.849,0.021
yellow,3,108,21.6,6.99664,3.03992,2903.258,17.003,0.04
yellow,3,109,21.8,6.86912,3.03876,2927.305,17.131,0.039
yellow,3,110,22.0,6.7021,3.01303,2955.024,17.298,0.013
yellow,3,111,22.2,6.55813,3.01284,2974.028,17.442,0.013
yellow,3,112,22.4,6.39296,3.06009,3000.177,17.607,0.06
yellow,3,113,22.6,6.23836,3.10186,3030.32,17.762,0.102
yellow,3,114,22.8,6.06323,3.10233,3056.822,17.937,0.102
yellow,3,115,23.0,5.92411,3.12516,3082.098,18.121,0.089
yellow,3,116,23.2,5.78035,3.20704,3107.697,18.297,0.096
yellow,3,117,23.4,5.64145,3.28599,3137.78,18.461,0.087
yellow,3,118,23.6,5.47049,3.34471,3159.823,18.639,0.031
yellow,3,119,23.8,5.34235,3.41289,3189.567,18.782,0.001
yellow,3,120,24.0,5.24308,3.55315,3217.06,18.951,0.037
yellow,3,121,24.2,5.14711,3.68176,3248.78,19.111,0.06
yellow,3,122,24.4,5.01234,3.7863,3269.809,19.281,0.033
yellow,3,123,24.6,4.8976,3.88981,3298.16,19.435,0.016
yellow,3,124,24.8,4.81307,4.03253,3321.06,19.599,0.044
yellow,3,125,25.0,4.72659,4.17432,3350.349,19.765,0.066
yellow,3,126,25.2,4.58896,4.29232,3373.538,19.943,0.03
yellow,3,127,25.4,4.47992,4.41057,3402.564,20.104,0.013
yellow,3,128,25.6,4.41065,4.5713,3429.436,20.275,0.052
yellow,3,129,25.8,4.33848,4.6914,3457.998,20.416,0.062
yellow,3,130,26.0,4.20896,4.80765,3495.962,20.585,0.021
yellow,3,131,26.2,4.11166,4.92269,3511.697,20.735,0.005
yellow,3,132,26.4,4.03734,5.0724,3538.553,20.901,0.025
yellow,3,133,26.6,3.94856,5.19164,3562.601,21.05,0.015
yellow,3,134,26.8,3.80374,5.31232,3593.137,21.229,0.043
yellow,3,135,27.0,3.69419,5.42058,3612.28,21.398,0.056
yellow,3,136,27.2,3.59941,5.55808,3633.393,21.56,0.019
yellow,3,137,27.4,3.50788,5.67797,3660.428,21.709,0.006
yellow,3,138,27.6,3.37056,5.79394,3680.951,21.888,0.006
yellow,3,139,27.8,3.24536,5.90293,3710.098,22.053,0.017
yellow,3,140,28.0,3.14384,6.03511,3727.679,22.219,0.003
yellow,3,141,28.2,3.05369,6.16735,3761.65,22.377,0.029
yellow,3,142,28.4,2.92927,6.28646,3784.205,22.549,0.017
yellow,3,143,28.6,2.80261,6.4003,3818.48,22.719,0.002
yellow,3,144,28.8,2.71567,6.5316,3836.581,22.875,0.016
yellow,3,145,29.0,2.64144,6.6804,3866.839,23.038,0.053
yellow,3,146,29.2,2.53669,6.79531,3890.241,23.194,0.041
yellow,3,147,29.4,2.4063,6.91686,3926.414,23.37,0.01
yellow,3,148,29.6,2.328,7.05051,3945.647,23.525,0.023
yellow,3,149,29.8,2.26548,7.21865,3978.068,23.701,0.065
yellow,3,150,30.0,2.16916,7.35806,4001.498,23.872,0.057
yellow,3,151,30.2,2.05274,7.48908,4039.588,24.045,0.023
yellow,3,152,30.4,1.98923,7.62239,4057.399,24.193,0.031
yellow,3,153,30.6,1.94271,7.79189,4088.938,24.368,0.065
yellow,3,154,30.8,1.86216,7.93825,4111.946,24.536,0.051
yellow,3,155,31.0,1.76269,8.08331,4148.06,24.71,0.013
yellow,3,156,31.2,1.72181,8.228,4166.853,24.86,0.022
yellow,3,157,31.4,1.70505,8.40457,4200.198,25.037,0.057
yellow,3,158,31.6,1.64787,8.56505,4223.896,25.208,0.039
yellow,3,159,31.8,1.56886,8.72357,4261.277,25.38,0.0
yellow,3,160,32.0,1.53903,8.87065,4278.613,25.53,0.006
yellow,3,161,32.2,1.53304,9.0468,4309.549,25.702,0.043
yellow,3,162,32.4,1.48434,9.20635,4333.05,25.869,0.035
yellow,3,163,32.6,1.4121,9.36618,4370.695,26.042,0.004
yellow,3,164,32.8,1.3863,9.51344,4388.788,26.191,0.014
yellow,3,165,33.0,1.38274,9.69001,4420.048,26.363,0.054
yellow,3,166,33.2,1.33533,9.84856,4443.518,26.528,0.046
yellow,3,167,33.4,1.2633,10.00869,4480.956,26.701,0.015
yellow,3,168,33.6,1.23664,10.15728,4499.257,26.852,0.025
yellow,3,169,33.8,1.23031,10.32979,4529.209,27.021,0.061
yellow,3,170,34.0,1.17435,10.48655,4554.615,27.186,0.045
yellow,3,171,34.2,1.09371,10.64519,4597.397,27.36,0.005
yellow,3,172,34.4,1.06975,10.77916,4617.676,27.495,0.014
yellow,3,173,34.6,1.06882,10.94329,4645.625,27.655,0.053
yellow,3,174,34.8,1.03089,11.08437,4669.076,27.801,0.05
yellow,3,175,35.0,0.95855,11.24189,4698.676,27.971,0.018
yellow,3,176,35.2,0.93154,11.3817,4718.614,28.114,0.026
yellow,3,177,35.4,0.93115,11.54938,4748.509,28.276,0.066
yellow,3,178,35.6,0.88809,11.69437,4774.677,28.427,0.06
yellow,3,179,35.8,0.8052,11.85387,4808.465,28.602,0.018
yellow,3,180,36.0,0.77894,12.00281,4825.978,28.753,0.029
yellow,3,181,36.2,0.7794,12.1774,4856.644,28.922,0.072
yellow,3,182,36.4,0.73231,12.32566,4880.556,29.078,0.062
yellow,3,183,36.6,0.65929,12.468,4918.587,29.233,0.026
yellow,3,184,36.8,0.62611,12.5986,4934.35,29.368,0.025
yellow,3,185,37.0,0.60922,12.75839,4960.538,29.527,0.047
yellow,3,186,37.2,0.57043,12.88797,4984.007,29.662,0.041
yellow,3,187,37.4,0.49213,13.04896,5010.03,29.838,0.004
yellow,3,188,37.6,0.45226,13.18522,5032.769,29.979,0.001
yellow,3,189,37.8,0.45141,13.35153,5060.268,30.141,0.038
yellow,3,190,38.0,0.44867,13.50178,5090.329,30.287,0.072
yellow,3,191,38.2,0.40137,13.64042,5110.021,30.433,0.06
yellow,3,192,38.4,0.35621,13.7644,5143.355,30.565,0.046
yellow,3,193,38.6,0.32971,13.90086,5162.872,30.703,0.053
yellow,3,194,38.8,0.31413,14.05355,5190.009,30.855,0.075
yellow,3,195,39.0,0.26057,14.19437,5215.338,31.005,0.057
yellow,3,196,39.2,0.19034,14.34393,5249.102,31.167,0.026
yellow,3,197,39.4,0.15568,14.48635,5264.396,31.314,0.026
yellow,4,0,0.0,24.0,3.0,0.0,0.0,0.0
yellow,4,1,0.2,23.97834,3.00093,25.345,0.022,0.001
yellow,4,2,0.4,23.89994,3.01901,49.844,0.1,0.019
yellow,4,3,0.6,23.75397,3.04487,84.206,0.246,0.045
yellow,4,4,0.8,23.62845,3.05625,103.872,0.372,0.056
yellow,4,5,1.0,23.47321,3.06063,124.241,0.527,0.061
yellow,4,6,1.2,23.32685,3.06225,148.4,0.673,0.062
yellow,4,7,1.4,23.15556,3.03821,168.555,0.844,0.038
yellow,4,8,1.6,22.99696,3.01783,197.132,1.003,0.018
yellow,4,9,1.8,22.83666,3.02492,214.119,1.163,0.025
yellow,4,10,2.0,22.66605,3.0476,245.026,1.334,0.048
yellow,4,11,2.2,22.49018,3.03355,265.978,1.51,0.034
yellow,4,12,2.4,22.31765,3.01631,302.553,1.682,0.016
yellow,4,13,2.6,22.13611,3.03953,323.656,1.864,0.04
yellow,4,14,2.8,21.95367,3.06347,357.39,2.046,0.063
yellow,4,15,3.0,21.76795,3.03879,380.024,2.232,0.039
yellow,4,16,3.2,21.5857,3.0298,418.058,2.414,0.03
yellow,4,17,3.4,21.38041,3.06256,454.15,2.62,0.063
yellow,4,18,3.6,21.20004,3.06928,481.132,2.8,0.069
yellow,4,19,3.8,21.03468,3.04633,521.8,2.965,0.046
yellow,4,20,4.0,20.90739,3.03703,537.746,3.093,0.037
yellow,4,21,4.2,20.75711,3.04592,558.782,3.243,0.046
yellow,4,22,4.4,20.62217,3.04729,588.55,3.378,0.047
yellow,4,23,4.6,20.44101,3.01146,613.269,3.559,0.011
yellow,4,24,4.8,20.28737,2.98415,646.788,3.713,0.016
yellow,4,25,5.0,20.13912,2.99171,666.59,3.861,0.008
yellow,4,26,5.2,19.98385,3.01343,696.424,4.016,0.013
yellow,4,27,5.4,19.83175,2.99718,721.727,4.168,0.003
yellow,4,28,5.6,19.66938,2.97207,758.457,4.331,0.028
yellow,4,29,5.8,19.51712,2.98908,773.334,4.483,0.011
yellow,4,30,6.0,19.35616,3.03613,808.755,4.644,0.036
yellow,4,31,6.2,19.19342,3.02902,836.965,4.807,0.029
yellow,4,32,6.4,19.01949,2.99414,870.346,4.981,0.006
yellow,4,33,6.6,18.87873,3.00239,885.756,5.121,0.002
yellow,4,34,6.8,18.73187,3.02562,911.644,5.268,0.026
yellow,4,35,7.0,18.57736,3.01521,935.271,5.423,0.015
yellow,4,36,7.2,18.41776,2.99799,969.102,5.582,0.002
yellow,4,37,7.4,18.27186,3.0063,984.984,5.728,0.006
yellow,4,38,7.6,18.10602,3.03588,1013.881,5.894,0.036
yellow,4,39,7.8,17.93926,3.02369,1037.193,6.061,0.024
yellow,4,40,8.0,17.76768,2.98552,1077.492,6.232,0.014
yellow,4,41,8.2,17.63195,2.98035,1094.278,6.368,0.02
yellow,4,42,8.4,17.47108,3.00299,1125.207,6.529,0.003
yellow,4,43,8.6,17.32078,3.00642,1148.483,6.679,0.006
yellow,4,44,8.8,17.13735,2.97525,1185.641,6.863,0.025
yellow,4,45,9.0,16.99295,2.97396,1203.6,7.007,0.026
yellow,4,46,9.2,16.83204,3.01061,1226.335,7.168,0.011
yellow,4,47,9.4,16.69089,3.04168,1256.23,7.309,0.042
yellow,4,48,9.6,16.52682,3.03164,1276.98,7.473,0.032
yellow,4,49,9.8,16.38219,3.02159,1306.791,7.618,0.022
yellow,4,50,10.0,16.23686,3.03078,1325.932,7.763,0.031
yellow,4,51,10.2,16.07564,3.04873,1354.047,7.924,0.049
yellow,4,52,10.4,15.89781,3.0196,1378.71,8.102,0.02
yellow,4,53,10.6,15.71931,2.99008,1420.088,8.281,0.01
yellow,4,54,10.8,15.55922,3.01029,1442.084,8.441,0.01
yellow,4,55,11.0,15.39619,3.05313,1479.104,8.604,0.053
yellow,4,56,11.2,15.25314,3.04357,1505.411,8.747,0.044
yellow,4,57,11.4,15.08747,3.00905,1538.592,8.913,0.009
yellow,4,58,11.6,14.93884,3.01355,1558.124,9.061,0.014
yellow,4,59,11.8,14.77116,3.04917,1592.49,9.229,0.049
yellow,4,60,12.0,14.6273,3.05836,1613.587,9.373,0.058
yellow,4,61,12.2,14.47304,3.05143,1645.002,9.527,0.051
yellow,4,62,12.4,14.3171,3.06803,1661.157,9.683,0.068
yellow,4,63,12.6,14.14229,3.10987,1695.013,9.858,0.11
yellow,4,64,12.8,13.97949,3.10088,1719.341,10.021,0.101
yellow,4,65,13.0,13.80298,3.06343,1755.213,10.197,0.063
yellow,4,66,13.2,13.65716,3.06324,1773.181,10.343,0.063
yellow,4,67,13.4,13.48831,3.09247,1801.754,10.512,0.092
yellow,4,68,13.6,13.33092,3.07475,1823.791,10.669,0.075
yellow,4,69,13.8,13.15831,3.02234,1854.556,10.842,0.022
yellow,4,70,14.0,13.00241,3.01965,1872.895,10.998,0.02
yellow,4,71,14.2,12.83803,3.05136,1905.35,11.162,0.051
yellow,4,72,14.4,12.67809,3.03621,1930.968,11.322,0.036
yellow,4,73,14.6,12.51207,2.99765,1963.632,11.488,0.002
yellow,4,74,14.8,12.36706,3.00142,1980.668,11.633,0.001
yellow,4,75,15.0,12.20055,3.03463,2010.811,11.799,0.035
yellow,4,76,15.2,12.04263,3.02773,2034.084,11.957,0.028
yellow,4,77,15.4,11.86875,2.99554,2066.373,12.131,0.004
yellow,4,78,15.6,11.70766,3.01857,2086.978,12.292,0.019
yellow,4,79,15.8,11.52931,3.08073,2122.599,12.471,0.081
yellow,4,80,16.0,11.36854,3.08169,2148.471,12.631,0.082
yellow,4,81,16.2,11.20426,3.05521,2186.619,12.796,0.055
yellow,4,82,16.4,11.06709,3.05197,2202.865,12.933,0.052
yellow,4,83,16.6,10.90083,3.07663,2234.153,13.099,0.077
yellow,4,84,16.8,10.74921,3.07158,2258.243,13.251,0.072
yellow,4,85,17.0,10.57425,3.02784,2292.868,13.426,0.028
yellow,4,86,17.2,10.42568,3.0222,2310.816,13.574,0.022
yellow,4,87,17.4,10.24824,3.06229,2343.689,13.752,0.062
yellow,4,88,17.6,10.09756,3.07479,2368.506,13.902,0.075
yellow,4,89,17.8,9.93011,3.04422,2401.421,14.07,0.044
yellow,4,90,18.0,9.78182,3.04322,2419.165,14.218,0.043
yellow,4,91,18.2,9.60855,3.08284,2449.558,14.391,0.083
yellow,4,92,18.4,9.45262,3.08788,2473.354,14.547,0.088
yellow,4,93,18.6,9.27624,3.05023,2508.28,14.724,0.05
yellow,4,94,18.8,9.14011,3.03268,2527.853,14.86,0.033
yellow,4,95,19.0,8.98125,3.04011,2551.571,15.019,0.04
yellow,4,96,19.2,8.82472,3.0441,2577.715,15.175,0.044
yellow,4,97,19.4,8.64269,3.00059,2603.259,15.357,0.001
yellow,4,98,19.6,8.49004,2.9816,2634.425,15.51,0.018
yellow,4,99,19.8,8.32827,3.01766,2661.142,15.672,0.018
yellow,4,100,20.0,8.18748,3.05327,2698.538,15.813,0.053
yellow,4,101,20.2,8.04502,3.04633,2720.013,15.955,0.046
yellow,4,102,20.4,7.90965,3.03726,2754.0,16.09,0.037
yellow,4,103,20.6,7.76275,3.0519,2774.66,16.237,0.052
yellow,4,104,20.8,7.6028,3.08003,2805.156,16.397,0.08
yellow,4,105,21.0,7.45111,3.06181,2828.814,16.549,0.062
yellow,4,106,21.2,7.29194,3.02836,2860.249,16.708,0.028
yellow,4,107,21.4,7.15118,3.02078,2874.021,16.849,0.021
yellow,4,108,21.6,6.99664,3.03992,2903.258,17.003,0.04
yellow,4,109,21.8,6.86912,3.03876,2927.305,17.131,0.039
yellow,4,110,22.0,6.7021,3.01303,2955.024,17.298,0.013
yellow,4,111,22.2,6.55813,3.01284,2974.028,17.442,0.013
yellow,4,112,22.4,6.39296,3.06009,3000.177,17.607,0.06
yellow,4,113,22.6,6.23836,3.10186,3030.32,17.762,0.102
yellow,4,114,22.8,6.06323,3.10233,3056.822,17.937,0.102
yellow,4,115,23.0,5.92411,3.12516,3082.098,18.121,0.089
yellow,4,116,23.2,5.78035,3.20704,3107.697,18.297,0.096
yellow,4,117,23.4,5.64145,3.28599,3137.78,18.461,0.087
yellow,4,118,23.6,5.47049,3.34471,3159.823,18.639,0.031
yellow,4,119,23.8,5.34235,3.41289,3189.567,18.782,0.001
yellow,4,120,24.0,5.24308,3.55315,3217.06,18.951,0.037
yellow,4,121,24.2,5.14711,3.68176,3248.78,19.111,0.06
yellow,4,122,24.4,5.01234,3.7863,3269.809,19.281,0.033
yellow,4,123,24.6,4.8976,3.88981,3298.16,19.435,0.016
yellow,4,124,24.8,4.81307,4.03253,3321.06,19.599,0.044
yellow,4,125,25.0,4.72659,4.17432,3350.349,19.765,0.066
yellow,4,126,25.2,4.58896,4.29232,3373.538,19.943,0.03
yellow,4,127,25.4,4.47992,4.41057,3402.564,20.104,0.013
yellow,4,128,25.6,4.41065,4.5713,3429.436,20.275,0.052
yellow,4,129,25.8,4.33848,4.6914,3457.998,20.416,0.062
yellow,4,130,26.0,4.20896,4.80765,3495.962,20.585,0.021
yellow,4,131,26.2,4.11166,4.92269,3511.697,20.735,0.005
yellow,4,132,26.4,4.03734,5.0724,3538.553,20.901,0.025
yellow,4,133,26.6,3.94856,5.19164,3562.601,21.05,0.015
yellow,4,134,26.8,3.80374,5.31232,3593.137,21.229,0.043
yellow,4,135,27.0,3.69419,5.42058,3612.28,21.398,0.056
yellow,4,136,27.2,3.59941,5.55808,3633.393,21.56,0.019
yellow,4,137,27.4,3.50788,5.67797,3660.428,21.709,0.006
yellow,4,138,27.6,3.37056,5.79394,3680.951,21.888,0.006
yellow,4,139,27.8,3.24536,5.90293,3710.098,22.053,0.017
yellow,4,140,28.0,3.14384,6.03511,3727.679,22.219,0.003
yellow,4,141,28.2,3.05369,6.16735,3761.65,22.377,0.029
yellow,4,142,28.4,2.92927,6.28646,3784.205,22.549,0.017
yellow,4,143,28.6,2.80261,6.4003,3818.48,22.719,0.002
yellow,4,144,28.8,2.71567,6.5316,3836.581,22.875,0.016
yellow,4,145,29.0,2.64144,6.6804,3866.839,23.038,0.053
yellow,4,146,29.2,2.53669,6.79531,3890.241,23.194,0.041
yellow,4,147,29.4,2.4063,6.91686,3926.414,23.37,0.01
yellow,4,148,29.6,2.328,7.05051,3945.647,23.525,0.023
yellow,4,149,29.8,2.26548,7.21865,3978.068,23.701,0.065
yellow,4,150,30.0,2.16916,7.35806,4001.498,23.872,0.057
yellow,4,151,30.2,2.05274,7.48908,4039.588,24.045,0.023
yellow,4,152,30.4,1.98923,7.62239,4057.399,24.193,0.031
yellow,4,153,30.6,1.94271,7.79189,4088.938,24.368,0.065
yellow,4,154,30.8,1.86216,7.93825,4111.946,24.536,0.051
yellow,4,155,31.0,1.76269,8.08331,4148.06,24.71,0.013
yellow,4,156,31.2,1.72181,8.228,4166.853,24.86,0.022
yellow,4,157,31.4,1.70505,8.40457,4200.198,25.037,0.057
yellow,4,158,31.6,1.64787,8.56505,4223.896,25.208,0.039
yellow,4,159,31.8,1.56886,8.72357,4261.277,25.38,0.0
yellow,4,160,32.0,1.53903,8.87065,4278.613,25.53,0.006
yellow,4,161,32.2,1.53304,9.0468,4309.549,25.702,0.043
yellow,4,162,32.4,1.48434,9.20635,4333.05,25.869,0.035
yellow,4,163,32.6,1.4121,9.36618,4370.695,26.042,0.004
yellow,4,164,32.8,1.3863,9.51344,4388.788,26.191,0.014
yellow,4,165,33.0,1.38274,9.69001,4420.048,26.363,0.054
yellow,4,166,33.2,1.33533,9.84856,4443.518,26.528,0.046
yellow,4,167,33.4,1.2633,10.00869,4480.956,26.701,0.015
yellow,4,168,33.6,1.23664,10.15728,4499.257,26.852,0.025
yellow,4,169,33.8,1.23031,10.32979,4529.209,27.021,0.061
yellow,4,170,34.0,1.17435,10.48655,4554.615,27.186,0.045
yellow,4,171,34.2,1.09371,10.64519,4597.397,27.36,0.005
yellow,4,172,34.4,1.06975,10.77916,4617.676,27.495,0.014
yellow,4,173,34.6,1.06882,10.94329,4645.625,27.655,0.053
yellow,4,174,34.8,1.03089,11.08437,4669.076,27.801,0.05
yellow,4,175,35.0,0.95855,11.24189,4698.676,27.971,0.018
yellow,4,176,35.2,0.93154,11.3817,4718.614,28.114,0.026
yellow,4,177,35.4,0.93115,11.54938,4748.509,28.276,0.066
yellow,4,178,35.6,0.88809,11.69437,4774.677,28.427,0.06
yellow,4,179,35.8,0.8052,11.85387,4808.465,28.602,0.018
yellow,4,180,36.0,0.77894,12.00281,4825.978,28.753,0.029
yellow,4,181,36.2,0.7794,12.1774,4856.644,28.922,0.072
yellow,4,182,36.4,0.73231,12.32566,4880.556,29.078,0.062
yellow,4,183,36.6,0.65929,12.468,4918.587,29.233,0.026
yellow,4,184,36.8,0.62611,12.5986,4934.35,29.368,0.025
yellow,4,185,37.0,0.60922,12.75839,4960.538,29.527,0.047
yellow,4,186,37.2,0.57043,12.88797,4984.007,29.662,0.041
yellow,4,187,37.4,0.49213,13.04896,5010.03,29.838,0.004
yellow,4,188,37.6,0.45226,13.18522,5032.769,29.979,0.001
yellow,4,189,37.8,0.45141,13.35153,5060.268,30.141,0.038
yellow,4,190,38.0,0.44867,13.50178,5090.329,30.287,0.072
yellow,4,191,38.2,0.40137,13.64042,5110.021,30.433,0.06
yellow,4,192,38.4,0.35621,13.7644,5143.355,30.565,0.046
yellow,4,193,38.6,0.32971,13.90086,5162.872,30.703,0.053
yellow,4,194,38.8,0.31413,14.05355,5190.009,30.855,0.075
yellow,4,195,39.0,0.26057,14.19437,5215.338,31.005,0.057
yellow,4,196,39.2,0.19034,14.34393,5249.102,31.167,0.026
yellow,4,197,39.4,0.15568,14.48635,5264.396,31.314,0.026
yellow,5,0,0.0,24.0,3.0,0.0,0.0,0.0
yellow,5,1,0.2,23.97834,3.00093,25.345,0.022,0.001
yellow,5,2,0.4,23.89994,3.01901,49.844,0.1,0.019
yellow,5,3,0.6,23.75397,3.04487,84.206,0.246,0.045
yellow,5,4,0.8,23.62845,3.05625,103.872,0.372,0.056
yellow,5,5,1.0,23.47321,3.06063,124.241,0.527,0.061
yellow,5,6,1.2,23.32685,3.06225,148.4,0.673,0.062
yellow,5,7,1.4,23.15556,3.03821,168.555,0.844,0.038
yellow,5,8,1.6,22.99696,3.01783,197.132,1.003,0.018
yellow,5,9,1.8,22.83666,3.02492,214.119,1.163,0.025
yellow,5,10,2.0,22.66605,3.0476,245.026,1.334,0.048
yellow,5,11,2.2,22.49018,3.03355,265.978,1.51,0.034
yellow,5,12,2.4,22.31765,3.01631,302.553,1.682,0.016
yellow,5,13,2.6,22.13611,3.03953,323.656,1.864,0.04
yellow,5,14,2.8,21.95367,3.06347,357.39,2.046,0.063
yellow,5,15,3.0,21.76795,3.03879,380.024,2.232,0.039
yellow,5,16,3.2,21.5857,3.0298,418.058,2.414,0.03
yellow,5,17,3.4,21.38041,3.06256,454.15,2.62,0.063
yellow,5,18,3.6,21.20004,3.06928,481.132,2.8,0.069
yellow,5,19,3.8,21.03468,3.04633,521.8,2.965,0.046
yellow,5,20,4.0,20.90739,3.03703,537.746,3.093,0.037
yellow,5,21,4.2,20.75711,3.04592,558.782,3.243,0.046
yellow,5,22,4.4,20.62217,3.04729,588.55,3.378,0.047
yellow,5,23,4.6,20.44101,3.01146,613.269,3.559,0.011
yellow,5,24,4.8,20.28737,2.98415,646.788,3.713,0.016
yellow,5,25,5.0,20.13912,2.99171,666.59,3.861,0.008
yellow,5,26,5.2,19.98385,3.01343,696.424,4.016,0.013
yellow,5,27,5.4,19.83175,2.99718,721.727,4.168,0.003
yellow,5,28,5.6,19.66938,2.97207,758.457,4.331,0.028
yellow,5,29,5.8,19.51712,2.98908,773.334,4.483,0.011
yellow,5,30,6.0,19.35616,3.03613,808.755,4.644,0.036
yellow,5,31,6.2,19.19342,3.02902,836.965,4.807,0.029
yellow,5,32,6.4,19.01949,2.99414,870.346,4.981,0.006
yellow,5,33,6.6,18.87873,3.00239,885.756,5.121,0.002
yellow,5,34,6.8,18.73187,3.02562,911.644,5.268,0.026
yellow,5,35,7.0,18.57736,3.01521,935.271,5.423,0.015
yellow,5,36,7.2,18.41776,2.99799,969.102,5.582,0.002
yellow,5,37,7.4,18.27186,3.0063,984.984,5.728,0.006
yellow,5,38,7.6,18.10602,3.03588,1013.881,5.894,0.036
yellow,5,39,7.8,17.93926,3.02369,1037.193,6.061,0.024
yellow,5,40,8.0,17.76768,2.98552,1077.492,6.232,0.014
yellow,5,41,8.2,17.63195,2.98035,1094.278,6.368,0.02
yellow,5,42,8.4,17.47108,3.00299,1125.207,6.529,0.003
yellow,5,43,8.6,17.32078,3.00642,1148.483,6.679,0.006
yellow,5,44,8.8,17.13735,2.97525,1185.641,6.863,0.025
yellow,5,45,9.0,16.99295,2.97396,1203.6,7.007,0.026
yellow,5,46,9.2,16.83204,3.01061,1226.335,7.168,0.011
yellow,5,47,9.4,16.69089,3.04168,1256.23,7.309,0.042
yellow,5,48,9.6,16.52682,3.03164,1276.98,7.473,0.032
yellow,5,49,9.8,16.38219,3.02159,1306.791,7.618,0.022
yellow,5,50,10.0,16.23686,3.03078,1325.932,7.763,0.031
yellow,5,51,10.2,16.07564,3.04873,1354.047,7.924,0.049
yellow,5,52,10.4,15.89781,3.0196,1378.71,8.102,0.02
yellow,5,53,10.6,15.71931,2.99008,1420.088,8.281,0.01
yellow,5,54,10.8,15.55922,3.01029,1442.084,8.441,0.01
yellow,5,55,11.0,15.39619,3.05313,1479.104,8.604,0.053
yellow,5,56,11.2,15.25314,3.04357,1505.411,8.747,0.044
yellow,5,57,11.4,15.08747,3.00905,1538.592,8.913,0.009
yellow,5,58,11.6,14.93884,3.01355,1558.124,9.061,0.014
yellow,5,59,11.8,14.77116,3.04917,1592.49,9.229,0.049
yellow,5,60,12.0,14.6273,3.05836,1613.587,9.373,0.058
yellow,5,61,12.2,14.47304,3.05143,1645.002,9.527,0.051
yellow,5,62,12.4,14.3171,3.06803,1661.157,9.683,0.068
yellow,5,63,12.6,14.14229,3.10987,1695.013,9.858,0.11
yellow,5,64,12.8,13.97949,3.10088,1719.341,10.021,0.101
yellow,5,65,13.0,13.80298,3.06343,1755.213,10.197,0.063
yellow,5,66,13.2,13.65716,3.06324,1773.181,10.343,0.063
yellow,5,67,13.4,13.48831,3.09247,1801.754,10.512,0.092
yellow,5,68,13.6,13.33092,3.07475,1823.791,10.669,0.075
yellow,5,69,13.8,13.15831,3.02234,1854.556,10.842,0.022
yellow,5,70,14.0,13.00241,3.01965,1872.895,10.998,0.02
yellow,5,71,14.2,12.83803,3.05136,1905.35,11.162,0.051
yellow,5,72,14.4,12.67809,3.03621,1930.968,11.322,0.036
yellow,5,73,14.6,12.51207,2.99765,1963.632,11.488,0.002
yellow,5,74,14.8,12.36706,3.00142,1980.668,11.633,0.001
yellow,5,75,15.0,12.20055,3.03463,2010.811,11.799,0.035
yellow,5,76,15.2,12.04263,3.02773,2034.084,11.957,0.028
yellow,5,77,15.4,11.86875,2.99554,2066.373,12.131,0.004
yellow,5,78,15.6,11.70766,3.01857,2086.978,12.292,0.019
yellow,5,79,15.8,11.52931,3.08073,2122.599,12.471,0.081
yellow,5,80,16.0,11.36854,3.08169,2148.471,12.631,0.082
yellow,5,81,16.2,11.20426,3.05521,2186.619,12.796,0.055
yellow,5,82,16.4,11.06709,3.05197,2202.865,12.933,0.052
yellow,5,83,16.6,10.90083,3.07663,2234.153,13.099,0.077
yellow,5,84,16.8,10.74921,3.07158,2258.243,13.251,0.072
yellow,5,85,17.0,10.57425,3.02784,2292.868,13.426,0.028
yellow,5,86,17.2,10.42568,3.0222,2310.816,13.574,0.022
yellow,5,87,17.4,10.24824,3.06229,2343.689,13.752,0.062
yellow,5,88,17.6,10.09756,3.07479,2368.506,13.902,0.075
yellow,5,89,17.8,9.93011,3.04422,2401.421,14.07,0.044
yellow,5,90,18.0,9.78182,3.04322,2419.165,14.218,0.043
yellow,5,91,18.2,9.60855,3.08284,2449.558,14.391,0.083
yellow,5,92,18.4,9.45262,3.08788,2473.354,14.547,0.088
yellow,5,93,18.6,9.27624,3.05023,2508.28,14.724,0.05
yellow,5,94,18.8,9.14011,3.03268,2527.853,14.86,0.033
yellow,5,95,19.0,8.98125,3.04011,2551.571,15.019,0.04
yellow,5,96,19.2,8.82472,3.0441,2577.715,15.175,0.044
yellow,5,97,19.4,8.64269,3.00059,2603.259,15.357,0.001
yellow,5,98,19.6,8.49004,2.9816,2634.425,15.51,0.018
yellow,5,99,19.8,8.32827,3.01766,2661.142,15.672,0.018
yellow,5,100,20.0,8.18748,3.05327,2698.538,15.813,0.053
yellow,5,101,20.2,8.04502,3.04633,2720.013,15.955,0.046
yellow,5,102,20.4,7.90965,3.03726,2754.0,16.09,0.037
yellow,5,103,20.6,7.76275,3.0519,2774.66,16.237,0.052
yellow,5,104,20.8,7.6028,3.08003,2805.156,16.397,0.08
yellow,5,105,21.0,7.45111,3.06181,2828.814,16.549,0.062
yellow,5,106,21.2,7.29194,3.02836,2860.249,16.708,0.028
yellow,5,107,21.4,7.15118,3.02078,2874.021,16.849,0.021
yellow,5,108,21.6,6.99664,3.03992,2903.258,17.003,0.04
yellow,5,109,21.8,6.86912,3.03876,2927.305,17.131,0.039
yellow,5,110,22.0,6.7021,3.01303,2955.024,17.298,0.013
yellow,5,111,22.2,6.55813,3.01284,2974.028,17.442,0.013
yellow,5,112,22.4,6.39296,3.06009,3000.177,17.607,0.06
yellow,5,113,22.6,6.23836,3.10186,3030.32,17.762,0.102
yellow,5,114,22.8,6.06323,3.10233,3056.822,17.937,0.102
yellow,5,115,23.0,5.92411,3.12516,3082.098,18.121,0.089
yellow,5,116,23.2,5.78035,3.20704,3107.697,18.297,0.096
yellow,5,117,23.4,5.64145,3.28599,3137.78,18.461,0.087
yellow,5,118,23.6,5.47049,3.34471,3159.823,18.639,0.031
yellow,5,119,23.8,5.34235,3.41289,3189.567,18.782,0.001
yellow,5,120,24.0,5.24308,3.55315,3217.06,18.951,0.037
yellow,5,121,24.2,5.14711,3.68176,3248.78,19.111,0.06
yellow,5,122,24.4,5.01234,3.7863,3269.809,19.281,0.033
yellow,5,123,24.6,4.8976,3.88981,3298.16,19.435,0.016
yellow,5,124,24.8,4.81307,4.03253,3321.06,19.599,0.044
yellow,5,125,25.0,4.72674,4.17431,3350.291,19.765,0.066
yellow,5,126,25.2,4.58962,4.29225,3373.522,19.943,0.03
yellow,5,127,25.4,4.47922,4.41,3401.275,20.104,0.013
yellow,5,128,25.6,4.40588,4.56811,3428.513,20.275,0.046
yellow,5,129,25.8,4.33147,4.69322,3456.219,20.421,0.057
yellow,5,130,26.0,4.20175,4.8154,3482.717,20.596,0.02
yellow,5,131,26.2,4.10451,4.9237,3514.316,20.74,0.001
yellow,5,132,26.4,4.03203,5.07043,3535.94,20.903,0.019
yellow,5,133,26.6,3.95638,5.19935,3563.458,21.052,0.026
yellow,5,134,26.8,3.82548,5.31655,3586.267,21.221,0.023
yellow,5,135,27.0,3.69817,5.42577,3617.403,21.398,0.049
yellow,5,136,27.2,3.59518,5.5469,3633.891,21.555,0.03
yellow,5,137,27.4,3.49863,5.6738,3661.76,21.712,0.003
yellow,5,138,27.6,3.37227,5.78907,3683.622,21.883,0.008
yellow,5,139,27.8,3.23475,5.9026,3715.76,22.061,0.024
yellow,5,140,28.0,3.13642,6.03261,3735.359,22.222,0.004
yellow,5,141,28.2,3.04422,6.1798,3769.751,22.393,0.03
yellow,5,142,28.4,2.91544,6.29796,3791.767,22.567,0.015
yellow,5,143,28.6,2.78491,6.41307,3826.456,22.74,0.008
yellow,5,144,28.8,2.70071,6.55601,3846.63,22.904,0.02
yellow,5,145,29.0,2.6236,6.71437,3879.698,23.076,0.06
yellow,5,146,29.2,2.50102,6.84371,3901.806,23.254,0.043
yellow,5,147,29.4,2.3878,6.95722,3939.881,23.414,0.018
yellow,5,148,29.6,2.313,7.09237,3958.709,23.568,0.034
yellow,5,149,29.8,2.24339,7.24732,3987.938,23.737,0.062
yellow,5,150,30.0,2.13172,7.37773,4011.737,23.908,0.035
yellow,5,151,30.2,2.01401,7.51345,4042.771,24.085,0.001
yellow,5,152,30.4,1.95564,7.66992,4062.344,24.251,0.022
yellow,5,153,30.6,1.91231,7.83909,4095.316,24.424,0.057
yellow,5,154,30.8,1.82462,7.99436,4117.329,24.604,0.038
yellow,5,155,31.0,1.74226,8.13618,4154.468,24.766,0.012
yellow,5,156,31.2,1.70926,8.28941,4173.963,24.924,0.029
yellow,5,157,31.4,1.68734,8.46063,4204.367,25.096,0.054
yellow,5,158,31.6,1.61664,8.61933,4226.758,25.267,0.021
yellow,5,159,31.8,1.54733,8.77388,4261.944,25.434,0.009
yellow,5,160,32.0,1.53097,8.93825,4282.362,25.598,0.015
yellow,5,161,32.2,1.52551,9.11229,4315.632,25.768,0.052
yellow,5,162,32.4,1.46628,9.27907,4337.49,25.944,0.035
yellow,5,163,32.6,1.40694,9.42815,4378.481,26.103,0.014
yellow,5,164,32.8,1.3858,9.58049,4397.28,26.256,0.03
yellow,5,165,33.0,1.37293,9.75014,4427.279,26.424,0.059
yellow,5,166,33.2,1.3081,9.90756,4449.936,26.592,0.034
yellow,5,167,33.4,1.23668,10.06935,4483.03,26.766,0.004
yellow,5,168,33.6,1.21963,10.23494,4502.917,26.931,0.028
yellow,5,169,33.8,1.21342,10.39819,4533.834,27.091,0.061
yellow,5,170,34.0,1.15991,10.55654,4556.963,27.258,0.048
yellow,5,171,34.2,1.09752,10.71807,4596.939,27.429,0.026
yellow,5,172,34.4,1.08491,10.88097,4617.214,27.591,0.054
yellow,5,173,34.6,1.08631,11.04608,4651.366,27.75,0.095
yellow,5,174,34.8,1.04373,11.19143,4672.722,27.902,0.089
yellow,5,175,35.0,0.98901,11.33247,4702.416,28.052,0.07
yellow,5,176,35.2,0.96146,11.46725,4719.466,28.189,0.076
yellow,5,177,35.4,0.94947,11.6347,4752.984,28.355,0.105
yellow,5,178,35.6,0.90799,11.77604,4777.265,28.502,0.099
yellow,5,179,35.8,0.83374,11.92648,4808.103,28.666,0.063
yellow,5,180,36.0,0.78819,12.06095,4823.395,28.807,0.052
yellow,5,181,36.2,0.77459,12.22666,4854.944,28.971,0.079
yellow,5,182,36.4,0.74605,12.37188,4879.974,29.119,0.086
yellow,5,183,36.6,0.6783,12.52141,4910.76,29.281,0.057
yellow,5,184,36.8,0.63661,12.65435,4929.397,29.42,0.049
yellow,5,185,37.0,0.61597,12.82463,4953.45,29.59,0.07
yellow,5,186,37.2,0.59413,12.96813,4985.005,29.734,0.084
yellow,5,187,37.4,0.52221,13.11483,5007.127,29.894,0.049
yellow,5,188,37.6,0.46929,13.24512,5040.224,30.033,0.03
yellow,5,189,37.8,0.45616,13.40641,5062.725,30.193,0.056
yellow,5,190,38.0,0.4476,13.57036,5099.567,30.354,0.087
yellow,5,191,38.2,0.39066,13.71752,5123.125,30.511,0.068
yellow,5,192,38.4,0.32505,13.86687,5154.876,30.672,0.041
yellow,5,193,38.6,0.30087,14.01686,5171.396,30.823,0.053
yellow,5,194,38.8,0.28587,14.18315,5202.187,30.988,0.079
yellow,5,195,39.0,0.2159,14.32638,5224.089,31.144,0.046
yellow,5,196,39.2,0.13365,14.47507,5257.525,31.308,0.002
yellow,6,0,0.0,24.0,3.0,0.0,0.0,0.0
yellow,6,1,0.2,23.97834,3.00093,25.345,0.022,0.001
yellow,6,2,0.4,23.89994,3.01901,49.844,0.1,0.019
yellow,6,3,0.6,23.75397,3.04487,84.206,0.246,0.045
yellow,6,4,0.8,23.62845,3.05625,103.872,0.372,0.056
yellow,6,5,1.0,23.47321,3.06063,124.241,0.527,0.061
yellow,6,6,1.2,23.32685,3.06225,148.4,0.673,0.062
yellow,6,7,1.4,23.15556,3.03821,168.555,0.844,0.038
yellow,6,8,1.6,22.99696,3.01783,197.132,1.003,0.018
yellow,6,9,1.8,22.83666,3.02492,214.119,1.163,0.025
yellow,6,10,2.0,22.66605,3.0476,245.026,1.334,0.048
yellow,6,11,2.2,22.49018,3.03355,265.978,1.51,0.034
yellow,6,12,2.4,22.31765,3.01631,302.553,1.682,0.016
yellow,6,13,2.6,22.13611,3.03953,323.656,1.864,0.04
yellow,6,14,2.8,21.95367,3.06347,357.39,2.046,0.063
yellow,6,15,3.0,21.76795,3.03879,380.024,2.232,0.039
yellow,6,16,3.2,21.5857,3.0298,418.058,2.414,0.03
yellow,6,17,3.4,21.38041,3.06256,454.15,2.62,0.063
yellow,6,18,3.6,21.20004,3.06928,481.132,2.8,0.069
yellow,6,19,3.8,21.03468,3.04633,521.8,2.965,0.046
yellow,6,20,4.0,20.90739,3.03703,537.746,3.093,0.037
yellow,6,21,4.2,20.75711,3.04592,558.782,3.243,0.046
yellow,6,22,4.4,20.62217,3.04729,588.55,3.378,0.047
yellow,6,23,4.6,20.44101,3.01146,613.269,3.559,0.011
yellow,6,24,4.8,20.28737,2.98415,646.788,3.713,0.016
yellow,6,25,5.0,20.13912,2.99171,666.59,3.861,0.008
yellow,6,26,5.2,19.98385,3.01343,696.424,4.016,0.013
yellow,6,27,5.4,19.83175,2.99718,721.727,4.168,0.003
yellow,6,28,5.6,19.66938,2.97207,758.457,4.331,0.028
yellow,6,29,5.8,19.51712,2.98908,773.334,4.483,0.011
yellow,6,30,6.0,19.35616,3.03613,808.755,4.644,0.036
yellow,6,31,6.2,19.19342,3.02902,836.965,4.807,0.029
yellow,6,32,6.4,19.01949,2.99414,870.346,4.981,0.006
yellow,6,33,6.6,18.87873,3.00239,885.756,5.121,0.002
yellow,6,34,6.8,18.73187,3.02562,911.644,5.268,0.026
yellow,6,35,7.0,18.57736,3.01521,935.271,5.423,0.015
yellow,6,36,7.2,18.41776,2.99799,969.102,5.582,0.002
yellow,6,37,7.4,18.27186,3.0063,984.984,5.728,0.006
yellow,6,38,7.6,18.10602,3.03588,1013.881,5.894,0.036
yellow,6,39,7.8,17.93926,3.02369,1037.193,6.061,0.024
yellow,6,40,8.0,17.76768,2.98552,1077.492,6.232,0.014
yellow,6,41,8.2,17.63195,2.98035,1094.278,6.368,0.02
yellow,6,42,8.4,17.47108,3.00299,1125.207,6.529,0.003
yellow,6,43,8.6,17.32078,3.00642,1148.483,6.679,0.006
yellow,6,44,8.8,17.13735,2.97525,1185.641,6.863,0.025
yellow,6,45,9.0,16.99295,2.97396,1203.6,7.007,0.026
yellow,6,46,9.2,16.83204,3.01061,1226.335,7.168,0.011
yellow,6,47,9.4,16.69089,3.04168,1256.23,7.309,0.042
yellow,6,48,9.6,16.52682,3.03164,1276.98,7.473,0.032
yellow,6,49,9.8,16.38219,3.02159,1306.791,7.618,0.022
yellow,6,50,10.0,16.23686,3.03078,1325.932,7.763,0.031
yellow,6,51,10.2,16.07564,3.04873,1354.047,7.924,0.049
yellow,6,52,10.4,15.89781,3.0196,1378.71,8.102,0.02
yellow,6,53,10.6,15.71931,2.99008,1420.088,8.281,0.01
yellow,6,54,10.8,15.55922,3.01029,1442.084,8.441,0.01
yellow,6,55,11.0,15.39619,3.05313,1479.104,8.604,0.053
yellow,6,56,11.2,15.25314,3.04357,1505.411,8.747,0.044
yellow,6,57,11.4,15.08747,3.00905,1538.592,8.913,0.009
yellow,6,58,11.6,14.93884,3.01355,1558.124,9.061,0.014
yellow,6,59,11.8,14.77116,3.04917,1592.49,9.229,0.049
yellow,6,60,12.0,14.6273,3.05836,1613.587,9.373,0.058
yellow,6,61,12.2,14.47304,3.05143,1645.002,9.527,0.051
yellow,6,62,12.4,14.3171,3.06803,1661.157,9.683,0.068
yellow,6,63,12.6,14.14229,3.10987,1695.013,9.858,0.11
yellow,6,64,12.8,13.97949,3.10088,1719.341,10.021,0.101
yellow,6,65,13.0,13.80298,3.06343,1755.213,10.197,0.063
yellow,6,66,13.2,13.65716,3.06324,1773.181,10.343,0.063
yellow,6,67,13.4,13.48831,3.09247,1801.754,10.512,0.092
yellow,6,68,13.6,13.33092,3.07475,1823.791,10.669,0.075
yellow,6,69,13.8,13.15831,3.02234,1854.556,10.842,0.022
yellow,6,70,14.0,13.00241,3.01965,1872.895,10.998,0.02
yellow,6,71,14.2,12.83803,3.05136,1905.35,11.162,0.051
yellow,6,72,14.4,12.67809,3.03621,1930.968,11.322,0.036
yellow,6,73,14.6,12.51207,2.99765,1963.632,11.488,0.002
yellow,6,74,14.8,12.36706,3.00142,1980.668,11.633,0.001
yellow,6,75,15.0,12.20055,3.03463,2010.811,11.799,0.035
yellow,6,76,15.2,12.04263,3.02773,2034.084,11.957,0.028
yellow,6,77,15.4,11.86875,2.99554,2066.373,12.131,0.004
yellow,6,78,15.6,11.70766,3.01857,2086.978,12.292,0.019
yellow,6,79,15.8,11.52931,3.08073,2122.599,12.471,0.081
yellow,6,80,16.0,11.36854,3.08169,2148.471,12.631,0.082
yellow,6,81,16.2,11.20426,3.05521,2186.619,12.796,0.055
yellow,6,82,16.4,11.06709,3.05197,2202.865,12.933,0.052
yellow,6,83,16.6,10.90083,3.07663,2234.153,13.099,0.077
yellow,6,84,16.8,10.74921,3.07158,2258.243,13.251,0.072
yellow,6,85,17.0,10.57425,3.02784,2292.868,13.426,0.028
yellow,6,86,17.2,10.42568,3.0222,2310.816,13.574,0.022
yellow,6,87,17.4,10.24824,3.06229,2343.689,13.752,0.062
yellow,6,88,17.6,10.09756,3.07479,2368.506,13.902,0.075
yellow,6,89,17.8,9.93011,3.04422,2401.421,14.07,0.044
yellow,6,90,18.0,9.78182,3.04322,2419.165,14.218,0.043
yellow,6,91,18.2,9.60855,3.08284,2449.558,14.391,0.083
yellow,6,92,18.4,9.45262,3.08788,2473.354,14.547,0.088
yellow,6,93,18.6,9.27624,3.05023,2508.28,14.724,0.05
yellow,6,94,18.8,9.14011,3.03268,2527.853,14.86,0.033
yellow,6,95,19.0,8.98125,3.04011,2551.571,15.019,0.04
yellow,6,96,19.2,8.82472,3.0441,2577.715,15.175,0.044
yellow,6,97,19.4,8.64269,3.00059,2603.259,15.357,0.001
yellow,6,98,19.6,8.49004,2.9816,2634.425,15.51,0.018
yellow,6,99,19.8,8.32827,3.01766,2661.142,15.672,0.018
yellow,6,100,20.0,8.18748,3.05327,2698.538,15.813,0.053
yellow,6,101,20.2,8.04502,3.04633,2720.013,15.955,0.046
yellow,6,102,20.4,7.90965,3.03726,2754.0,16.09,0.037
yellow,6,103,20.6,7.76275,3.0519,2774.66,16.237,0.052
yellow,6,104,20.8,7.6028,3.08003,2805.156,16.397,0.08
yellow,6,105,21.0,7.45111,3.06181,2828.814,16.549,0.062
yellow,6,106,21.2,7.29194,3.02836,2860.249,16.708,0.028
yellow,6,107,21.4,7.15118,3.02078,2874.021,16.849,0.021
yellow,6,108,21.6,6.99664,3.03992,2903.258,17.003,0.04
yellow,6,109,21.8,6.86912,3.03876,2927.305,17.131,0.039
yellow,6,110,22.0,6.7021,3.01303,2955.024,17.298,0.013
yellow,6,111,22.2,6.55813,3.01284,2974.028,17.442,0.013
yellow,6,112,22.4,6.39296,3.06009,3000.177,17.607,0.06
yellow,6,113,22.6,6.23836,3.10186,3030.32,17.762,0.102
yellow,6,114,22.8,6.06323,3.10233,3056.822,17.937,0.102
yellow,6,115,23.0,5.92411,3.12516,3082.098,18.121,0.089
yellow,6,116,23.2,5.78035,3.20704,3107.697,18.297,0.096
yellow,6,117,23.4,5.64145,3.28599,3137.78,18.461,0.087
yellow,6,118,23.6,5.47049,3.34471,3159.823,18.639,0.031
yellow,6,119,23.8,5.34235,3.41289,3189.567,18.782,0.001
yellow,6,120,24.0,5.24308,3.55315,3217.06,18.951,0.037
yellow,6,121,24.2,5.14711,3.68176,3248.78,19.111,0.06
yellow,6,122,24.4,5.01234,3.7863,3269.809,19.281,0.033
yellow,6,123,24.6,4.8976,3.88981,3298.16,19.435,0.016
yellow,6,124,24.8,4.81307,4.03253,3321.06,19.599,0.044
yellow,6,125,25.0,4.72659,4.17432,3350.349,19.765,0.066
yellow,6,126,25.2,4.58896,4.29232,3373.538,19.943,0.03
yellow,6,127,25.4,4.47992,4.41057,3402.564,20.104,0.013
yellow,6,128,25.6,4.41065,4.5713,3429.436,20.275,0.052
yellow,6,129,25.8,4.33848,4.6914,3457.998,20.416,0.062
yellow,6,130,26.0,4.20896,4.80765,3495.962,20.585,0.021
yellow,6,131,26.2,4.11166,4.92269,3511.697,20.735,0.005
yellow,6,132,26.4,4.03734,5.0724,3538.553,20.901,0.025
yellow,6,133,26.6,3.94856,5.19164,3562.601,21.05,0.015
yellow,6,134,26.8,3.80374,5.31232,3593.137,21.229,0.043
yellow,6,135,27.0,3.69419,5.42058,3612.28,21.398,0.056
yellow,6,136,27.2,3.59941,5.55808,3633.393,21.56,0.019
yellow,6,137,27.4,3.50788,5.67797,3660.428,21.709,0.006
yellow,6,138,27.6,3.37056,5.79394,3680.951,21.888,0.006
yellow,6,139,27.8,3.24536,5.90293,3710.098,22.053,0.017
yellow,6,140,28.0,3.14384,6.03511,3727.679,22.219,0.003
yellow,6,141,28.2,3.05369,6.16735,3761.65,22.377,0.029
yellow,6,142,28.4,2.92927,6.28646,3784.205,22.549,0.017
yellow,6,143,28.6,2.80261,6.4003,3818.48,22.719,0.002
yellow,6,144,28.8,2.71567,6.5316,3836.581,22.875,0.016
yellow,6,145,29.0,2.64144,6.6804,3866.839,23.038,0.053
yellow,6,146,29.2,2.53669,6.79531,3890.241,23.194,0.041
yellow,6,147,29.4,2.4063,6.91686,3926.414,23.37,0.01
yellow,6,148,29.6,2.328,7.05051,3945.647,23.525,0.023
yellow,6,149,29.8,2.26548,7.21865,3978.068,23.701,0.065
yellow,6,150,30.0,2.16916,7.35806,4001.498,23.872,0.057
yellow,6,151,30.2,2.05274,7.48908,4039.588,24.045,0.023
yellow,6,152,30.4,1.98923,7.62239,4057.399,24.193,0.031
yellow,6,153,30.6,1.94271,7.79189,4088.938,24.368,0.065
yellow,6,154,30.8,1.86216,7.93825,4111.946,24.536,0.051
yellow,6,155,31.0,1.76269,8.08331,4148.06,24.71,0.013
yellow,6,156,31.2,1.72181,8.228,4166.853,24.86,0.022
yellow,6,157,31.4,1.70505,8.40457,4200.198,25.037,0.057
yellow,6,158,31.6,1.64787,8.56505,4223.896,25.208,0.039
yellow,6,159,31.8,1.56886,8.72357,4261.277,25.38,0.0
yellow,6,160,32.0,1.53903,8.87065,4278.613,25.53,0.006
yellow,6,161,32.2,1.53304,9.0468,4309.549,25.702,0.043
yellow,6,162,32.4,1.48434,9.20635,4333.05,25.869,0.035
yellow,6,163,32.6,1.4121,9.36618,4370.695,26.042,0.004
yellow,6,164,32.8,1.3863,9.51344,4388.788,26.191,0.014
yellow,6,165,33.0,1.38274,9.69001,4420.048,26.363,0.054
yellow,6,166,33.2,1.33533,9.84856,4443.518,26.528,0.046
yellow,6,167,33.4,1.2633,10.00869,4480.956,26.701,0.015
yellow,6,168,33.6,1.23664,10.15728,4499.257,26.852,0.025
yellow,6,169,33.8,1.23031,10.32979,4529.209,27.021,0.061
yellow,6,170,34.0,1.17435,10.48655,4554.615,27.186,0.045
yellow,6,171,34.2,1.09371,10.64519,4597.397,27.36,0.005
yellow,6,172,34.4,1.06975,10.77916,4617.676,27.495,0.014
yellow,6,173,34.6,1.06882,10.94329,4645.625,27.655,0.053
yellow,6,174,34.8,1.03089,11.08437,4669.076,27.801,0.05
yellow,6,175,35.0,0.95855,11.24189,4698.676,27.971,0.018
yellow,6,176,35.2,0.93154,11.3817,4718.614,28.114,0.026
yellow,6,177,35.4,0.93115,11.54938,4748.509,28.276,0.066
yellow,6,178,35.6,0.88809,11.69437,4774.677,28.427,0.06
yellow,6,179,35.8,0.8052,11.85387,4808.465,28.602,0.018
yellow,6,180,36.0,0.77894,12.00281,4825.978,28.753,0.029
yellow,6,181,36.2,0.7794,12.1774,4856.644,28.922,0.072
yellow,6,182,36.4,0.73231,12.32566,4880.556,29.078,0.062
yellow,6,183,36.6,0.65929,12.468,4918.587,29.233,0.026
yellow,6,184,36.8,0.62611,12.5986,4934.35,29.368,0.025
yellow,6,185,37.0,0.60922,12.75839,4960.538,29.527,0.047
yellow,6,186,37.2,0.57043,12.88797,4984.007,29.662,0.041
yellow,6,187,37.4,0.49213,13.04896,5010.03,29.838,0.004
yellow,6,188,37.6,0.45226,13.18522,5032.769,29.979,0.001
yellow,6,189,37.8,0.45141,13.35153,5060.268,30.141,0.038
yellow,6,190,38.0,0.44867,13.50178,5090.329,30.287,0.072
yellow,6,191,38.2,0.40137,13.64042,5110.021,30.433,0.06
yellow,6,192,38.4,0.35621,13.7644,5143.355,30.565,0.046
yellow,6,193,38.6,0.32971,13.90086,5162.872,30.703,0.053
yellow,6,194,38.8,0.31413,14.05355,5190.009,30.855,0.075
yellow,6,195,39.0,0.26057,14.19437,5215.338,31.005,0.057
yellow,6,196,39.2,0.19034,14.34393,5249.102,31.167,0.026
yellow,6,197,39.4,0.15568,14.48635,5264.396,31.314,0.026
yellow,7,0,0.0,24.0,3.0,0.0,0.0,0.0
yellow,7,1,0.2,23.97834,3.00093,25.345,0.022,0.001
yellow,7,2,0.4,23.89994,3.01901,49.844,0.1,0.019
yellow,7,3,0.6,23.75397,3.04487,84.206,0.246,0.045
yellow,7,4,0.8,23.62845,3.05625,103.872,0.372,0.056
yellow,7,5,1.0,23.47321,3.06063,124.241,0.527,0.061
yellow,7,6,1.2,23.32685,3.06225,148.4,0.673,0.062
yellow,7,7,1.4,23.15556,3.03821,168.555,0.844,0.038
yellow,7,8,1.6,22.99696,3.01783,197.132,1.003,0.018
yellow,7,9,1.8,22.83666,3.02492,214.119,1.163,0.025
yellow,7,10,2.0,22.66605,3.0476,245.026,1.334,0.048
yellow,7,11,2.2,22.49018,3.03355,265.978,1.51,0.034
yellow,7,12,2.4,22.31765,3.01631,302.553,1.682,0.016
yellow,7,13,2.6,22.13611,3.03953,323.656,1.864,0.04
yellow,7,14,2.8,21.95367,3.06347,357.39,2.046,0.063
yellow,7,15,3.0,21.76795,3.03879,380.024,2.232,0.039
yellow,7,16,3.2,21.5857,3.0298,418.058,2.414,0.03
yellow,7,17,3.4,21.38041,3.06256,454.15,2.62,0.063
yellow,7,18,3.6,21.20004,3.06928,481.132,2.8,0.069
yellow,7,19,3.8,21.03468,3.04633,521.8,2.965,0.046
yellow,7,20,4.0,20.90739,3.03703,537.746,3.093,0.037
yellow,7,21,4.2,20.75711,3.04592,558.782,3.243,0.046
yellow,7,22,4.4,20.62217,3.04729,588.55,3.378,0.047
yellow,7,23,4.6,20.44101,3.01146,613.269,3.559,0.011
yellow,7,24,4.8,20.28737,2.98415,646.788,3.713,0.016
yellow,7,25,5.0,20.13912,2.99171,666.59,3.861,0.008
yellow,7,26,5.2,19.98385,3.01343,696.424,4.016,0.013
yellow,7,27,5.4,19.83175,2.99718,721.727,4.168,0.003
yellow,7,28,5.6,19.66938,2.97207,758.457,4.331,0.028
yellow,7,29,5.8,19.51712,2.98908,773.334,4.483,0.011
yellow,7,30,6.0,19.35616,3.03613,808.755,4.644,0.036
yellow,7,31,6.2,19.19342,3.02902,836.965,4.807,0.029
yellow,7,32,6.4,19.01949,2.99414,870.346,4.981,0.006
yellow,7,33,6.6,18.87873,3.00239,885.756,5.121,0.002
yellow,7,34,6.8,18.73187,3.02562,911.644,5.268,0.026
yellow,7,35,7.0,18.57736,3.01521,935.271,5.423,0.015
yellow,7,36,7.2,18.41776,2.99799,969.102,5.582,0.002
yellow,7,37,7.4,18.27186,3.0063,984.984,5.728,0.006
yellow,7,38,7.6,18.10602,3.03588,1013.881,5.894,0.036
yellow,7,39,7.8,17.93926,3.02369,1037.193,6.061,0.024
yellow,7,40,8.0,17.76768,2.98552,1077.492,6.232,0.014
yellow,7,41,8.2,17.63195,2.98035,1094.278,6.368,0.02
yellow,7,42,8.4,17.47108,3.00299,1125.207,6.529,0.003
yellow,7,43,8.6,17.32078,3.00642,1148.483,6.679,0.006
yellow,7,44,8.8,17.13735,2.97525,1185.641,6.863,0.025
yellow,7,45,9.0,16.99295,2.97396,1203.6,7.007,0.026
yellow,7,46,9.2,16.83204,3.01061,1226.335,7.168,0.011
yellow,7,47,9.4,16.69089,3.04168,1256.23,7.309,0.042
yellow,7,48,9.6,16.52682,3.03164,1276.98,7.473,0.032
yellow,7,49,9.8,16.38219,3.02159,1306.791,7.618,0.022
yellow,7,50,10.0,16.23686,3.03078,1325.932,7.763,0.031
yellow,7,51,10.2,16.07564,3.04873,1354.047,7.924,0.049
yellow,7,52,10.4,15.89781,3.0196,1378.71,8.102,0.02
yellow,7,53,10.6,15.71931,2.99008,1420.088,8.281,0.01
yellow,7,54,10.8,15.55922,3.01029,1442.084,8.441,0.01
yellow,7,55,11.0,15.39619,3.05313,1479.104,8.604,0.053
yellow,7,56,11.2,15.25314,3.04357,1505.411,8.747,0.044
yellow,7,57,11.4,15.08747,3.00905,1538.592,8.913,0.009
yellow,7,58,11.6,14.93884,3.01355,1558.124,9.061,0.014
yellow,7,59,11.8,14.77116,3.04917,1592.49,9.229,0.049
yellow,7,60,12.0,14.6273,3.05836,1613.587,9.373,0.058
yellow,7,61,12.2,14.47304,3.05143,1645.002,9.527,0.051
yellow,7,62,12.4,14.3171,3.06803,1661.157,9.683,0.068
yellow,7,63,12.6,14.14229,3.10987,1695.013,9.858,0.11
yellow,7,64,12.8,13.97949,3.10088,1719.341,10.021,0.101
yellow,7,65,13.0,13.80298,3.06343,1755.213,10.197,0.063
yellow,7,66,13.2,13.65716,3.06324,1773.181,10.343,0.063
yellow,7,67,13.4,13.48831,3.09247,1801.754,10.512,0.092
yellow,7,68,13.6,13.33092,3.07475,1823.791,10.669,0.075
yellow,7,69,13.8,13.15831,3.02234,1854.556,10.842,0.022
yellow,7,70,14.0,13.00241,3.01965,1872.895,10.998,0.02
yellow,7,71,14.2,12.83803,3.05136,1905.35,11.162,0.051
yellow,7,72,14.4,12.67809,3.03621,1930.968,11.322,0.036
yellow,7,73,14.6,12.51207,2.99765,1963.632,11.488,0.002
yellow,7,74,14.8,12.36706,3.00142,1980.668,11.633,0.001
yellow,7,75,15.0,12.20055,3.03463,2010.811,11.799,0.035
yellow,7,76,15.2,12.04263,3.02773,2034.084,11.957,0.028
yellow,7,77,15.4,11.86875,2.99554,2066.373,12.131,0.004
yellow,7,78,15.6,11.70766,3.01857,2086.978,12.292,0.019
yellow,7,79,15.8,11.52931,3.08073,2122.599,12.471,0.081
yellow,7,80,16.0,11.36854,3.08169,2148.471,12.631,0.082
yellow,7,81,16.2,11.20426,3.05521,2186.619,12.796,0.055
yellow,7,82,16.4,11.06709,3.05197,2202.865,12.933,0.052
yellow,7,83,16.6,10.90083,3.07663,2234.153,13.099,0.077
yellow,7,84,16.8,10.74921,3.07158,2258.243,13.251,0.072
yellow,7,85,17.0,10.57425,3.02784,2292.868,13.426,0.028
yellow,7,86,17.2,10.42568,3.0222,2310.816,13.574,0.022
yellow,7,87,17.4,10.24824,3.06229,2343.689,13.752,0.062
yellow,7,88,17.6,10.09756,3.07479,2368.506,13.902,0.075
yellow,7,89,17.8,9.93011,3.04422,2401.421,14.07,0.044
yellow,7,90,18.0,9.78182,3.04322,2419.165,14.218,0.043
yellow,7,91,18.2,9.60855,3.08284,2449.558,14.391,0.083
yellow,7,92,18.4,9.45262,3.08788,2473.354,14.547,0.088
yellow,7,93,18.6,9.27624,3.05023,2508.28,14.724,0.05
yellow,7,94,18.8,9.14011,3.03268,2527.853,14.86,0.033
yellow,7,95,19.0,8.98125,3.04011,2551.571,15.019,0.04
yellow,7,96,19.2,8.82472,3.0441,2577.715,15.175,0.044
yellow,7,97,19.4,8.64269,3.00059,2603.259,15.357,0.001
yellow,7,98,19.6,8.49004,2.9816,2634.425,15.51,0.018
yellow,7,99,19.8,8.32827,3.01766,2661.142,15.672,0.018
yellow,7,100,20.0,8.18748,3.05327,2698.538,15.813,0.053
yellow,7,101,20.2,8.04502,3.04633,2720.013,15.955,0.046
yellow,7,102,20.4,7.90965,3.03726,2754.0,16.09,0.037
yellow,7,103,20.6,7.76275,3.0519,2774.66,16.237,0.052
yellow,7,104,20.8,7.6028,3.08003,2805.156,16.397,0.08
yellow,7,105,21.0,7.45111,3.06181,2828.814,16.549,0.062
yellow,7,106,21.2,7.29194,3.02836,2860.249,16.708,0.028
yellow,7,107,21.4,7.15118,3.02078,2874.021,16.849,0.021
yellow,7,108,21.6,6.99664,3.03992,2903.258,17.003,0.04
yellow,7,109,21.8,6.86912,3.03876,2927.305,17.131,0.039
yellow,7,110,22.0,6.7021,3.01303,2955.024,17.298,0.013
yellow,7,111,22.2,6.55813,3.01284,2974.028,17.442,0.013
yellow,7,112,22.4,6.39296,3.06009,3000.177,17.607,0.06
yellow,7,113,22.6,6.23836,3.10186,3030.32,17.762,0.102
yellow,7,114,22.8,6.06323,3.10233,3056.822,17.937,0.102
yellow,7,115,23.0,5.92411,3.12516,3082.098,18.121,0.089
yellow,7,116,23.2,5.78035,3.20704,3107.697,18.297,0.096
yellow,7,117,23.4,5.64145,3.28599,3137.78,18.461,0.087
yellow,7,118,23.6,5.47049,3.34471,3159.823,18.639,0.031
yellow,7,119,23.8,5.34235,3.41289,3189.567,18.782,0.001
yellow,7,120,24.0,5.24308,3.55315,3217.06,18.951,0.037
yellow,7,121,24.2,5.14711,3.68176,3248.78,19.111,0.06
yellow,7,122,24.4,5.01234,3.7863,3269.809,19.281,0.033
yellow,7,123,24.6,4.8976,3.88981,3298.16,19.435,0.016
yellow,7,124,24.8,4.81307,4.03253,3321.06,19.599,0.044
yellow,7,125,25.0,4.72674,4.17431,3350.291,19.765,0.066
yellow,7,126,25.2,4.58962,4.29225,3373.522,19.943,0.03
yellow,7,127,25.4,4.47922,4.41,3401.275,20.104,0.013
yellow,7,128,25.6,4.40588,4.56811,3428.513,20.275,0.046
yellow,7,129,25.8,4.33147,4.69322,3456.219,20.421,0.057
yellow,7,130,26.0,4.20175,4.8154,3482.717,20.596,0.02
yellow,7,131,26.2,4.10451,4.9237,3514.316,20.74,0.001
yellow,7,132,26.4,4.03203,5.07043,3535.94,20.903,0.019
yellow,7,133,26.6,3.95638,5.19935,3563.458,21.052,0.026
yellow,7,134,26.8,3.82548,5.31655,3586.267,21.221,0.023
yellow,7,135,27.0,3.69817,5.42577,3617.403,21.398,0.049
yellow,7,136,27.2,3.59518,5.5469,3633.891,21.555,0.03
yellow,7,137,27.4,3.49863,5.6738,3661.76,21.712,0.003
yellow,7,138,27.6,3.37227,5.78907,3683.622,21.883,0.008
yellow,7,139,27.8,3.23475,5.9026,3715.76,22.061,0.024
yellow,7,140,28.0,3.13642,6.03261,3735.359,22.222,0.004
yellow,7,141,28.2,3.04422,6.1798,3769.751,22.393,0.03
yellow,7,142,28.4,2.91544,6.29796,3791.767,22.567,0.015
yellow,7,143,28.6,2.78491,6.41307,3826.456,22.74,0.008
yellow,7,144,28.8,2.70071,6.55601,3846.63,22.904,0.02
yellow,7,145,29.0,2.6236,6.71437,3879.698,23.076,0.06
yellow,7,146,29.2,2.50102,6.84371,3901.806,23.254,0.043
yellow,7,147,29.4,2.3878,6.95722,3939.881,23.414,0.018
yellow,7,148,29.6,2.313,7.09237,3958.709,23.568,0.034
yellow,7,149,29.8,2.24339,7.24732,3987.938,23.737,0.062
yellow,7,150,30.0,2.13172,7.37773,4011.737,23.908,0.035
yellow,7,151,30.2,2.01401,7.51345,4042.771,24.085,0.001
yellow,7,152,30.4,1.95564,7.66992,4062.344,24.251,0.022
yellow,7,153,30.6,1.91231,7.83909,4095.316,24.424,0.057
yellow,7,154,30.8,1.82462,7.99436,4117.329,24.604,0.038
yellow,7,155,31.0,1.74226,8.13618,4154.468,24.766,0.012
yellow,7,156,31.2,1.70926,8.28941,4173.963,24.924,0.029
yellow,7,157,31.4,1.68734,8.46063,4204.367,25.096,0.054
yellow,7,158,31.6,1.61664,8.61933,4226.758,25.267,0.021
yellow,7,159,31.8,1.54733,8.77388,4261.944,25.434,0.009
yellow,7,160,32.0,1.53097,8.93825,4282.362,25.598,0.015
yellow,7,161,32.2,1.52551,9.11229,4315.632,25.768,0.052
yellow,7,162,32.4,1.46628,9.27907,4337.49,25.944,0.035
yellow,7,163,32.6,1.40694,9.42815,4378.481,26.103,0.014
yellow,7,164,32.8,1.3858,9.58049,4397.28,26.256,0.03
yellow,7,165,33.0,1.37293,9.75014,4427.279,26.424,0.059
yellow,7,166,33.2,1.3081,9.90756,4449.936,26.592,0.034
yellow,7,167,33.4,1.23668,10.06935,4483.03,26.766,0.004
yellow,7,168,33.6,1.21963,10.23494,4502.917,26.931,0.028
yellow,7,169,33.8,1.21342,10.39819,4533.834,27.091,0.061
yellow,7,170,34.0,1.15991,10.55654,4556.963,27.258,0.048
yellow,7,171,34.2,1.09752,10.71807,4596.939,27.429,0.026
yellow,7,172,34.4,1.08491,10.88097,4617.214,27.591,0.054
yellow,7,173,34.6,1.08631,11.04608,4651.366,27.75,0.095
yellow,7,174,34.8,1.04373,11.19143,4672.722,27.902,0.089
yellow,7,175,35.0,0.98901,11.33247,4702.416,28.052,0.07
yellow,7,176,35.2,0.96146,11.46725,4719.466,28.189,0.076
yellow,7,177,35.4,0.94947,11.6347,4752.984,28.355,0.105
yellow,7,178,35.6,0.90799,11.77604,4777.265,28.502,0.099
yellow,7,179,35.8,0.83374,11.92648,4808.103,28.666,0.063
yellow,7,180,36.0,0.78819,12.06095,4823.395,28.807,0.052
yellow,7,181,36.2,0.77459,12.22666,4854.944,28.971,0.079
yellow,7,182,36.4,0.74605,12.37188,4879.974,29.119,0.086
yellow,7,183,36.6,0.6783,12.52141,4910.76,29.281,0.057
yellow,7,184,36.8,0.63661,12.65435,4929.397,29.42,0.049
yellow,7,185,37.0,0.61597,12.82463,4953.45,29.59,0.07
yellow,7,186,37.2,0.59413,12.96813,4985.005,29.734,0.084
yellow,7,187,37.4,0.52221,13.11483,5007.127,29.894,0.049
yellow,7,188,37.6,0.46929,13.24512,5040.224,30.033,0.03
yellow,7,189,37.8,0.45616,13.40641,5062.725,30.193,0.056
yellow,7,190,38.0,0.4476,13.57036,5099.567,30.354,0.087
yellow,7,191,38.2,0.39066,13.71752,5123.125,30.511,0.068
yellow,7,192,38.4,0.32505,13.86687,5154.876,30.672,0.041
yellow,7,193,38.6,0.30087,14.01686,5171.396,30.823,0.053
yellow,7,194,38.8,0.28587,14.18315,5202.187,30.988,0.079
yellow,7,195,39.0,0.2159,14.32638,5224.089,31.144,0.046
yellow,7,196,39.2,0.13365,14.47507,5257.525,31.308,0.002
yellow,8,0,0.0,24.0,3.0,0.0,0.0,0.0
yellow,8,1,0.2,23.97834,3.00093,25.345,0.022,0.001
yellow,8,2,0.4,23.89994,3.01901,49.844,0.1,0.019
yellow,8,3,0.6,23.75397,3.04487,84.206,0.246,0.045
yellow,8,4,0.8,23.62845,3.05625,103.872,0.372,0.056
yellow,8,5,1.0,23.47321,3.06063,124.241,0.527,0.061
yellow,8,6,1.2,23.32685,3.06225,148.4,0.673,0.062
yellow,8,7,1.4,23.15556,3.03821,168.555,0.844,0.038
yellow,8,8,1.6,22.99696,3.01783,197.132,1.003,0.018
yellow,8,9,1.8,22.83666,3.02492,214.119,1.163,0.025
yellow,8,10,2.0,22.66605,3.0476,245.026,1.334,0.048
yellow,8,11,2.2,22.49018,3.03355,265.978,1.51,0.034
yellow,8,12,2.4,22.31765,3.01631,302.553,1.682,0.016
yellow,8,13,2.6,22.13611,3.03953,323.656,1.864,0.04
yellow,8,14,2.8,21.95367,3.06347,357.39,2.046,0.063
yellow,8,15,3.0,21.76795,3.03879,380.024,2.232,0.039
yellow,8,16,3.2,21.5857,3.0298,418.058,2.414,0.03
yellow,8,17,3.4,21.38041,3.06256,454.15,2.62,0.063
yellow,8,18,3.6,21.20004,3.06928,481.132,2.8,0.069
yellow,8,19,3.8,21.03468,3.04633,521.8,2.965,0.046
yellow,8,20,4.0,20.90739,3.03703,537.746,3.093,0.037
yellow,8,21,4.2,20.75711,3.04592,558.782,3.243,0.046
yellow,8,22,4.4,20.62217,3.04729,588.55,3.378,0.047
yellow,8,23,4.6,20.44101,3.01146,613.269,3.559,0.011
yellow,8,24,4.8,20.28737,2.98415,646.788,3.713,0.016
yellow,8,25,5.0,20.13912,2.99171,666.59,3.861,0.008
yellow,8,26,5.2,19.98385,3.01343,696.424,4.016,0.013
yellow,8,27,5.4,19.83175,2.99718,721.727,4.168,0.003
yellow,8,28,5.6,19.66938,2.97207,758.457,4.331,0.028
yellow,8,29,5.8,19.51712,2.98908,773.334,4.483,0.011
yellow,8,30,6.0,19.35616,3.03613,808.755,4.644,0.036
yellow,8,31,6.2,19.19342,3.02902,836.965,4.807,0.029
yellow,8,32,6.4,19.01949,2.99414,870.346,4.981,0.006
yellow,8,33,6.6,18.87873,3.00239,885.756,5.121,0.002
yellow,8,34,6.8,18.73187,3.02562,911.644,5.268,0.026
yellow,8,35,7.0,18.57736,3.01521,935.271,5.423,0.015
yellow,8,36,7.2,18.41776,2.99799,969.102,5.582,0.002
yellow,8,37,7.4,18.27186,3.0063,984.984,5.728,0.006
yellow,8,38,7.6,18.10602,3.03588,1013.881,5.894,0.036
yellow,8,39,7.8,17.93926,3.02369,1037.193,6.061,0.024
yellow,8,40,8.0,17.76768,2.98552,1077.492,6.232,0.014
yellow,8,41,8.2,17.63195,2.98035,1094.278,6.368,0.02
yellow,8,42,8.4,17.47108,3.00299,1125.207,6.529,0.003
yellow,8,43,8.6,17.32078,3.00642,1148.483,6.679,0.006
yellow,8,44,8.8,17.13735,2.97525,1185.641,6.863,0.025
yellow,8,45,9.0,16.99295,2.97396,1203.6,7.007,0.026
yellow,8,46,9.2,16.83204,3.01061,1226.335,7.168,0.011
yellow,8,47,9.4,16.69089,3.04168,1256.23,7.309,0.042
yellow,8,48,9.6,16.52682,3.03164,1276.98,7.473,0.032
yellow,8,49,9.8,16.38219,3.02159,1306.791,7.618,0.022
yellow,8,50,10.0,16.23686,3.03078,1325.932,7.763,0.031
yellow,8,51,10.2,16.07564,3.04873,1354.047,7.924,0.049
yellow,8,52,10.4,15.89781,3.0196,1378.71,8.102,0.02
yellow,8,53,10.6,15.71931,2.99008,1420.088,8.281,0.01
yellow,8,54,10.8,15.55922,3.01029,1442.084,8.441,0.01
yellow,8,55,11.0,15.39619,3.05313,1479.104,8.604,0.053
yellow,8,56,11.2,15.25314,3.04357,1505.411,8.747,0.044
yellow,8,57,11.4,15.08747,3.00905,1538.592,8.913,0.009
yellow,8,58,11.6,14.93884,3.01355,1558.124,9.061,0.014
yellow,8,59,11.8,14.77116,3.04917,1592.49,9.229,0.049
yellow,8,60,12.0,14.6273,3.05836,1613.587,9.373,0.058
yellow,8,61,12.2,14.47304,3.05143,1645.002,9.527,0.051
yellow,8,62,12.4,14.3171,3.06803,1661.157,9.683,0.068
yellow,8,63,12.6,14.14229,3.10987,1695.013,9.858,0.11
yellow,8,64,12.8,13.97949,3.10088,1719.341,10.021,0.101
yellow,8,65,13.0,13.80298,3.06343,1755.213,10.197,0.063
yellow,8,66,13.2,13.65716,3.06324,1773.181,10.343,0.063
yellow,8,67,13.4,13.48831,3.09247,1801.754,10.512,0.092
yellow,8,68,13.6,13.33092,3.07475,1823.791,10.669,0.075
yellow,8,69,13.8,13.15831,3.02234,1854.556,10.842,0.022
yellow,8,70,14.0,13.00241,3.01965,1872.895,10.998,0.02
yellow,8,71,14.2,12.83803,3.05136,1905.35,11.162,0.051
yellow,8,72,14.4,12.67809,3.03621,1930.968,11.322,0.036
yellow,8,73,14.6,12.51207,2.99765,1963.632,11.488,0.002
yellow,8,74,14.8,12.36706,3.00142,1980.668,11.633,0.001
yellow,8,75,15.0,12.20055,3.03463,2010.811,11.799,0.035
yellow,8,76,15.2,12.04263,3.02773,2034.084,11.957,0.028
yellow,8,77,15.4,11.86875,2.99554,2066.373,12.131,0.004
yellow,8,78,15.6,11.70766,3.01857,2086.978,12.292,0.019
yellow,8,79,15.8,11.52931,3.08073,2122.599,12.471,0.081
yellow,8,80,16.0,11.36854,3.08169,2148.471,12.631,0.082
yellow,8,81,16.2,11.20426,3.05521,2186.619,12.796,0.055
yellow,8,82,16.4,11.06709,3.05197,2202.865,12.933,0.052
yellow,8,83,16.6,10.90083,3.07663,2234.153,13.099,0.077
yellow,8,84,16.8,10.74921,3.07158,2258.243,13.251,0.072
yellow,8,85,17.0,10.57425,3.02784,2292.868,13.426,0.028
yellow,8,86,17.2,10.42568,3.0222,2310.816,13.574,0.022
yellow,8,87,17.4,10.24824,3.06229,2343.689,13.752,0.062
yellow,8,88,17.6,10.09756,3.07479,2368.506,13.902,0.075
yellow,8,89,17.8,9.93011,3.04422,2401.421,14.07,0.044
yellow,8,90,18.0,9.78182,3.04322,2419.165,14.218,0.043
yellow,8,91,18.2,9.60855,3.08284,2449.558,14.391,0.083
yellow,8,92,18.4,9.45262,3.08788,2473.354,14.547,0.088
yellow,8,93,18.6,9.27624,3.05023,2508.28,14.724,0.05
yellow,8,94,18.8,9.14011,3.03268,2527.853,14.86,0.033
yellow,8,95,19.0,8.98125,3.04011,2551.571,15.019,0.04
yellow,8,96,19.2,8.82472,3.0441,2577.715,15.175,0.044
yellow,8,97,19.4,8.64269,3.00059,2603.259,15.357,0.001
yellow,8,98,19.6,8.49004,2.9816,2634.425,15.51,0.018
yellow,8,99,19.8,8.32827,3.01766,2661.142,15.672,0.018
yellow,8,100,20.0,8.18748,3.05327,2698.538,15.813,0.053
yellow,8,101,20.2,8.04502,3.04633,2720.013,15.955,0.046
yellow,8,102,20.4,7.90965,3.03726,2754.0,16.09,0.037
yellow,8,103,20.6,7.76275,3.0519,2774.66,16.237,0.052
yellow,8,104,20.8,7.6028,3.08003,2805.156,16.397,0.08
yellow,8,105,21.0,7.45111,3.06181,2828.814,16.549,0.062
yellow,8,106,21.2,7.29194,3.02836,2860.249,16.708,0.028
yellow,8,107,21.4,7.15118,3.02078,2874.021,16.849,0.021
yellow,8,108,21.6,6.99664,3.03992,2903.258,17.003,0.04
yellow,8,109,21.8,6.86912,3.03876,2927.305,17.131,0.039
yellow,8,110,22.0,6.7021,3.01303,2955.024,17.298,0.013
yellow,8,111,22.2,6.55813,3.01284,2974.028,17.442,0.013
yellow,8,112,22.4,6.39296,3.06009,3000.177,17.607,0.06
yellow,8,113,22.6,6.23836,3.10186,3030.32,17.762,0.102
yellow,8,114,22.8,6.06323,3.10233,3056.822,17.937,0.102
yellow,8,115,23.0,5.92411,3.12516,3082.098,18.121,0.089
yellow,8,116,23.2,5.78035,3.20704,3107.697,18.297,0.096
yellow,8,117,23.4,5.64145,3.28599,3137.78,18.461,0.087
yellow,8,118,23.6,5.47049,3.34471,3159.823,18.639,0.031
yellow,8,119,23.8,5.34235,3.41289,3189.567,18.782,0.001
yellow,8,120,24.0,5.24308,3.55315,3217.06,18.951,0.037
yellow,8,121,24.2,5.14711,3.68176,3248.78,19.111,0.06
yellow,8,122,24.4,5.01234,3.7863,3269.809,19.281,0.033
yellow,8,123,24.6,4.8976,3.88981,3298.16,19.435,0.016
yellow,8,124,24.8,4.81307,4.03253,3321.06,19.599,0.044
yellow,8,125,25.0,4.72674,4.17431,3350.291,19.765,0.066
yellow,8,126,25.2,4.58962,4.29225,3373.522,19.943,0.03
yellow,8,127,25.4,4.47922,4.41,3401.275,20.104,0.013
yellow,8,128,25.6,4.40588,4.56811,3428.513,20.275,0.046
yellow,8,129,25.8,4.33147,4.69322,3456.219,20.421,0.057
yellow,8,130,26.0,4.20175,4.8154,3482.717,20.596,0.02
yellow,8,131,26.2,4.10451,4.9237,3514.316,20.74,0.001
yellow,8,132,26.4,4.03203,5.07043,3535.94,20.903,0.019
yellow,8,133,26.6,3.95638,5.19935,3563.458,21.052,0.026
yellow,8,134,26.8,3.82548,5.31655,3586.267,21.221,0.023
yellow,8,135,27.0,3.69817,5.42577,3617.403,21.398,0.049
yellow,8,136,27.2,3.59518,5.5469,3633.891,21.555,0.03
yellow,8,137,27.4,3.49863,5.6738,3661.76,21.712,0.003
yellow,8,138,27.6,3.37227,5.78907,3683.622,21.883,0.008
yellow,8,139,27.8,3.23475,5.9026,3715.76,22.061,0.024
yellow,8,140,28.0,3.13642,6.03261,3735.359,22.222,0.004
yellow,8,141,28.2,3.04422,6.1798,3769.751,22.393,0.03
yellow,8,142,28.4,2.91544,6.29796,3791.767,22.567,0.015
yellow,8,143,28.6,2.78491,6.41307,3826.456,22.74,0.008
yellow,8,144,28.8,2.70071,6.55601,3846.63,22.904,0.02
yellow,8,145,29.0,2.6236,6.71437,3879.698,23.076,0.06
yellow,8,146,29.2,2.50102,6.84371,3901.806,23.254,0.043
yellow,8,147,29.4,2.3878,6.95722,3939.881,23.414,0.018
yellow,8,148,29.6,2.313,7.09237,3958.709,23.568,0.034
yellow,8,149,29.8,2.24339,7.24732,3987.938,23.737,0.062
yellow,8,150,30.0,2.13172,7.37773,4011.737,23.908,0.035
yellow,8,151,30.2,2.01401,7.51345,4042.771,24.085,0.001
yellow,8,152,30.4,1.95564,7.66992,4062.344,24.251,0.022
yellow,8,153,30.6,1.91231,7.83909,4095.316,24.424,0.057
yellow,8,154,30.8,1.82462,7.99436,4117.329,24.604,0.038
yellow,8,155,31.0,1.74226,8.13618,4154.468,24.766,0.012
yellow,8,156,31.2,1.70926,8.28941,4173.963,24.924,0.029
yellow,8,157,31.4,1.68734,8.46063,4204.367,25.096,0.054
yellow,8,158,31.6,1.61664,8.61933,4226.758,25.267,0.021
yellow,8,159,31.8,1.54733,8.77388,4261.944,25.434,0.009
yellow,8,160,32.0,1.53097,8.93825,4282.362,25.598,0.015
yellow,8,161,32.2,1.52551,9.11229,4315.632,25.768,0.052
yellow,8,162,32.4,1.46628,9.27907,4337.49,25.944,0.035
yellow,8,163,32.6,1.40694,9.42815,4378.481,26.103,0.014
yellow,8,164,32.8,1.3858,9.58049,4397.28,26.256,0.03
yellow,8,165,33.0,1.37293,9.75014,4427.279,26.424,0.059
yellow,8,166,33.2,1.3081,9.90756,4449.936,26.592,0.034
yellow,8,167,33.4,1.23668,10.06935,4483.03,26.766,0.004
yellow,8,168,33.6,1.21963,10.23494,4502.917,26.931,0.028
yellow,8,169,33.8,1.21342,10.39819,4533.834,27.091,0.061
yellow,8,170,34.0,1.15991,10.55654,4556.963,27.258,0.048
yellow,8,171,34.2,1.09752,10.71807,4596.939,27.429,0.026
yellow,8,172,34.4,1.08491,10.88097,4617.214,27.591,0.054
yellow,8,173,34.6,1.08631,11.04608,4651.366,27.75,0.095
yellow,8,174,34.8,1.04373,11.19143,4672.722,27.902,0.089
yellow,8,175,35.0,0.98901,11.33247,4702.416,28.052,0.07
yellow,8,176,35.2,0.96146,11.46725,4719.466,28.189,0.076
yellow,8,177,35.4,0.94947,11.6347,4752.984,28.355,0.105
yellow,8,178,35.6,0.90799,11.77604,4777.265,28.502,0.099
yellow,8,179,35.8,0.83374,11.92648,4808.103,28.666,0.063
yellow,8,180,36.0,0.78819,12.06095,4823.395,28.807,0.052
yellow,8,181,36.2,0.77459,12.22666,4854.944,28.971,0.079
yellow,8,182,36.4,0.74605,12.37188,4879.974,29.119,0.086
yellow,8,183,36.6,0.6783,12.52141,4910.76,29.281,0.057
yellow,8,184,36.8,0.63661,12.65435,4929.397,29.42,0.049
yellow,8,185,37.0,0.61597,12.82463,4953.45,29.59,0.07
yellow,8,186,37.2,0.59413,12.96813,4985.005,29.734,0.084
yellow,8,187,37.4,0.52221,13.11483,5007.127,29.894,0.049
yellow,8,188,37.6,0.46929,13.24512,5040.224,30.033,0.03
yellow,8,189,37.8,0.45616,13.40641,5062.725,30.193,0.056
yellow,8,190,38.0,0.4476,13.57036,5099.567,30.354,0.087
yellow,8,191,38.2,0.39066,13.71752,5123.125,30.511,0.068
yellow,8,192,38.4,0.32505,13.86687,5154.876,30.672,0.041
yellow,8,193,38.6,0.30087,14.01686,5171.396,30.823,0.053
yellow,8,194,38.8,0.28587,14.18315,5202.187,30.988,0.079
yellow,8,195,39.0,0.2159,14.32638,5224.089,31.144,0.046
yellow,8,196,39.2,0.13365,14.47507,5257.525,31.308,0.002
yellow,9,0,0.0,24.0,3.0,0.0,0.0,0.0
yellow,9,1,0.2,23.97834,3.00093,25.345,0.022,0.001
yellow,9,2,0.4,23.89994,3.01901,49.844,0.1,0.019
yellow,9,3,0.6,23.75397,3.04487,84.206,0.246,0.045
yellow,9,4,0.8,23.62845,3.05625,103.872,0.372,0.056
yellow,9,5,1.0,23.47321,3.06063,124.241,0.527,0.061
yellow,9,6,1.2,23.32685,3.06225,148.4,0.673,0.062
yellow,9,7,1.4,23.15556,3.03821,168.555,0.844,0.038
yellow,9,8,1.6,22.99696,3.01783,197.132,1.003,0.018
yellow,9,9,1.8,22.83666,3.02492,214.119,1.163,0.025
yellow,9,10,2.0,22.66605,3.0476,245.026,1.334,0.048
yellow,9,11,2.2,22.49018,3.03355,265.978,1.51,0.034
yellow,9,12,2.4,22.31765,3.01631,302.553,1.682,0.016
yellow,9,13,2.6,22.13611,3.03953,323.656,1.864,0.04
yellow,9,14,2.8,21.95367,3.06347,357.39,2.046,0.063
yellow,9,15,3.0,21.76795,3.03879,380.024,2.232,0.039
yellow,9,16,3.2,21.5857,3.0298,418.058,2.414,0.03
yellow,9,17,3.4,21.38041,3.06256,454.15,2.62,0.063
yellow,9,18,3.6,21.20004,3.06928,481.132,2.8,0.069
yellow,9,19,3.8,21.03468,3.04633,521.8,2.965,0.046
yellow,9,20,4.0,20.90739,3.03703,537.746,3.093,0.037
yellow,9,21,4.2,20.75711,3.04592,558.782,3.243,0.046
yellow,9,22,4.4,20.62217,3.04729,588.55,3.378,0.047
yellow,9,23,4.6,20.44101,3.01146,613.269,3.559,0.011
yellow,9,24,4.8,20.28737,2.98415,646.788,3.713,0.016
yellow,9,25,5.0,20.13912,2.99171,666.59,3.861,0.008
yellow,9,26,5.2,19.98385,3.01343,696.424,4.016,0.013
yellow,9,27,5.4,19.83175,2.99718,721.727,4.168,0.003
yellow,9,28,5.6,19.66938,2.97207,758.457,4.331,0.028
yellow,9,29,5.8,19.51712,2.98908,773.334,4.483,0.011
yellow,9,30,6.0,19.35616,3.03613,808.755,4.644,0.036
yellow,9,31,6.2,19.19342,3.02902,836.965,4.807,0.029
yellow,9,32,6.4,19.01949,2.99414,870.346,4.981,0.006
yellow,9,33,6.6,18.87873,3.00239,885.756,5.121,0.002
yellow,9,34,6.8,18.73187,3.02562,911.644,5.268,0.026
yellow,9,35,7.0,18.57736,3.01521,935.271,5.423,0.015
yellow,9,36,7.2,18.41776,2.99799,969.102,5.582,0.002
yellow,9,37,7.4,18.27186,3.0063,984.984,5.728,0.006
yellow,9,38,7.6,18.10602,3.03588,1013.881,5.894,0.036
yellow,9,39,7.8,17.93926,3.02369,1037.193,6.061,0.024
yellow,9,40,8.0,17.76768,2.98552,1077.492,6.232,0.014
yellow,9,41,8.2,17.63195,2.98035,1094.278,6.368,0.02
yellow,9,42,8.4,17.47108,3.00299,1125.207,6.529,0.003
yellow,9,43,8.6,17.32078,3.00642,1148.483,6.679,0.006
yellow,9,44,8.8,17.13735,2.97525,1185.641,6.863,0.025
yellow,9,45,9.0,16.99295,2.97396,1203.6,7.007,0.026
yellow,9,46,9.2,16.83204,3.01061,1226.335,7.168,0.011
yellow,9,47,9.4,16.69089,3.04168,1256.23,7.309,0.042
yellow,9,48,9.6,16.52682,3.03164,1276.98,7.473,0.032
yellow,9,49,9.8,16.38219,3.02159,1306.791,7.618,0.022
yellow,9,50,10.0,16.23686,3.03078,1325.932,7.763,0.031
yellow,9,51,10.2,16.07564,3.04873,1354.047,7.924,0.049
yellow,9,52,10.4,15.89781,3.0196,1378.71,8.102,0.02
yellow,9,53,10.6,15.71931,2.99008,1420.088,8.281,0.01
yellow,9,54,10.8,15.55922,3.01029,1442.084,8.441,0.01
yellow,9,55,11.0,15.39619,3.05313,1479.104,8.604,0.053
yellow,9,56,11.2,15.25314,3.04357,1505.411,8.747,0.044
yellow,9,57,11.4,15.08747,3.00905,1538.592,8.913,0.009
yellow,9,58,11.6,14.93884,3.01355,1558.124,9.061,0.014
yellow,9,59,11.8,14.77116,3.04917,1592.49,9.229,0.049
yellow,9,60,12.0,14.6273,3.05836,1613.587,9.373,0.058
yellow,9,61,12.2,14.47304,3.05143,1645.002,9.527,0.051
yellow,9,62,12.4,14.3171,3.06803,1661.157,9.683,0.068
yellow,9,63,12.6,14.14229,3.10987,1695.013,9.858,0.11
yellow,9,64,12.8,13.97949,3.10088,1719.341,10.021,0.101
yellow,9,65,13.0,13.80298,3.06343,1755.213,10.197,0.063
yellow,9,66,13.2,13.65716,3.06324,1773.181,10.343,0.063
yellow,9,67,13.4,13.48831,3.09247,1801.754,10.512,0.092
yellow,9,68,13.6,13.33092,3.07475,1823.791,10.669,0.075
yellow,9,69,13.8,13.15831,3.02234,1854.556,10.842,0.022
yellow,9,70,14.0,13.00241,3.01965,1872.895,10.998,0.02
yellow,9,71,14.2,12.83803,3.05136,1905.35,11.162,0.051
yellow,9,72,14.4,12.67809,3.03621,1930.968,11.322,0.036
yellow,9,73,14.6,12.51207,2.99765,1963.632,11.488,0.002
yellow,9,74,14.8,12.36706,3.00142,1980.668,11.633,0.001
yellow,9,75,15.0,12.20055,3.03463,2010.811,11.799,0.035
yellow,9,76,15.2,12.04263,3.02773,2034.084,11.957,0.028
yellow,9,77,15.4,11.86875,2.99554,2066.373,12.131,0.004
yellow,9,78,15.6,11.70766,3.01857,2086.978,12.292,0.019
yellow,9,79,15.8,11.52931,3.08073,2122.599,12.471,0.081
yellow,9,80,16.0,11.36854,3.08169,2148.471,12.631,0.082
yellow,9,81,16.2,11.20426,3.05521,2186.619,12.796,0.055
yellow,9,82,16.4,11.06709,3.05197,2202.865,12.933,0.052
yellow,9,83,16.6,10.90083,3.07663,2234.153,13.099,0.077
yellow,9,84,16.8,10.74921,3.07158,2258.243,13.251,0.072
yellow,9,85,17.0,10.57425,3.02784,2292.868,13.426,0.028
yellow,9,86,17.2,10.42568,3.0222,2310.816,13.574,0.022
yellow,9,87,17.4,10.24824,3.06229,2343.689,13.752,0.062
yellow,9,88,17.6,10.09756,3.07479,2368.506,13.902,0.075
yellow,9,89,17.8,9.93011,3.04422,2401.421,14.07,0.044
yellow,9,90,18.0,9.78182,3.04322,2419.165,14.218,0.043
yellow,9,91,18.2,9.60855,3.08284,2449.558,14.391,0.083
yellow,9,92,18.4,9.45262,3.08788,2473.354,14.547,0.088
yellow,9,93,18.6,9.27624,3.05023,2508.28,14.724,0.05
yellow,9,94,18.8,9.14011,3.03268,2527.853,14.86,0.033
yellow,9,95,19.0,8.98125,3.04011,2551.571,15.019,0.04
yellow,9,96,19.2,8.82472,3.0441,2577.715,15.175,0.044
yellow,9,97,19.4,8.64269,3.00059,2603.259,15.357,0.001
yellow,9,98,19.6,8.49004,2.9816,2634.425,15.51,0.018
yellow,9,99,19.8,8.32827,3.01766,2661.142,15.672,0.018
yellow,9,100,20.0,8.18748,3.05327,2698.538,15.813,0.053
yellow,9,101,20.2,8.04502,3.04633,2720.013,15.955,0.046
yellow,9,102,20.4,7.90965,3.03726,2754.0,16.09,0.037
yellow,9,103,20.6,7.76275,3.0519,2774.66,16.237,0.052
yellow,9,104,20.8,7.6028,3.08003,2805.156,16.397,0.08
yellow,9,105,21.0,7.45111,3.06181,2828.814,16.549,0.062
yellow,9,106,21.2,7.29194,3.02836,2860.249,16.708,0.028
yellow,9,107,21.4,7.15118,3.02078,2874.021,16.849,0.021
yellow,9,108,21.6,6.99664,3.03992,2903.258,17.003,0.04
yellow,9,109,21.8,6.86912,3.03876,2927.305,17.131,0.039
yellow,9,110,22.0,6.7021,3.01303,2955.024,17.298,0.013
yellow,9,111,22.2,6.55813,3.01284,2974.028,17.442,0.013
yellow,9,112,22.4,6.39296,3.06009,3000.177,17.607,0.06
yellow,9,113,22.6,6.23836,3.10186,3030.32,17.762,0.102
yellow,9,114,22.8,6.06323,3.10233,3056.822,17.937,0.102
yellow,9,115,23.0,5.92411,3.12516,3082.098,18.121,0.089
yellow,9,116,23.2,5.78035,3.20704,3107.697,18.297,0.096
yellow,9,117,23.4,5.64145,3.28599,3137.78,18.461,0.087
yellow,9,118,23.6,5.47049,3.34471,3159.823,18.639,0.031
yellow,9,119,23.8,5.34235,3.41289,3189.567,18.782,0.001
yellow,9,120,24.0,5.24308,3.55315,3217.06,18.951,0.037
yellow,9,121,24.2,5.14711,3.68176,3248.78,19.111,0.06
yellow,9,122,24.4,5.01234,3.7863,3269.809,19.281,0.033
yellow,9,123,24.6,4.8976,3.88981,3298.16,19.435,0.016
yellow,9,124,24.8,4.81307,4.03253,3321.06,19.599,0.044
yellow,9,125,25.0,4.72659,4.17432,3350.349,19.765,0.066
yellow,9,126,25.2,4.58896,4.29232,3373.538,19.943,0.03
yellow,9,127,25.4,4.47992,4.41057,3402.564,20.104,0.013
yellow,9,128,25.6,4.41065,4.5713,3429.436,20.275,0.052
yellow,9,129,25.8,4.33848,4.6914,3457.998,20.416,0.062
yellow,9,130,26.0,4.20896,4.80765,3495.962,20.585,0.021
yellow,9,131,26.2,4.11166,4.92269,3511.697,20.735,0.005
yellow,9,132,26.4,4.03734,5.0724,3538.553,20.901,0.025
yellow,9,133,26.6,3.94856,5.19164,3562.601,21.05,0.015
yellow,9,134,26.8,3.80374,5.31232,3593.137,21.229,0.043
yellow,9,135,27.0,3.69419,5.42058,3612.28,21.398,0.056
yellow,9,136,27.2,3.59941,5.55808,3633.393,21.56,0.019
yellow,9,137,27.4,3.50788,5.67797,3660.428,21.709,0.006
yellow,9,138,27.6,3.37056,5.79394,3680.951,21.888,0.006
yellow,9,139,27.8,3.24536,5.90293,3710.098,22.053,0.017
yellow,9,140,28.0,3.14384,6.03511,3727.679,22.219,0.003
yellow,9,141,28.2,3.05369,6.16735,3761.65,22.377,0.029
yellow,9,142,28.4,2.92927,6.28646,3784.205,22.549,0.017
yellow,9,143,28.6,2.80261,6.4003,3818.48,22.719,0.002
yellow,9,144,28.8,2.71567,6.5316,3836.581,22.875,0.016
yellow,9,145,29.0,2.64144,6.6804,3866.839,23.038,0.053
yellow,9,146,29.2,2.53669,6.79531,3890.241,23.194,0.041
yellow,9,147,29.4,2.4063,6.91686,3926.414,23.37,0.01
yellow,9,148,29.6,2.328,7.05051,3945.647,23.525,0.023
yellow,9,149,29.8,2.26548,7.21865,3978.068,23.701,0.065
yellow,9,150,30.0,2.16916,7.35806,4001.498,23.872,0.057
yellow,9,151,30.2,2.05274,7.48908,4039.588,24.045,0.023
yellow,9,152,30.4,1.98923,7.62239,4057.399,24.193,0.031
yellow,9,153,30.6,1.94271,7.79189,4088.938,24.368,0.065
yellow,9,154,30.8,1.86216,7.93825,4111.946,24.536,0.051
yellow,9,155,31.0,1.76269,8.08331,4148.06,24.71,0.013
yellow,9,156,31.2,1.72181,8.228,4166.853,24.86,0.022
yellow,9,157,31.4,1.70505,8.40457,4200.198,25.037,0.057
yellow,9,158,31.6,1.64787,8.56505,4223.896,25.208,0.039
yellow,9,159,31.8,1.56886,8.72357,4261.277,25.38,0.0
yellow,9,160,32.0,1.53903,8.87065,4278.613,25.53,0.006
yellow,9,161,32.2,1.53304,9.0468,4309.549,25.702,0.043
yellow,9,162,32.4,1.48434,9.20635,4333.05,25.869,0.035
yellow,9,163,32.6,1.4121,9.36618,4370.695,26.042,0.004
yellow,9,164,32.8,1.3863,9.51344,4388.788,26.191,0.014
yellow,9,165,33.0,1.38274,9.69001,4420.048,26.363,0.054
yellow,9,166,33.2,1.33533,9.84856,4443.518,26.528,0.046
yellow,9,167,33.4,1.2633,10.00869,4480.956,26.701,0.015
yellow,9,168,33.6,1.23664,10.15728,4499.257,26.852,0.025
yellow,9,169,33.8,1.23031,10.32979,4529.209,27.021,0.061
yellow,9,170,34.0,1.17435,10.48655,4554.615,27.186,0.045
yellow,9,171,34.2,1.09371,10.64519,4597.397,27.36,0.005
yellow,9,172,34.4,1.06975,10.77916,4617.676,27.495,0.014
yellow,9,173,34.6,1.06882,10.94329,4645.625,27.655,0.053
yellow,9,174,34.8,1.03089,11.08437,4669.076,27.801,0.05
yellow,9,175,35.0,0.95855,11.24189,4698.676,27.971,0.018
yellow,9,176,35.2,0.93154,11.3817,4718.614,28.114,0.026
yellow,9,177,35.4,0.93115,11.54938,4748.509,28.276,0.066
yellow,9,178,35.6,0.88809,11.69437,4774.677,28.427,0.06
yellow,9,179,35.8,0.8052,11.85387,4808.465,28.602,0.018
yellow,9,180,36.0,0.77894,12.00281,4825.978,28.753,0.029
yellow,9,181,36.2,0.7794,12.1774,4856.644,28.922,0.072
yellow,9,182,36.4,0.73231,12.32566,4880.556,29.078,0.062
yellow,9,183,36.6,0.65929,12.468,4918.587,29.233,0.026
yellow,9,184,36.8,0.62611,12.5986,4934.35,29.368,0.025
yellow,9,185,37.0,0.60922,12.75839,4960.538,29.527,0.047
yellow,9,186,37.2,0.57043,12.88797,4984.007,29.662,0.041
yellow,9,187,37.4,0.49213,13.04896,5010.03,29.838,0.004
yellow,9,188,37.6,0.45226,13.18522,5032.769,29.979,0.001
yellow,9,189,37.8,0.45141,13.35153,5060.268,30.141,0.038
yellow,9,190,38.0,0.44867,13.50178,5090.329,30.287,0.072
yellow,9,191,38.2,0.40137,13.64042,5110.021,30.433,0.06
yellow,9,192,38.4,0.35621,13.7644,5143.355,30.565,0.046
yellow,9,193,38.6,0.32971,13.90086,5162.872,30.703,0.053
yellow,9,194,38.8,0.31413,14.05355,5190.009,30.855,0.075
yellow,9,195,39.0,0.26057,14.19437,5215.338,31.005,0.057
yellow,9,196,39.2,0.19034,14.34393,5249.102,31.167,0.026
yellow,9,197,39.4,0.15568,14.48635,5264.396,31.314,0.026
yellow,10,0,0.0,24.0,3.0,0.0,0.0,0.0
yellow,10,1,0.2,23.97834,3.00093,25.345,0.022,0.001
yellow,10,2,0.4,23.89994,3.01901,49.844,0.1,0.019
yellow,10,3,0.6,23.75397,3.04487,84.206,0.246,0.045
yellow,10,4,0.8,23.62845,3.05625,103.872,0.372,0.056
yellow,10,5,1.0,23.47321,3.06063,124.241,0.527,0.061
yellow,10,6,1.2,23.32685,3.06225,148.4,0.673,0.062
yellow,10,7,1.4,23.15556,3.03821,168.555,0.844,0.038
yellow,10,8,1.6,22.99696,3.01783,197.132,1.003,0.018
yellow,10,9,1.8,22.83666,3.02492,214.119,1.163,0.025
yellow,10,10,2.0,22.66605,3.0476,245.026,1.334,0.048
yellow,10,11,2.2,22.49018,3.03355,265.978,1.51,0.034
yellow,10,12,2.4,22.31765,3.01631,302.553,1.682,0.016
yellow,10,13,2.6,22.13611,3.03953,323.656,1.864,0.04
yellow,10,14,2.8,21.95367,3.06347,357.39,2.046,0.063
yellow,10,15,3.0,21.76795,3.03879,380.024,2.232,0.039
yellow,10,16,3.2,21.5857,3.0298,418.058,2.414,0.03
yellow,10,17,3.4,21.38041,3.06256,454.15,2.62,0.063
yellow,10,18,3.6,21.20004,3.06928,481.132,2.8,0.069
yellow,10,19,3.8,21.03468,3.04633,521.8,2.965,0.046
yellow,10,20,4.0,20.90739,3.03703,537.746,3.093,0.037
yellow,10,21,4.2,20.75711,3.04592,558.782,3.243,0.046
yellow,10,22,4.4,20.62217,3.04729,588.55,3.378,0.047
yellow,10,23,4.6,20.44101,3.01146,613.269,3.559,0.011
yellow,10,24,4.8,20.28737,2.98415,646.788,3.713,0.016
yellow,10,25,5.0,20.13912,2.99171,666.59,3.861,0.008
yellow,10,26,5.2,19.98385,3.01343,696.424,4.016,0.013
yellow,10,27,5.4,19.83175,2.99718,721.727,4.168,0.003
yellow,10,28,5.6,19.66938,2.97207,758.457,4.331,0.028
yellow,10,29,5.8,19.51712,2.98908,773.334,4.483,0.011
yellow,10,30,6.0,19.35616,3.03613,808.755,4.644,0.036
yellow,10,31,6.2,19.19342,3.02902,836.965,4.807,0.029
yellow,10,32,6.4,19.01949,2.99414,870.346,4.981,0.006
yellow,10,33,6.6,18.87873,3.00239,885.756,5.121,0.002
yellow,10,34,6.8,18.73187,3.02562,911.644,5.268,0.026
yellow,10,35,7.0,18.57736,3.01521,935.271,5.423,0.015
yellow,10,36,7.2,18.41776,2.99799,969.102,5.582,0.002
yellow,10,37,7.4,18.27186,3.0063,984.984,5.728,0.006
yellow,10,38,7.6,18.10602,3.03588,1013.881,5.894,0.036
yellow,10,39,7.8,17.93926,3.02369,1037.193,6.061,0.024
yellow,10,40,8.0,17.76768,2.98552,1077.492,6.232,0.014
yellow,10,41,8.2,17.63195,2.98035,1094.278,6.368,0.02
yellow,10,42,8.4,17.47108,3.00299,1125.207,6.529,0.003
yellow,10,43,8.6,17.32078,3.00642,1148.483,6.679,0.006
yellow,10,44,8.8,17.13735,2.97525,1185.641,6.863,0.025
yellow,10,45,9.0,16.99295,2.97396,1203.6,7.007,0.026
yellow,10,46,9.2,16.83204,3.01061,1226.335,7.168,0.011
yellow,10,47,9.4,16.69089,3.04168,1256.23,7.309,0.042
yellow,10,48,9.6,16.52682,3.03164,1276.98,7.473,0.032
yellow,10,49,9.8,16.38219,3.02159,1306.791,7.618,0.022
yellow,10,50,10.0,16.23686,3.03078,1325.932,7.763,0.031
yellow,10,51,10.2,16.07564,3.04873,1354.047,7.924,0.049
yellow,10,52,10.4,15.89781,3.0196,1378.71,8.102,0.02
yellow,10,53,10.6,15.71931,2.99008,1420.088,8.281,0.01
yellow,10,54,10.8,15.55922,3.01029,1442.084,8.441,0.01
yellow,10,55,11.0,15.39619,3.05313,1479.104,8.604,0.053
yellow,10,56,11.2,15.25314,3.04357,1505.411,8.747,0.044
yellow,10,57,11.4,15.08747,3.00905,1538.592,8.913,0.009
yellow,10,58,11.6,14.93884,3.01355,1558.124,9.061,0.014
yellow,10,59,11.8,14.77116,3.04917,1592.49,9.229,0.049
yellow,10,60,12.0,14.6273,3.05836,1613.587,9.373,0.058
yellow,10,61,12.2,14.47304,3.05143,1645.002,9.527,0.051
yellow,10,62,12.4,14.3171,3.06803,1661.157,9.683,0.068
yellow,10,63,12.6,14.14229,3.10987,1695.013,9.858,0.11
yellow,10,64,12.8,13.97949,3.10088,1719.341,10.021,0.101
yellow,10,65,13.0,13.80298,3.06343,1755.213,10.197,0.063
yellow,10,66,13.2,13.65716,3.06324,1773.181,10.343,0.063
yellow,10,67,13.4,13.48831,3.09247,1801.754,10.512,0.092
yellow,10,68,13.6,13.33092,3.07475,1823.791,10.669,0.075
yellow,10,69,13.8,13.15831,3.02234,1854.556,10.842,0.022
yellow,10,70,14.0,13.00241,3.01965,1872.895,10.998,0.02
yellow,10,71,14.2,12.83803,3.05136,1905.35,11.162,0.051
yellow,10,72,14.4,12.67809,3.03621,1930.968,11.322,0.036
yellow,10,73,14.6,12.51207,2.99765,1963.632,11.488,0.002
yellow,10,74,14.8,12.36706,3.00142,1980.668,11.633,0.001
yellow,10,75,15.0,12.20055,3.03463,2010.811,11.799,0.035
yellow,10,76,15.2,12.04263,3.02773,2034.084,11.957,0.028
yellow,10,77,15.4,11.86875,2.99554,2066.373,12.131,0.004
yellow,10,78,15.6,11.70766,3.01857,2086.978,12.292,0.019
yellow,10,79,15.8,11.52931,3.08073,2122.599,12.471,0.081
yellow,10,80,16.0,11.36854,3.08169,2148.471,12.631,0.082
yellow,10,81,16.2,11.20426,3.05521,2186.619,12.796,0.055
yellow,10,82,16.4,11.06709,3.05197,2202.865,12.933,0.052
yellow,10,83,16.6,10.90083,3.07663,2234.153,13.099,0.077
yellow,10,84,16.8,10.74921,3.07158,2258.243,13.251,0.072
yellow,10,85,17.0,10.57425,3.02784,2292.868,13.426,0.028
yellow,10,86,17.2,10.42568,3.0222,2310.816,13.574,0.022
yellow,10,87,17.4,10.24824,3.06229,2343.689,13.752,0.062
yellow,10,88,17.6,10.09756,3.07479,2368.506,13.902,0.075
yellow,10,89,17.8,9.93011,3.04422,2401.421,14.07,0.044
yellow,10,90,18.0,9.78182,3.04322,2419.165,14.218,0.043
yellow,10,91,18.2,9.60855,3.08284,2449.558,14.391,0.083
yellow,10,92,18.4,9.45262,3.08788,2473.354,14.547,0.088
yellow,10,93,18.6,9.27624,3.05023,2508.28,14.724,0.05
yellow,10,94,18.8,9.14011,3.03268,2527.853,14.86,0.033
yellow,10,95,19.0,8.98125,3.04011,2551.571,15.019,0.04
yellow,10,96,19.2,8.82472,3.0441,2577.715,15.175,0.044
yellow,10,97,19.4,8.64269,3.00059,2603.259,15.357,0.001
yellow,10,98,19.6,8.49004,2.9816,2634.425,15.51,0.018
yellow,10,99,19.8,8.32827,3.01766,2661.142,15.672,0.018
yellow,10,100,20.0,8.18748,3.05327,2698.538,15.813,0.053
yellow,10,101,20.2,8.04502,3.04633,2720.013,15.955,0.046
yellow,10,102,20.4,7.90965,3.03726,2754.0,16.09,0.037
yellow,10,103,20.6,7.76275,3.0519,2774.66,16.237,0.052
yellow,10,104,20.8,7.6028,3.08003,2805.156,16.397,0.08
yellow,10,105,21.0,7.45111,3.06181,2828.814,16.549,0.062
yellow,10,106,21.2,7.29194,3.02836,2860.249,16.708,0.028
yellow,10,107,21.4,7.15118,3.02078,2874.021,16.849,0.021
yellow,10,108,21.6,6.99664,3.03992,2903.258,17.003,0.04
yellow,10,109,21.8,6.86912,3.03876,2927.305,17.131,0.039
yellow,10,110,22.0,6.7021,3.01303,2955.024,17.298,0.013
yellow,10,111,22.2,6.55813,3.01284,2974.028,17.442,0.013
yellow,10,112,22.4,6.39296,3.06009,3000.177,17.607,0.06
yellow,10,113,22.6,6.23836,3.10186,3030.32,17.762,0.102
yellow,10,114,22.8,6.06323,3.10233,3056.822,17.937,0.102
yellow,10,115,23.0,5.92411,3.12516,3082.098,18.121,0.089
yellow,10,116,23.2,5.78035,3.20704,3107.697,18.297,0.096
yellow,10,117,23.4,5.64145,3.28599,3137.78,18.461,0.087
yellow,10,118,23.6,5.47049,3.34471,3159.823,18.639,0.031
yellow,10,119,23.8,5.34235,3.41289,3189.567,18.782,0.001
yellow,10,120,24.0,5.24308,3.55315,3217.06,18.951,0.037
yellow,10,121,24.2,5.14711,3.68176,3248.78,19.111,0.06
yellow,10,122,24.4,5.01234,3.7863,3269.809,19.281,0.033
yellow,10,123,24.6,4.8976,3.88981,3298.16,19.435,0.016
yellow,10,124,24.8,4.81307,4.03253,3321.06,19.599,0.044
yellow,10,125,25.0,4.72674,4.17431,3350.291,19.765,0.066
yellow,10,126,25.2,4.58962,4.29225,3373.522,19.943,0.03
yellow,10,127,25.4,4.47922,4.41,3401.275,20.104,0.013
yellow,10,128,25.6,4.40588,4.56811,3428.513,20.275,0.046
yellow,10,129,25.8,4.33147,4.69322,3456.219,20.421,0.057
yellow,10,130,26.0,4.20175,4.8154,3482.717,20.596,0.02
yellow,10,131,26.2,4.10451,4.9237,3514.316,20.74,0.001
yellow,10,132,26.4,4.03203,5.07043,3535.94,20.903,0.019
yellow,10,133,26.6,3.95638,5.19935,3563.458,21.052,0.026
yellow,10,134,26.8,3.82548,5.31655,3586.267,21.221,0.023
yellow,10,135,27.0,3.69817,5.42577,3617.403,21.398,0.049
yellow,10,136,27.2,3.59518,5.5469,3633.891,21.555,0.03
yellow,10,137,27.4,3.49863,5.6738,3661.76,21.712,0.003
yellow,10,138,27.6,3.37227,5.78907,3683.622,21.883,0.008
yellow,10,139,27.8,3.23475,5.9026,3715.76,22.061,0.024
yellow,10,140,28.0,3.13642,6.03261,3735.359,22.222,0.004
yellow,10,141,28.2,3.04422,6.1798,3769.751,22.393,0.03
yellow,10,142,28.4,2.91544,6.29796,3791.767,22.567,0.015
yellow,10,143,28.6,2.78491,6.41307,3826.456,22.74,0.008
yellow,10,144,28.8,2.70071,6.55601,3846.63,22.904,0.02
yellow,10,145,29.0,2.6236,6.71437,3879.698,23.076,0.06
yellow,10,146,29.2,2.50102,6.84371,3901.806,23.254,0.043
yellow,10,147,29.4,2.3878,6.95722,3939.881,23.414,0.018
yellow,10,148,29.6,2.313,7.09237,3958.709,23.568,0.034
yellow,10,149,29.8,2.24339,7.24732,3987.938,23.737,0.062
yellow,10,150,30.0,2.13172,7.37773,4011.737,23.908,0.035
yellow,10,151,30.2,2.01401,7.51345,4042.771,24.085,0.001
yellow,10,152,30.4,1.95564,7.66992,4062.344,24.251,0.022
yellow,10,153,30.6,1.91231,7.83909,4095.316,24.424,0.057
yellow,10,154,30.8,1.82462,7.99436,4117.329,24.604,0.038
yellow,10,155,31.0,1.74226,8.13618,4154.468,24.766,0.012
yellow,10,156,31.2,1.70926,8.28941,4173.963,24.924,0.029
yellow,10,157,31.4,1.68734,8.46063,4204.367,25.096,0.054
yellow,10,158,31.6,1.61664,8.61933,4226.758,25.267,0.021
yellow,10,159,31.8,1.54733,8.77388,4261.944,25.434,0.009
yellow,10,160,32.0,1.53097,8.93825,4282.362,25.598,0.015
yellow,10,161,32.2,1.52551,9.11229,4315.632,25.768,0.052
yellow,10,162,32.4,1.46628,9.27907,4337.49,25.944,0.035
yellow,10,163,32.6,1.40694,9.42815,4378.481,26.103,0.014
yellow,10,164,32.8,1.3858,9.58049,4397.28,26.256,0.03
yellow,10,165,33.0,1.37293,9.75014,4427.279,26.424,0.059
yellow,10,166,33.2,1.3081,9.90756,4449.936,26.592,0.034
yellow,10,167,33.4,1.23668,10.06935,4483.03,26.766,0.004
yellow,10,168,33.6,1.21963,10.23494,4502.917,26.931,0.028
yellow,10,169,33.8,1.21342,10.39819,4533.834,27.091,0.061
yellow,10,170,34.0,1.15991,10.55654,4556.963,27.258,0.048
yellow,10,171,34.2,1.09752,10.71807,4596.939,27.429,0.026
yellow,10,172,34.4,1.08491,10.88097,4617.214,27.591,0.054
yellow,10,173,34.6,1.08631,11.04608,4651.366,27.75,0.095
yellow,10,174,34.8,1.04373,11.19143,4672.722,27.902,0.089
yellow,10,175,35.0,0.98901,11.33247,4702.416,28.052,0.07
yellow,10,176,35.2,0.96146,11.46725,4719.466,28.189,0.076
yellow,10,177,35.4,0.94947,11.6347,4752.984,28.355,0.105
yellow,10,178,35.6,0.90799,11.77604,4777.265,28.502,0.099
yellow,10,179,35.8,0.83374,11.92648,4808.103,28.666,0.063
yellow,10,180,36.0,0.78819,12.06095,4823.395,28.807,0.052
yellow,10,181,36.2,0.77459,12.22666,4854.944,28.971,0.079
yellow,10,182,36.4,0.74605,12.37188,4879.974,29.119,0.086
yellow,10,183,36.6,0.6783,12.52141,4910.76,29.281,0.057
yellow,10,184,36.8,0.63661,12.65435,4929.397,29.42,0.049
yellow,10,185,37.0,0.61597,12.82463,4953.45,29.59,0.07
yellow,10,186,37.2,0.59413,12.96813,4985.005,29.734,0.084
yellow,10,187,37.4,0.52221,13.11483,5007.127,29.894,0.049
yellow,10,188,37.6,0.46929,13.24512,5040.224,30.033,0.03
yellow,10,189,37.8,0.45616,13.40641,5062.725,30.193,0.056
yellow,10,190,38.0,0.4476,13.57036,5099.567,30.354,0.087
yellow,10,191,38.2,0.39066,13.71752,5123.125,30.511,0.068
yellow,10,192,38.4,0.32505,13.86687,5154.876,30.672,0.041
yellow,10,193,38.6,0.30087,14.01686,5171.396,30.823,0.053
yellow,10,194,38.8,0.28587,14.18315,5202.187,30.988,0.079
yellow,10,195,39.0,0.2159,14.32638,5224.089,31.144,0.046
yellow,10,196,39.2,0.13365,14.47507,5257.525,31.308,0.002
yellow,11,0,0.0,24.0,3.0,0.0,0.0,0.0
yellow,11,1,0.2,23.97834,3.00093,25.345,0.022,0.001
yellow,11,2,0.4,23.89994,3.01901,49.844,0.1,0.019
yellow,11,3,0.6,23.75397,3.04487,84.206,0.246,0.045
yellow,11,4,0.8,23.62845,3.05625,103.872,0.372,0.056
yellow,11,5,1.0,23.47321,3.06063,124.241,0.527,0.061
yellow,11,6,1.2,23.32685,3.06225,148.4,0.673,0.062
yellow,11,7,1.4,23.15556,3.03821,168.555,0.844,0.038
yellow,11,8,1.6,22.99696,3.01783,197.132,1.003,0.018
yellow,11,9,1.8,22.83666,3.02492,214.119,1.163,0.025
yellow,11,10,2.0,22.66605,3.0476,245.026,1.334,0.048
yellow,11,11,2.2,22.49018,3.03355,265.978,1.51,0.034
yellow,11,12,2.4,22.31765,3.01631,302.553,1.682,0.016
yellow,11,13,2.6,22.13611,3.03953,323.656,1.864,0.04
yellow,11,14,2.8,21.95367,3.06347,357.39,2.046,0.063
yellow,11,15,3.0,21.76795,3.03879,380.024,2.232,0.039
yellow,11,16,3.2,21.5857,3.0298,418.058,2.414,0.03
yellow,11,17,3.4,21.38041,3.06256,454.15,2.62,0.063
yellow,11,18,3.6,21.20004,3.06928,481.132,2.8,0.069
yellow,11,19,3.8,21.03468,3.04633,521.8,2.965,0.046
yellow,11,20,4.0,20.90739,3.03703,537.746,3.093,0.037
yellow,11,21,4.2,20.75711,3.04592,558.782,3.243,0.046
yellow,11,22,4.4,20.62217,3.04729,588.55,3.378,0.047
yellow,11,23,4.6,20.44101,3.01146,613.269,3.559,0.011
yellow,11,24,4.8,20.28737,2.98415,646.788,3.713,0.016
yellow,11,25,5.0,20.13912,2.99171,666.59,3.861,0.008
yellow,11,26,5.2,19.98385,3.01343,696.424,4.016,0.013
yellow,11,27,5.4,19.83175,2.99718,721.727,4.168,0.003
yellow,11,28,5.6,19.66938,2.97207,758.457,4.331,0.028
yellow,11,29,5.8,19.51712,2.98908,773.334,4.483,0.011
yellow,11,30,6.0,19.35616,3.03613,808.755,4.644,0.036
yellow,11,31,6.2,19.19342,3.02902,836.965,4.807,0.029
yellow,11,32,6.4,19.01949,2.99414,870.346,4.981,0.006
yellow,11,33,6.6,18.87873,3.00239,885.756,5.121,0.002
yellow,11,34,6.8,18.73187,3.02562,911.644,5.268,0.026
yellow,11,35,7.0,18.57736,3.01521,935.271,5.423,0.015
yellow,11,36,7.2,18.41776,2.99799,969.102,5.582,0.002
yellow,11,37,7.4,18.27186,3.0063,984.984,5.728,0.006
yellow,11,38,7.6,18.10602,3.03588,1013.881,5.894,0.036
yellow,11,39,7.8,17.93926,3.02369,1037.193,6.061,0.024
yellow,11,40,8.0,17.76768,2.98552,1077.492,6.232,0.014
yellow,11,41,8.2,17.63195,2.98035,1094.278,6.368,0.02
yellow,11,42,8.4,17.47108,3.00299,1125.207,6.529,0.003
yellow,11,43,8.6,17.32078,3.00642,1148.483,6.679,0.006
yellow,11,44,8.8,17.13735,2.97525,1185.641,6.863,0.025
yellow,11,45,9.0,16.99295,2.97396,1203.6,7.007,0.026
yellow,11,46,9.2,16.83204,3.01061,1226.335,7.168,0.011
yellow,11,47,9.4,16.69089,3.04168,1256.23,7.309,0.042
yellow,11,48,9.6,16.52682,3.03164,1276.98,7.473,0.032
yellow,11,49,9.8,16.38219,3.02159,1306.791,7.618,0.022
yellow,11,50,10.0,16.23686,3.03078,1325.932,7.763,0.031
yellow,11,51,10.2,16.07564,3.04873,1354.047,7.924,0.049
yellow,11,52,10.4,15.89781,3.0196,1378.71,8.102,0.02
yellow,11,53,10.6,15.71931,2.99008,1420.088,8.281,0.01
yellow,11,54,10.8,15.55922,3.01029,1442.084,8.441,0.01
yellow,11,55,11.0,15.39619,3.05313,1479.104,8.604,0.053
yellow,11,56,11.2,15.25314,3.04357,1505.411,8.747,0.044
yellow,11,57,11.4,15.08747,3.00905,1538.592,8.913,0.009
yellow,11,58,11.6,14.93884,3.01355,1558.124,9.061,0.014
yellow,11,59,11.8,14.77116,3.04917,1592.49,9.229,0.049
yellow,11,60,12.0,14.6273,3.05836,1613.587,9.373,0.058
yellow,11,61,12.2,14.47304,3.05143,1645.002,9.527,0.051
yellow,11,62,12.4,14.3171,3.06803,1661.157,9.683,0.068
yellow,11,63,12.6,14.14229,3.10987,1695.013,9.858,0.11
yellow,11,64,12.8,13.97949,3.10088,1719.341,10.021,0.101
yellow,11,65,13.0,13.80298,3.06343,1755.213,10.197,0.063
yellow,11,66,13.2,13.65716,3.06324,1773.181,10.343,0.063
yellow,11,67,13.4,13.48831,3.09247,1801.754,10.512,0.092
yellow,11,68,13.6,13.33092,3.07475,1823.791,10.669,0.075
yellow,11,69,13.8,13.15831,3.02234,1854.556,10.842,0.022
yellow,11,70,14.0,13.00241,3.01965,1872.895,10.998,0.02
yellow,11,71,14.2,12.83803,3.05136,1905.35,11.162,0.051
yellow,11,72,14.4,12.67809,3.03621,1930.968,11.322,0.036
yellow,11,73,14.6,12.51207,2.99765,1963.632,11.488,0.002
yellow,11,74,14.8,12.36706,3.00142,1980.668,11.633,0.001
yellow,11,75,15.0,12.20055,3.03463,2010.811,11.799,0.035
yellow,11,76,15.2,12.04263,3.02773,2034.084,11.957,0.028
yellow,11,77,15.4,11.86875,2.99554,2066.373,12.131,0.004
yellow,11,78,15.6,11.70766,3.01857,2086.978,12.292,0.019
yellow,11,79,15.8,11.52931,3.08073,2122.599,12.471,0.081
yellow,11,80,16.0,11.36854,3.08169,2148.471,12.631,0.082
yellow,11,81,16.2,11.20426,3.05521,2186.619,12.796,0.055
yellow,11,82,16.4,11.06709,3.05197,2202.865,12.933,0.052
yellow,11,83,16.6,10.90083,3.07663,2234.153,13.099,0.077
yellow,11,84,16.8,10.74921,3.07158,2258.243,13.251,0.072
yellow,11,85,17.0,10.57425,3.02784,2292.868,13.426,0.028
yellow,11,86,17.2,10.42568,3.0222,2310.816,13.574,0.022
yellow,11,87,17.4,10.24824,3.06229,2343.689,13.752,0.062
yellow,11,88,17.6,10.09756,3.07479,2368.506,13.902,0.075
yellow,11,89,17.8,9.93011,3.04422,2401.421,14.07,0.044
yellow,11,90,18.0,9.78182,3.04322,2419.165,14.218,0.043
yellow,11,91,18.2,9.60855,3.08284,2449.558,14.391,0.083
yellow,11,92,18.4,9.45262,3.08788,2473.354,14.547,0.088
yellow,11,93,18.6,9.27624,3.05023,2508.28,14.724,0.05
yellow,11,94,18.8,9.14011,3.03268,2527.853,14.86,0.033
yellow,11,95,19.0,8.98125,3.04011,2551.571,15.019,0.04
yellow,11,96,19.2,8.82472,3.0441,2577.715,15.175,0.044
yellow,11,97,19.4,8.64269,3.00059,2603.259,15.357,0.001
yellow,11,98,19.6,8.49004,2.9816,2634.425,15.51,0.018
yellow,11,99,19.8,8.32827,3.01766,2661.142,15.672,0.018
yellow,11,100,20.0,8.18748,3.05327,2698.538,15.813,0.053
yellow,11,101,20.2,8.04502,3.04633,2720.013,15.955,0.046
yellow,11,102,20.4,7.90965,3.03726,2754.0,16.09,0.037
yellow,11,103,20.6,7.76275,3.0519,2774.66,16.237,0.052
yellow,11,104,20.8,7.6028,3.08003,2805.156,16.397,0.08
yellow,11,105,21.0,7.45111,3.06181,2828.814,16.549,0.062
yellow,11,106,21.2,7.29194,3.02836,2860.249,16.708,0.028
yellow,11,107,21.4,7.15118,3.02078,2874.021,16.849,0.021
yellow,11,108,21.6,6.99664,3.03992,2903.258,17.003,0.04
yellow,11,109,21.8,6.86912,3.03876,2927.305,17.131,0.039
yellow,11,110,22.0,6.7021,3.01303,2955.024,17.298,0.013
yellow,11,111,22.2,6.55813,3.01284,2974.028,17.442,0.013
yellow,11,112,22.4,6.39296,3.06009,3000.177,17.607,0.06
yellow,11,113,22.6,6.23836,3.10186,3030.32,17.762,0.102
yellow,11,114,22.8,6.06323,3.10233,3056.822,17.937,0.102
yellow,11,115,23.0,5.92411,3.12516,3082.098,18.121,0.089
yellow,11,116,23.2,5.78035,3.20704,3107.697,18.297,0.096
yellow,11,117,23.4,5.64145,3.28599,3137.78,18.461,0.087
yellow,11,118,23.6,5.47049,3.34471,3159.823,18.639,0.031
yellow,11,119,23.8,5.34235,3.41289,3189.567,18.782,0.001
yellow,11,120,24.0,5.24308,3.55315,3217.06,18.951,0.037
yellow,11,121,24.2,5.14711,3.68176,3248.78,19.111,0.06
yellow,11,122,24.4,5.01234,3.7863,3269.809,19.281,0.033
yellow,11,123,24.6,4.8976,3.88981,3298.16,19.435,0.016
yellow,11,124,24.8,4.81307,4.03253,3321.06,19.599,0.044
yellow,11,125,25.0,4.72659,4.17432,3350.349,19.765,0.066
yellow,11,126,25.2,4.58896,4.29232,3373.538,19.943,0.03
yellow,11,127,25.4,4.47992,4.41057,3402.564,20.104,0.013
yellow,11,128,25.6,4.41065,4.5713,3429.436,20.275,0.052
yellow,11,129,25.8,4.33848,4.6914,3457.998,20.416,0.062
yellow,11,130,26.0,4.20896,4.80765,3495.962,20.585,0.021
yellow,11,131,26.2,4.11166,4.92269,3511.697,20.735,0.005
yellow,11,132,26.4,4.03734,5.0724,3538.553,20.901,0.025
yellow,11,133,26.6,3.94856,5.19164,3562.601,21.05,0.015
yellow,11,134,26.8,3.80374,5.31232,3593.137,21.229,0.043
yellow,11,135,27.0,3.69419,5.42058,3612.28,21.398,0.056
yellow,11,136,27.2,3.59941,5.55808,3633.393,21.56,0.019
yellow,11,137,27.4,3.50788,5.67797,3660.428,21.709,0.006
yellow,11,138,27.6,3.37056,5.79394,3680.951,21.888,0.006
yellow,11,139,27.8,3.24536,5.90293,3710.098,22.053,0.017
yellow,11,140,28.0,3.14384,6.03511,3727.679,22.219,0.003
yellow,11,141,28.2,3.05369,6.16735,3761.65,22.377,0.029
yellow,11,142,28.4,2.92927,6.28646,3784.205,22.549,0.017
yellow,11,143,28.6,2.80261,6.4003,3818.48,22.719,0.002
yellow,11,144,28.8,2.71567,6.5316,3836.581,22.875,0.016
yellow,11,145,29.0,2.64144,6.6804,3866.839,23.038,0.053
yellow,11,146,29.2,2.53669,6.79531,3890.241,23.194,0.041
yellow,11,147,29.4,2.4063,6.91686,3926.414,23.37,0.01
yellow,11,148,29.6,2.328,7.05051,3945.647,23.525,0.023
yellow,11,149,29.8,2.26548,7.21865,3978.068,23.701,0.065
yellow,11,150,30.0,2.16916,7.35806,4001.498,23.872,0.057
yellow,11,151,30.2,2.05274,7.48908,4039.588,24.045,0.023
yellow,11,152,30.4,1.98923,7.62239,4057.399,24.193,0.031
yellow,11,153,30.6,1.94271,7.79189,4088.938,24.368,0.065
yellow,11,154,30.8,1.86216,7.93825,4111.946,24.536,0.051
yellow,11,155,31.0,1.76269,8.08331,4148.06,24.71,0.013
yellow,11,156,31.2,1.72181,8.228,4166.853,24.86,0.022
yellow,11,157,31.4,1.70505,8.40457,4200.198,25.037,0.057
yellow,11,158,31.6,1.64787,8.56505,4223.896,25.208,0.039
yellow,11,159,31.8,1.56886,8.72357,4261.277,25.38,0.0
yellow,11,160,32.0,1.53903,8.87065,4278.613,25.53,0.006
yellow,11,161,32.2,1.53304,9.0468,4309.549,25.702,0.043
yellow,11,162,32.4,1.48434,9.20635,4333.05,25.869,0.035
yellow,11,163,32.6,1.4121,9.36618,4370.695,26.042,0.004
yellow,11,164,32.8,1.3863,9.51344,4388.788,26.191,0.014
yellow,11,165,33.0,1.38274,9.69001,4420.048,26.363,0.054
yellow,11,166,33.2,1.33533,9.84856,4443.518,26.528,0.046
yellow,11,167,33.4,1.2633,10.00869,4480.956,26.701,0.015
yellow,11,168,33.6,1.23664,10.15728,4499.257,26.852,0.025
yellow,11,169,33.8,1.23031,10.32979,4529.209,27.021,0.061
yellow,11,170,34.0,1.17435,10.48655,4554.615,27.186,0.045
yellow,11,171,34.2,1.09371,10.64519,4597.397,27.36,0.005
yellow,11,172,34.4,1.06975,10.77916,4617.676,27.495,0.014
yellow,11,173,34.6,1.06882,10.94329,4645.625,27.655,0.053
yellow,11,174,34.8,1.03089,11.08437,4669.076,27.801,0.05
yellow,11,175,35.0,0.95855,11.24189,4698.676,27.971,0.018
yellow,11,176,35.2,0.93154,11.3817,4718.614,28.114,0.026
yellow,11,177,35.4,0.93115,11.54938,4748.509,28.276,0.066
yellow,11,178,35.6,0.88809,11.69437,4774.677,28.427,0.06
yellow,11,179,35.8,0.8052,11.85387,4808.465,28.602,0.018
yellow,11,180,36.0,0.77894,12.00281,4825.978,28.753,0.029
yellow,11,181,36.2,0.7794,12.1774,4856.644,28.922,0.072
yellow,11,182,36.4,0.73231,12.32566,4880.556,29.078,0.062
yellow,11,183,36.6,0.65929,12.468,4918.587,29.233,0.026
yellow,11,184,36.8,0.62611,12.5986,4934.35,29.368,0.025
yellow,11,185,37.0,0.60922,12.75839,4960.538,29.527,0.047
yellow,11,186,37.2,0.57043,12.88797,4984.007,29.662,0.041
yellow,11,187,37.4,0.49213,13.04896,5010.03,29.838,0.004
yellow,11,188,37.6,0.45226,13.18522,5032.769,29.979,0.001
yellow,11,189,37.8,0.45141,13.35153,5060.268,30.141,0.038
yellow,11,190,38.0,0.44867,13.50178,5090.329,30.287,0.072
yellow,11,191,38.2,0.40137,13.64042,5110.021,30.433,0.06
yellow,11,192,38.4,0.35621,13.7644,5143.355,30.565,0.046
yellow,11,193,38.6,0.32971,13.90086,5162.872,30.703,0.053
yellow,11,194,38.8,0.31413,14.05355,5190.009,30.855,0.075
yellow,11,195,39.0,0.26057,14.19437,5215.338,31.005,0.057
yellow,11,196,39.2,0.19034,14.34393,5249.102,31.167,0.026
yellow,11,197,39.4,0.15568,14.48635,5264.396,31.314,0.026
yellow,12,0,0.0,24.0,3.0,0.0,0.0,0.0
yellow,12,1,0.2,23.97834,3.00093,25.345,0.022,0.001
yellow,12,2,0.4,23.89994,3.01901,49.844,0.1,0.019
yellow,12,3,0.6,23.75397,3.04487,84.206,0.246,0.045
yellow,12,4,0.8,23.62845,3.05625,103.872,0.372,0.056
yellow,12,5,1.0,23.47321,3.06063,124.241,0.527,0.061
yellow,12,6,1.2,23.32685,3.06225,148.4,0.673,0.062
yellow,12,7,1.4,23.15556,3.03821,168.555,0.844,0.038
yellow,12,8,1.6,22.99696,3.01783,197.132,1.003,0.018
yellow,12,9,1.8,22.83666,3.02492,214.119,1.163,0.025
yellow,12,10,2.0,22.66605,3.0476,245.026,1.334,0.048
yellow,12,11,2.2,22.49018,3.03355,265.978,1.51,0.034
yellow,12,12,2.4,22.31765,3.01631,302.553,1.682,0.016
yellow,12,13,2.6,22.13611,3.03953,323.656,1.864,0.04
yellow,12,14,2.8,21.95367,3.06347,357.39,2.046,0.063
yellow,12,15,3.0,21.76795,3.03879,380.024,2.232,0.039
yellow,12,16,3.2,21.5857,3.0298,418.058,2.414,0.03
yellow,12,17,3.4,21.38041,3.06256,454.15,2.62,0.063
yellow,12,18,3.6,21.20004,3.06928,481.132,2.8,0.069
yellow,12,19,3.8,21.03468,3.04633,521.8,2.965,0.046
yellow,12,20,4.0,20.90739,3.03703,537.746,3.093,0.037
yellow,12,21,4.2,20.75711,3.04592,558.782,3.243,0.046
yellow,12,22,4.4,20.62217,3.04729,588.55,3.378,0.047
yellow,12,23,4.6,20.44101,3.01146,613.269,3.559,0.011
yellow,12,24,4.8,20.28737,2.98415,646.788,3.713,0.016
yellow,12,25,5.0,20.13912,2.99171,666.59,3.861,0.008
yellow,12,26,5.2,19.98385,3.01343,696.424,4.016,0.013
yellow,12,27,5.4,19.83175,2.99718,721.727,4.168,0.003
yellow,12,28,5.6,19.66938,2.97207,758.457,4.331,0.028
yellow,12,29,5.8,19.51712,2.98908,773.334,4.483,0.011
yellow,12,30,6.0,19.35616,3.03613,808.755,4.644,0.036
yellow,12,31,6.2,19.19342,3.02902,836.965,4.807,0.029
yellow,12,32,6.4,19.01949,2.99414,870.346,4.981,0.006
yellow,12,33,6.6,18.87873,3.00239,885.756,5.121,0.002
yellow,12,34,6.8,18.73187,3.02562,911.644,5.268,0.026
yellow,12,35,7.0,18.57736,3.01521,935.271,5.423,0.015
yellow,12,36,7.2,18.41776,2.99799,969.102,5.582,0.002
yellow,12,37,7.4,18.27186,3.0063,984.984,5.728,0.006
yellow,12,38,7.6,18.10602,3.03588,1013.881,5.894,0.036
yellow,12,39,7.8,17.93926,3.02369,1037.193,6.061,0.024
yellow,12,40,8.0,17.76768,2.98552,1077.492,6.232,0.014
yellow,12,41,8.2,17.63195,2.98035,1094.278,6.368,0.02
yellow,12,42,8.4,17.47108,3.00299,1125.207,6.529,0.003
yellow,12,43,8.6,17.32078,3.00642,1148.483,6.679,0.006
yellow,12,44,8.8,17.13735,2.97525,1185.641,6.863,0.025
yellow,12,45,9.0,16.99295,2.97396,1203.6,7.007,0.026
yellow,12,46,9.2,16.83204,3.01061,1226.335,7.168,0.011
yellow,12,47,9.4,16.69089,3.04168,1256.23,7.309,0.042
yellow,12,48,9.6,16.52682,3.03164,1276.98,7.473,0.032
yellow,12,49,9.8,16.38219,3.02159,1306.791,7.618,0.022
yellow,12,50,10.0,16.23686,3.03078,1325.932,7.763,0.031
yellow,12,51,10.2,16.07564,3.04873,1354.047,7.924,0.049
yellow,12,52,10.4,15.89781,3.0196,1378.71,8.102,0.02
yellow,12,53,10.6,15.71931,2.99008,1420.088,8.281,0.01
yellow,12,54,10.8,15.55922,3.01029,1442.084,8.441,0.01
yellow,12,55,11.0,15.39619,3.05313,1479.104,8.604,0.053
yellow,12,56,11.2,15.25314,3.04357,1505.411,8.747,0.044
yellow,12,57,11.4,15.08747,3.00905,1538.592,8.913,0.009
yellow,12,58,11.6,14.93884,3.01355,1558.124,9.061,0.014
yellow,12,59,11.8,14.77116,3.04917,1592.49,9.229,0.049
yellow,12,60,12.0,14.6273,3.05836,1613.587,9.373,0.058
yellow,12,61,12.2,14.47304,3.05143,1645.002,9.527,0.051
yellow,12,62,12.4,14.3171,3.06803,1661.157,9.683,0.068
yellow,12,63,12.6,14.14229,3.10987,1695.013,9.858,0.11
yellow,12,64,12.8,13.97949,3.10088,1719.341,10.021,0.101
yellow,12,65,13.0,13.80298,3.06343,1755.213,10.197,0.063
yellow,12,66,13.2,13.65716,3.06324,1773.181,10.343,0.063
yellow,12,67,13.4,13.48831,3.09247,1801.754,10.512,0.092
yellow,12,68,13.6,13.33092,3.07475,1823.791,10.669,0.075
yellow,12,69,13.8,13.15831,3.02234,1854.556,10.842,0.022
yellow,12,70,14.0,13.00241,3.01965,1872.895,10.998,0.02
yellow,12,71,14.2,12.83803,3.05136,1905.35,11.162,0.051
yellow,12,72,14.4,12.67809,3.03621,1930.968,11.322,0.036
yellow,12,73,14.6,12.51207,2.99765,1963.632,11.488,0.002
yellow,12,74,14.8,12.36706,3.00142,1980.668,11.633,0.001
yellow,12,75,15.0,12.20055,3.03463,2010.811,11.799,0.035
yellow,12,76,15.2,12.04263,3.02773,2034.084,11.957,0.028
yellow,12,77,15.4,11.86875,2.99554,2066.373,12.131,0.004
yellow,12,78,15.6,11.70766,3.01857,2086.978,12.292,0.019
yellow,12,79,15.8,11.52931,3.08073,2122.599,12.471,0.081
yellow,12,80,16.0,11.36854,3.08169,2148.471,12.631,0.082
yellow,12,81,16.2,11.20426,3.05521,2186.619,12.796,0.055
yellow,12,82,16.4,11.06709,3.05197,2202.865,12.933,0.052
yellow,12,83,16.6,10.90083,3.07663,2234.153,13.099,0.077
yellow,12,84,16.8,10.74921,3.07158,2258.243,13.251,0.072
yellow,12,85,17.0,10.57425,3.02784,2292.868,13.426,0.028
yellow,12,86,17.2,10.42568,3.0222,2310.816,13.574,0.022
yellow,12,87,17.4,10.24824,3.06229,2343.689,13.752,0.062
yellow,12,88,17.6,10.09756,3.07479,2368.506,13.902,0.075
yellow,12,89,17.8,9.93011,3.04422,2401.421,14.07,0.044
yellow,12,90,18.0,9.78182,3.04322,2419.165,14.218,0.043
yellow,12,91,18.2,9.60855,3.08284,2449.558,14.391,0.083
yellow,12,92,18.4,9.45262,3.08788,2473.354,14.547,0.088
yellow,12,93,18.6,9.27624,3.05023,2508.28,14.724,0.05
yellow,12,94,18.8,9.14011,3.03268,2527.853,14.86,0.033
yellow,12,95,19.0,8.98125,3.04011,2551.571,15.019,0.04
yellow,12,96,19.2,8.82472,3.0441,2577.715,15.175,0.044
yellow,12,97,19.4,8.64269,3.00059,2603.259,15.357,0.001
yellow,12,98,19.6,8.49004,2.9816,2634.425,15.51,0.018
yellow,12,99,19.8,8.32827,3.01766,2661.142,15.672,0.018
yellow,12,100,20.0,8.18748,3.05327,2698.538,15.813,0.053
yellow,12,101,20.2,8.04502,3.04633,2720.013,15.955,0.046
yellow,12,102,20.4,7.90965,3.03726,2754.0,16.09,0.037
yellow,12,103,20.6,7.76275,3.0519,2774.66,16.237,0.052
yellow,12,104,20.8,7.6028,3.08003,2805.156,16.397,0.08
yellow,12,105,21.0,7.45111,3.06181,2828.814,16.549,0.062
yellow,12,106,21.2,7.29194,3.02836,2860.249,16.708,0.028
yellow,12,107,21.4,7.15118,3.02078,2874.021,16.849,0.021
yellow,12,108,21.6,6.99664,3.03992,2903.258,17.003,0.04
yellow,12,109,21.8,6.86912,3.03876,2927.305,17.131,0.039
yellow,12,110,22.0,6.7021,3.01303,2955.024,17.298,0.013
yellow,12,111,22.2,6.55813,3.01284,2974.028,17.442,0.013
yellow,12,112,22.4,6.39296,3.06009,3000.177,17.607,0.06
yellow,12,113,22.6,6.23836,3.10186,3030.32,17.762,0.102
yellow,12,114,22.8,6.06323,3.10233,3056.822,17.937,0.102
yellow,12,115,23.0,5.92411,3.12516,3082.098,18.121,0.089
yellow,12,116,23.2,5.78035,3.20704,3107.697,18.297,0.096
yellow,12,117,23.4,5.64145,3.28599,3137.78,18.461,0.087
yellow,12,118,23.6,5.47049,3.34471,3159.823,18.639,0.031
yellow,12,119,23.8,5.34235,3.41289,3189.567,18.782,0.001
yellow,12,120,24.0,5.24308,3.55315,3217.06,18.951,0.037
yellow,12,121,24.2,5.14711,3.68176,3248.78,19.111,0.06
yellow,12,122,24.4,5.01234,3.7863,3269.809,19.281,0.033
yellow,12,123,24.6,4.8976,3.88981,3298.16,19.435,0.016
yellow,12,124,24.8,4.81307,4.03253,3321.06,19.599,0.044
yellow,12,125,25.0,4.72674,4.17431,3350.291,19.765,0.066
yellow,12,126,25.2,4.58962,4.29225,3373.522,19.943,0.03
yellow,12,127,25.4,4.47922,4.41,3401.275,20.104,0.013
yellow,12,128,25.6,4.40588,4.56811,3428.513,20.275,0.046
yellow,12,129,25.8,4.33147,4.69322,3456.219,20.421,0.057
yellow,12,130,26.0,4.20175,4.8154,3482.717,20.596,0.02
yellow,12,131,26.2,4.10451,4.9237,3514.316,20.74,0.001
yellow,12,132,26.4,4.03203,5.07043,3535.94,20.903,0.019
yellow,12,133,26.6,3.95638,5.19935,3563.458,21.052,0.026
yellow,12,134,26.8,3.82548,5.31655,3586.267,21.221,0.023
yellow,12,135,27.0,3.69817,5.42577,3617.403,21.398,0.049
yellow,12,136,27.2,3.59518,5.5469,3633.891,21.555,0.03
yellow,12,137,27.4,3.49863,5.6738,3661.76,21.712,0.003
yellow,12,138,27.6,3.37227,5.78907,3683.622,21.883,0.008
yellow,12,139,27.8,3.23475,5.9026,3715.76,22.061,0.024
yellow,12,140,28.0,3.13642,6.03261,3735.359,22.222,0.004
yellow,12,141,28.2,3.04422,6.1798,3769.751,22.393,0.03
yellow,12,142,28.4,2.91544,6.29796,3791.767,22.567,0.015
yellow,12,143,28.6,2.78491,6.41307,3826.456,22.74,0.008
yellow,12,144,28.8,2.70071,6.55601,3846.63,22.904,0.02
yellow,12,145,29.0,2.6236,6.71437,3879.698,23.076,0.06
yellow,12,146,29.2,2.50102,6.84371,3901.806,23.254,0.043
yellow,12,147,29.4,2.3878,6.95722,3939.881,23.414,0.018
yellow,12,148,29.6,2.313,7.09237,3958.709,23.568,0.034
yellow,12,149,29.8,2.24339,7.24732,3987.938,23.737,0.062
yellow,12,150,30.0,2.13172,7.37773,4011.737,23.908,0.035
yellow,12,151,30.2,2.01401,7.51345,4042.771,24.085,0.001
yellow,12,152,30.4,1.95564,7.66992,4062.344,24.251,0.022
yellow,12,153,30.6,1.91231,7.83909,4095.316,24.424,0.057
yellow,12,154,30.8,1.82462,7.99436,4117.329,24.604,0.038
yellow,12,155,31.0,1.74226,8.13618,4154.468,24.766,0.012
yellow,12,156,31.2,1.70926,8.28941,4173.963,24.924,0.029
yellow,12,157,31.4,1.68734,8.46063,4204.367,25.096,0.054
yellow,12,158,31.6,1.61664,8.61933,4226.758,25.267,0.021
yellow,12,159,31.8,1.54733,8.77388,4261.944,25.434,0.009
yellow,12,160,32.0,1.53097,8.93825,4282.362,25.598,0.015
yellow,12,161,32.2,1.52551,9.11229,4315.632,25.768,0.052
yellow,12,162,32.4,1.46628,9.27907,4337.49,25.944,0.035
yellow,12,163,32.6,1.40694,9.42815,4378.481,26.103,0.014
yellow,12,164,32.8,1.3858,9.58049,4397.28,26.256,0.03
yellow,12,165,33.0,1.37293,9.75014,4427.279,26.424,0.059
yellow,12,166,33.2,1.3081,9.90756,4449.936,26.592,0.034
yellow,12,167,33.4,1.23668,10.06935,4483.03,26.766,0.004
yellow,12,168,33.6,1.21963,10.23494,4502.917,26.931,0.028
yellow,12,169,33.8,1.21342,10.39819,4533.834,27.091,0.061
yellow,12,170,34.0,1.15991,10.55654,4556.963,27.258,0.048
yellow,12,171,34.2,1.09752,10.71807,4596.939,27.429,0.026
yellow,12,172,34.4,1.08491,10.88097,4617.214,27.591,0.054
yellow,12,173,34.6,1.08631,11.04608,4651.366,27.75,0.095
yellow,12,174,34.8,1.04373,11.19143,4672.722,27.902,0.089
yellow,12,175,35.0,0.98901,11.33247,4702.416,28.052,0.07
yellow,12,176,35.2,0.96146,11.46725,4719.466,28.189,0.076
yellow,12,177,35.4,0.94947,11.6347,4752.984,28.355,0.105
yellow,12,178,35.6,0.90799,11.77604,4777.265,28.502,0.099
yellow,12,179,35.8,0.83374,11.92648,4808.103,28.666,0.063
yellow,12,180,36.0,0.78819,12.06095,4823.395,28.807,0.052
yellow,12,181,36.2,0.77459,12.22666,4854.944,28.971,0.079
yellow,12,182,36.4,0.74605,12.37188,4879.974,29.119,0.086
yellow,12,183,36.6,0.6783,12.52141,4910.76,29.281,0.057
yellow,12,184,36.8,0.63661,12.65435,4929.397,29.42,0.049
yellow,12,185,37.0,0.61597,12.82463,4953.45,29.59,0.07
yellow,12,186,37.2,0.59413,12.96813,4985.005,29.734,0.084
yellow,12,187,37.4,0.52221,13.11483,5007.127,29.894,0.049
yellow,12,188,37.6,0.46929,13.24512,5040.224,30.033,0.03
yellow,12,189,37.8,0.45616,13.40641,5062.725,30.193,0.056
yellow,12,190,38.0,0.4476,13.57036,5099.567,30.354,0.087
yellow,12,191,38.2,0.39066,13.71752,5123.125,30.511,0.068
yellow,12,192,38.4,0.32505,13.86687,5154.876,30.672,0.041
yellow,12,193,38.6,0.30087,14.01686,5171.396,30.823,0.053
yellow,12,194,38.8,0.28587,14.18315,5202.187,30.988,0.079
yellow,12,195,39.0,0.2159,14.32638,5224.089,31.144,0.046
yellow,12,196,39.2,0.13365,14.47507,5257.525,31.308,0.002
yellow,13,0,0.0,24.0,3.0,0.0,0.0,0.0
yellow,13,1,0.2,23.97834,3.00093,25.345,0.022,0.001
yellow,13,2,0.4,23.89994,3.01901,49.844,0.1,0.019
yellow,13,3,0.6,23.75397,3.04487,84.206,0.246,0.045
yellow,13,4,0.8,23.62845,3.05625,103.872,0.372,0.056
yellow,13,5,1.0,23.47321,3.06063,124.241,0.527,0.061
yellow,13,6,1.2,23.32685,3.06225,148.4,0.673,0.062
yellow,13,7,1.4,23.15556,3.03821,168.555,0.844,0.038
yellow,13,8,1.6,22.99696,3.01783,197.132,1.003,0.018
yellow,13,9,1.8,22.83666,3.02492,214.119,1.163,0.025
yellow,13,10,2.0,22.66605,3.0476,245.026,1.334,0.048
yellow,13,11,2.2,22.49018,3.03355,265.978,1.51,0.034
yellow,13,12,2.4,22.31765,3.01631,302.553,1.682,0.016
yellow,13,13,2.6,22.13611,3.03953,323.656,1.864,0.04
yellow,13,14,2.8,21.95367,3.06347,357.39,2.046,0.063
yellow,13,15,3.0,21.76795,3.03879,380.024,2.232,0.039
yellow,13,16,3.2,21.5857,3.0298,418.058,2.414,0.03
yellow,13,17,3.4,21.38041,3.06256,454.15,2.62,0.063
yellow,13,18,3.6,21.20004,3.06928,481.132,2.8,0.069
yellow,13,19,3.8,21.03468,3.04633,521.8,2.965,0.046
yellow,13,20,4.0,20.90739,3.03703,537.746,3.093,0.037
yellow,13,21,4.2,20.75711,3.04592,558.782,3.243,0.046
yellow,13,22,4.4,20.62217,3.04729,588.55,3.378,0.047
yellow,13,23,4.6,20.44101,3.01146,613.269,3.559,0.011
yellow,13,24,4.8,20.28737,2.98415,646.788,3.713,0.016
yellow,13,25,5.0,20.13912,2.99171,666.59,3.861,0.008
yellow,13,26,5.2,19.98385,3.01343,696.424,4.016,0.013
yellow,13,27,5.4,19.83175,2.99718,721.727,4.168,0.003
yellow,13,28,5.6,19.66938,2.97207,758.457,4.331,0.028
yellow,13,29,5.8,19.51712,2.98908,773.334,4.483,0.011
yellow,13,30,6.0,19.35616,3.03613,808.755,4.644,0.036
yellow,13,31,6.2,19.19342,3.02902,836.965,4.807,0.029
yellow,13,32,6.4,19.01949,2.99414,870.346,4.981,0.006
yellow,13,33,6.6,18.87873,3.00239,885.756,5.121,0.002
yellow,13,34,6.8,18.73187,3.02562,911.644,5.268,0.026
yellow,13,35,7.0,18.57736,3.01521,935.271,5.423,0.015
yellow,13,36,7.2,18.41776,2.99799,969.102,5.582,0.002
yellow,13,37,7.4,18.27186,3.0063,984.984,5.728,0.006
yellow,13,38,7.6,18.10602,3.03588,1013.881,5.894,0.036
yellow,13,39,7.8,17.93926,3.02369,1037.193,6.061,0.024
yellow,13,40,8.0,17.76768,2.98552,1077.492,6.232,0.014
yellow,13,41,8.2,17.63195,2.98035,1094.278,6.368,0.02
yellow,13,42,8.4,17.47108,3.00299,1125.207,6.529,0.003
yellow,13,43,8.6,17.32078,3.00642,1148.483,6.679,0.006
yellow,13,44,8.8,17.13735,2.97525,1185.641,6.863,0.025
yellow,13,45,9.0,16.99295,2.97396,1203.6,7.007,0.026
yellow,13,46,9.2,16.83204,3.01061,1226.335,7.168,0.011
yellow,13,47,9.4,16.69089,3.04168,1256.23,7.309,0.042
yellow,13,48,9.6,16.52682,3.03164,1276.98,7.473,0.032
yellow,13,49,9.8,16.38219,3.02159,1306.791,7.618,0.022
yellow,13,50,10.0,16.23686,3.03078,1325.932,7.763,0.031
yellow,13,51,10.2,16.07564,3.04873,1354.047,7.924,0.049
yellow,13,52,10.4,15.89781,3.0196,1378.71,8.102,0.02
yellow,13,53,10.6,15.71931,2.99008,1420.088,8.281,0.01
yellow,13,54,10.8,15.55922,3.01029,1442.084,8.441,0.01
yellow,13,55,11.0,15.39619,3.05313,1479.104,8.604,0.053
yellow,13,56,11.2,15.25314,3.04357,1505.411,8.747,0.044
yellow,13,57,11.4,15.08747,3.00905,1538.592,8.913,0.009
yellow,13,58,11.6,14.93884,3.01355,1558.124,9.061,0.014
yellow,13,59,11.8,14.77116,3.04917,1592.49,9.229,0.049
yellow,13,60,12.0,14.6273,3.05836,1613.587,9.373,0.058
yellow,13,61,12.2,14.47304,3.05143,1645.002,9.527,0.051
yellow,13,62,12.4,14.3171,3.06803,1661.157,9.683,0.068
yellow,13,63,12.6,14.14229,3.10987,1695.013,9.858,0.11
yellow,13,64,12.8,13.97949,3.10088,1719.341,10.021,0.101
yellow,13,65,13.0,13.80298,3.06343,1755.213,10.197,0.063
yellow,13,66,13.2,13.65716,3.06324,1773.181,10.343,0.063
yellow,13,67,13.4,13.48831,3.09247,1801.754,10.512,0.092
yellow,13,68,13.6,13.33092,3.07475,1823.791,10.669,0.075
yellow,13,69,13.8,13.15831,3.02234,1854.556,10.842,0.022
yellow,13,70,14.0,13.00241,3.01965,1872.895,10.998,0.02
yellow,13,71,14.2,12.83803,3.05136,1905.35,11.162,0.051
yellow,13,72,14.4,12.67809,3.03621,1930.968,11.322,0.036
yellow,13,73,14.6,12.51207,2.99765,1963.632,11.488,0.002
yellow,13,74,14.8,12.36706,3.00142,1980.668,11.633,0.001
yellow,13,75,15.0,12.20055,3.03463,2010.811,11.799,0.035
yellow,13,76,15.2,12.04263,3.02773,2034.084,11.957,0.028
yellow,13,77,15.4,11.86875,2.99554,2066.373,12.131,0.004
yellow,13,78,15.6,11.70766,3.01857,2086.978,12.292,0.019
yellow,13,79,15.8,11.52931,3.08073,2122.599,12.471,0.081
yellow,13,80,16.0,11.36854,3.08169,2148.471,12.631,0.082
yellow,13,81,16.2,11.20426,3.05521,2186.619,12.796,0.055
yellow,13,82,16.4,11.06709,3.05197,2202.865,12.933,0.052
yellow,13,83,16.6,10.90083,3.07663,2234.153,13.099,0.077
yellow,13,84,16.8,10.74921,3.07158,2258.243,13.251,0.072
yellow,13,85,17.0,10.57425,3.02784,2292.868,13.426,0.028
yellow,13,86,17.2,10.42568,3.0222,2310.816,13.574,0.022
yellow,13,87,17.4,10.24824,3.06229,2343.689,13.752,0.062
yellow,13,88,17.6,10.09756,3.07479,2368.506,13.902,0.075
yellow,13,89,17.8,9.93011,3.04422,2401.421,14.07,0.044
yellow,13,90,18.0,9.78182,3.04322,2419.165,14.218,0.043
yellow,13,91,18.2,9.60855,3.08284,2449.558,14.391,0.083
yellow,13,92,18.4,9.45262,3.08788,2473.354,14.547,0.088
yellow,13,93,18.6,9.27624,3.05023,2508.28,14.724,0.05
yellow,13,94,18.8,9.14011,3.03268,2527.853,14.86,0.033
yellow,13,95,19.0,8.98125,3.04011,2551.571,15.019,0.04
yellow,13,96,19.2,8.82472,3.0441,2577.715,15.175,0.044
yellow,13,97,19.4,8.64269,3.00059,2603.259,15.357,0.001
yellow,13,98,19.6,8.49004,2.9816,2634.425,15.51,0.018
yellow,13,99,19.8,8.32827,3.01766,2661.142,15.672,0.018
yellow,13,100,20.0,8.18748,3.05327,2698.538,15.813,0.053
yellow,13,101,20.2,8.04502,3.04633,2720.013,15.955,0.046
yellow,13,102,20.4,7.90965,3.03726,2754.0,16.09,0.037
yellow,13,103,20.6,7.76275,3.0519,2774.66,16.237,0.052
yellow,13,104,20.8,7.6028,3.08003,2805.156,16.397,0.08
yellow,13,105,21.0,7.45111,3.06181,2828.814,16.549,0.062
yellow,13,106,21.2,7.29194,3.02836,2860.249,16.708,0.028
yellow,13,107,21.4,7.15118,3.02078,2874.021,16.849,0.021
yellow,13,108,21.6,6.99664,3.03992,2903.258,17.003,0.04
yellow,13,109,21.8,6.86912,3.03876,2927.305,17.131,0.039
yellow,13,110,22.0,6.7021,3.01303,2955.024,17.298,0.013
yellow,13,111,22.2,6.55813,3.01284,2974.028,17.442,0.013
yellow,13,112,22.4,6.39296,3.06009,3000.177,17.607,0.06
yellow,13,113,22.6,6.23836,3.10186,3030.32,17.762,0.102
yellow,13,114,22.8,6.06323,3.10233,3056.822,17.937,0.102
yellow,13,115,23.0,5.92411,3.12516,3082.098,18.121,0.089
yellow,13,116,23.2,5.78035,3.20704,3107.697,18.297,0.096
yellow,13,117,23.4,5.64145,3.28599,3137.78,18.461,0.087
yellow,13,118,23.6,5.47049,3.34471,3159.823,18.639,0.031
yellow,13,119,23.8,5.34235,3.41289,3189.567,18.782,0.001
yellow,13,120,24.0,5.24308,3.55315,3217.06,18.951,0.037
yellow,13,121,24.2,5.14711,3.68176,3248.78,19.111,0.06
yellow,13,122,24.4,5.01234,3.7863,3269.809,19.281,0.033
yellow,13,123,24.6,4.8976,3.88981,3298.16,19.435,0.016
yellow,13,124,24.8,4.81307,4.03253,3321.06,19.599,0.044
yellow,13,125,25.0,4.72674,4.17431,3350.291,19.765,0.066
yellow,13,126,25.2,4.58962,4.29225,3373.522,19.943,0.03
yellow,13,127,25.4,4.47922,4.41,3401.275,20.104,0.013
yellow,13,128,25.6,4.40588,4.56811,3428.513,20.275,0.046
yellow,13,129,25.8,4.33147,4.69322,3456.219,20.421,0.057
yellow,13,130,26.0,4.20175,4.8154,3482.717,20.596,0.02
yellow,13,131,26.2,4.10451,4.9237,3514.316,20.74,0.001
yellow,13,132,26.4,4.03203,5.07043,3535.94,20.903,0.019
yellow,13,133,26.6,3.95638,5.19935,3563.458,21.052,0.026
yellow,13,134,26.8,3.82548,5.31655,3586.267,21.221,0.023
yellow,13,135,27.0,3.69817,5.42577,3617.403,21.398,0.049
yellow,13,136,27.2,3.59518,5.5469,3633.891,21.555,0.03
yellow,13,137,27.4,3.49863,5.6738,3661.76,21.712,0.003
yellow,13,138,27.6,3.37227,5.78907,3683.622,21.883,0.008
yellow,13,139,27.8,3.23475,5.9026,3715.76,22.061,0.024
yellow,13,140,28.0,3.13642,6.03261,3735.359,22.222,0.004
yellow,13,141,28.2,3.04422,6.1798,3769.751,22.393,0.03
yellow,13,142,28.4,2.91544,6.29796,3791.767,22.567,0.015
yellow,13,143,28.6,2.78491,6.41307,3826.456,22.74,0.008
yellow,13,144,28.8,2.70071,6.55601,3846.63,22.904,0.02
yellow,13,145,29.0,2.6236,6.71437,3879.698,23.076,0.06
yellow,13,146,29.2,2.50102,6.84371,3901.806,23.254,0.043
yellow,13,147,29.4,2.3878,6.95722,3939.881,23.414,0.018
yellow,13,148,29.6,2.313,7.09237,3958.709,23.568,0.034
yellow,13,149,29.8,2.24339,7.24732,3987.938,23.737,0.062
yellow,13,150,30.0,2.13172,7.37773,4011.737,23.908,0.035
yellow,13,151,30.2,2.01401,7.51345,4042.771,24.085,0.001
yellow,13,152,30.4,1.95564,7.66992,4062.344,24.251,0.022
yellow,13,153,30.6,1.91231,7.83909,4095.316,24.424,0.057
yellow,13,154,30.8,1.82462,7.99436,4117.329,24.604,0.038
yellow,13,155,31.0,1.74226,8.13618,4154.468,24.766,0.012
yellow,13,156,31.2,1.70926,8.28941,4173.963,24.924,0.029
yellow,13,157,31.4,1.68734,8.46063,4204.367,25.096,0.054
yellow,13,158,31.6,1.61664,8.61933,4226.758,25.267,0.021
yellow,13,159,31.8,1.54733,8.77388,4261.944,25.434,0.009
yellow,13,160,32.0,1.53097,8.93825,4282.362,25.598,0.015
yellow,13,161,32.2,1.52551,9.11229,4315.632,25.768,0.052
yellow,13,162,32.4,1.46628,9.27907,4337.49,25.944,0.035
yellow,13,163,32.6,1.40694,9.42815,4378.481,26.103,0.014
yellow,13,164,32.8,1.3858,9.58049,4397.28,26.256,0.03
yellow,13,165,33.0,1.37293,9.75014,4427.279,26.424,0.059
yellow,13,166,33.2,1.3081,9.90756,4449.936,26.592,0.034
yellow,13,167,33.4,1.23668,10.06935,4483.03,26.766,0.004
yellow,13,168,33.6,1.21963,10.23494,4502.917,26.931,0.028
yellow,13,169,33.8,1.21342,10.39819,4533.834,27.091,0.061
yellow,13,170,34.0,1.15991,10.55654,4556.963,27.258,0.048
yellow,13,171,34.2,1.09752,10.71807,4596.939,27.429,0.026
yellow,13,172,34.4,1.08491,10.88097,4617.214,27.591,0.054
yellow,13,173,34.6,1.08631,11.04608,4651.366,27.75,0.095
yellow,13,174,34.8,1.04373,11.19143,4672.722,27.902,0.089
yellow,13,175,35.0,0.98901,11.33247,4702.416,28.052,0.07
yellow,13,176,35.2,0.96146,11.46725,4719.466,28.189,0.076
yellow,13,177,35.4,0.94947,11.6347,4752.984,28.355,0.105
yellow,13,178,35.6,0.90799,11.77604,4777.265,28.502,0.099
yellow,13,179,35.8,0.83374,11.92648,4808.103,28.666,0.063
yellow,13,180,36.0,0.78819,12.06095,4823.395,28.807,0.052
yellow,13,181,36.2,0.77459,12.22666,4854.944,28.971,0.079
yellow,13,182,36.4,0.74605,12.37188,4879.974,29.119,0.086
yellow,13,183,36.6,0.6783,12.52141,4910.76,29.281,0.057
yellow,13,184,36.8,0.63661,12.65435,4929.397,29.42,0.049
yellow,13,185,37.0,0.61597,12.82463,4953.45,29.59,0.07
yellow,13,186,37.2,0.59413,12.96813,4985.005,29.734,0.084
yellow,13,187,37.4,0.52221,13.11483,5007.127,29.894,0.049
yellow,13,188,37.6,0.46929,13.24512,5040.224,30.033,0.03
yellow,13,189,37.8,0.45616,13.40641,5062.725,30.193,0.056
yellow,13,190,38.0,0.4476,13.57036,5099.567,30.354,0.087
yellow,13,191,38.2,0.39066,13.71752,5123.125,30.511,0.068
yellow,13,192,38.4,0.32505,13.86687,5154.876,30.672,0.041
yellow,13,193,38.6,0.30087,14.01686,5171.396,30.823,0.053
yellow,13,194,38.8,0.28587,14.18315,5202.187,30.988,0.079
yellow,13,195,39.0,0.2159,14.32638,5224.089,31.144,0.046
yellow,13,196,39.2,0.13365,14.47507,5257.525,31.308,0.002
yellow,14,0,0.0,24.0,3.0,0.0,0.0,0.0
yellow,14,1,0.2,23.97834,3.00093,25.345,0.022,0.001
yellow,14,2,0.4,23.89994,3.01901,49.844,0.1,0.019
yellow,14,3,0.6,23.75397,3.04487,84.206,0.246,0.045
yellow,14,4,0.8,23.62845,3.05625,103.872,0.372,0.056
yellow,14,5,1.0,23.47321,3.06063,124.241,0.527,0.061
yellow,14,6,1.2,23.32685,3.06225,148.4,0.673,0.062
yellow,14,7,1.4,23.15556,3.03821,168.555,0.844,0.038
yellow,14,8,1.6,22.99696,3.01783,197.132,1.003,0.018
yellow,14,9,1.8,22.83666,3.02492,214.119,1.163,0.025
yellow,14,10,2.0,22.66605,3.0476,245.026,1.334,0.048
yellow,14,11,2.2,22.49018,3.03355,265.978,1.51,0.034
yellow,14,12,2.4,22.31765,3.01631,302.553,1.682,0.016
yellow,14,13,2.6,22.13611,3.03953,323.656,1.864,0.04
yellow,14,14,2.8,21.95367,3.06347,357.39,2.046,0.063
yellow,14,15,3.0,21.76795,3.03879,380.024,2.232,0.039
yellow,14,16,3.2,21.5857,3.0298,418.058,2.414,0.03
yellow,14,17,3.4,21.38041,3.06256,454.15,2.62,0.063
yellow,14,18,3.6,21.20004,3.06928,481.132,2.8,0.069
yellow,14,19,3.8,21.03468,3.04633,521.8,2.965,0.046
yellow,14,20,4.0,20.90739,3.03703,537.746,3.093,0.037
yellow,14,21,4.2,20.75711,3.04592,558.782,3.243,0.046
yellow,14,22,4.4,20.62217,3.04729,588.55,3.378,0.047
yellow,14,23,4.6,20.44101,3.01146,613.269,3.559,0.011
yellow,14,24,4.8,20.28737,2.98415,646.788,3.713,0.016
yellow,14,25,5.0,20.13912,2.99171,666.59,3.861,0.008
yellow,14,26,5.2,19.98385,3.01343,696.424,4.016,0.013
yellow,14,27,5.4,19.83175,2.99718,721.727,4.168,0.003
yellow,14,28,5.6,19.66938,2.97207,758.457,4.331,0.028
yellow,14,29,5.8,19.51712,2.98908,773.334,4.483,0.011
yellow,14,30,6.0,19.35616,3.03613,808.755,4.644,0.036
yellow,14,31,6.2,19.19342,3.02902,836.965,4.807,0.029
yellow,14,32,6.4,19.01949,2.99414,870.346,4.981,0.006
yellow,14,33,6.6,18.87873,3.00239,885.756,5.121,0.002
yellow,14,34,6.8,18.73187,3.02562,911.644,5.268,0.026
yellow,14,35,7.0,18.57736,3.01521,935.271,5.423,0.015
yellow,14,36,7.2,18.41776,2.99799,969.102,5.582,0.002
yellow,14,37,7.4,18.27186,3.0063,984.984,5.728,0.006
yellow,14,38,7.6,18.10602,3.03588,1013.881,5.894,0.036
yellow,14,39,7.8,17.93926,3.02369,1037.193,6.061,0.024
yellow,14,40,8.0,17.76768,2.98552,1077.492,6.232,0.014
yellow,14,41,8.2,17.63195,2.98035,1094.278,6.368,0.02
yellow,14,42,8.4,17.47108,3.00299,1125.207,6.529,0.003
yellow,14,43,8.6,17.32078,3.00642,1148.483,6.679,0.006
yellow,14,44,8.8,17.13735,2.97525,1185.641,6.863,0.025
yellow,14,45,9.0,16.99295,2.97396,1203.6,7.007,0.026
yellow,14,46,9.2,16.83204,3.01061,1226.335,7.168,0.011
yellow,14,47,9.4,16.69089,3.04168,1256.23,7.309,0.042
yellow,14,48,9.6,16.52682,3.03164,1276.98,7.473,0.032
yellow,14,49,9.8,16.38219,3.02159,1306.791,7.618,0.022
yellow,14,50,10.0,16.23686,3.03078,1325.932,7.763,0.031
yellow,14,51,10.2,16.07564,3.04873,1354.047,7.924,0.049
yellow,14,52,10.4,15.89781,3.0196,1378.71,8.102,0.02
yellow,14,53,10.6,15.71931,2.99008,1420.088,8.281,0.01
yellow,14,54,10.8,15.55922,3.01029,1442.084,8.441,0.01
yellow,14,55,11.0,15.39619,3.05313,1479.104,8.604,0.053
yellow,14,56,11.2,15.25314,3.04357,1505.411,8.747,0.044
yellow,14,57,11.4,15.08747,3.00905,1538.592,8.913,0.009
yellow,14,58,11.6,14.93884,3.01355,1558.124,9.061,0.014
yellow,14,59,11.8,14.77116,3.04917,1592.49,9.229,0.049
yellow,14,60,12.0,14.6273,3.05836,1613.587,9.373,0.058
yellow,14,61,12.2,14.47304,3.05143,1645.002,9.527,0.051
yellow,14,62,12.4,14.3171,3.06803,1661.157,9.683,0.068
yellow,14,63,12.6,14.14229,3.10987,1695.013,9.858,0.11
yellow,14,64,12.8,13.97949,3.10088,1719.341,10.021,0.101
yellow,14,65,13.0,13.80298,3.06343,1755.213,10.197,0.063
yellow,14,66,13.2,13.65716,3.06324,1773.181,10.343,0.063
yellow,14,67,13.4,13.48831,3.09247,1801.754,10.512,0.092
yellow,14,68,13.6,13.33092,3.07475,1823.791,10.669,0.075
yellow,14,69,13.8,13.15831,3.02234,1854.556,10.842,0.022
yellow,14,70,14.0,13.00241,3.01965,1872.895,10.998,0.02
yellow,14,71,14.2,12.83803,3.05136,1905.35,11.162,0.051
yellow,14,72,14.4,12.67809,3.03621,1930.968,11.322,0.036
yellow,14,73,14.6,12.51207,2.99765,1963.632,11.488,0.002
yellow,14,74,14.8,12.36706,3.00142,1980.668,11.633,0.001
yellow,14,75,15.0,12.20055,3.03463,2010.811,11.799,0.035
yellow,14,76,15.2,12.04263,3.02773,2034.084,11.957,0.028
yellow,14,77,15.4,11.86875,2.99554,2066.373,12.131,0.004
yellow,14,78,15.6,11.70766,3.01857,2086.978,12.292,0.019
yellow,14,79,15.8,11.52931,3.08073,2122.599,12.471,0.081
yellow,14,80,16.0,11.36854,3.08169,2148.471,12.631,0.082
yellow,14,81,16.2,11.20426,3.05521,2186.619,12.796,0.055
yellow,14,82,16.4,11.06709,3.05197,2202.865,12.933,0.052
yellow,14,83,16.6,10.90083,3.07663,2234.153,13.099,0.077
yellow,14,84,16.8,10.74921,3.07158,2258.243,13.251,0.072
yellow,14,85,17.0,10.57425,3.02784,2292.868,13.426,0.028
yellow,14,86,17.2,10.42568,3.0222,2310.816,13.574,0.022
yellow,14,87,17.4,10.24824,3.06229,2343.689,13.752,0.062
yellow,14,88,17.6,10.09756,3.07479,2368.506,13.902,0.075
yellow,14,89,17.8,9.93011,3.04422,2401.421,14.07,0.044
yellow,14,90,18.0,9.78182,3.04322,2419.165,14.218,0.043
yellow,14,91,18.2,9.60855,3.08284,2449.558,14.391,0.083
yellow,14,92,18.4,9.45262,3.08788,2473.354,14.547,0.088
yellow,14,93,18.6,9.27624,3.05023,2508.28,14.724,0.05
yellow,14,94,18.8,9.14011,3.03268,2527.853,14.86,0.033
yellow,14,95,19.0,8.98125,3.04011,2551.571,15.019,0.04
yellow,14,96,19.2,8.82472,3.0441,2577.715,15.175,0.044
yellow,14,97,19.4,8.64269,3.00059,2603.259,15.357,0.001
yellow,14,98,19.6,8.49004,2.9816,2634.425,15.51,0.018
yellow,14,99,19.8,8.32827,3.01766,2661.142,15.672,0.018
yellow,14,100,20.0,8.18748,3.05327,2698.538,15.813,0.053
yellow,14,101,20.2,8.04502,3.04633,2720.013,15.955,0.046
yellow,14,102,20.4,7.90965,3.03726,2754.0,16.09,0.037
yellow,14,103,20.6,7.76275,3.0519,2774.66,16.237,0.052
yellow,14,104,20.8,7.6028,3.08003,2805.156,16.397,0.08
yellow,14,105,21.0,7.45111,3.06181,2828.814,16.549,0.062
yellow,14,106,21.2,7.29194,3.02836,2860.249,16.708,0.028
yellow,14,107,21.4,7.15118,3.02078,2874.021,16.849,0.021
yellow,14,108,21.6,6.99664,3.03992,2903.258,17.003,0.04
yellow,14,109,21.8,6.86912,3.03876,2927.305,17.131,0.039
yellow,14,110,22.0,6.7021,3.01303,2955.024,17.298,0.013
yellow,14,111,22.2,6.55813,3.01284,2974.028,17.442,0.013
yellow,14,112,22.4,6.39296,3.06009,3000.177,17.607,0.06
yellow,14,113,22.6,6.23836,3.10186,3030.32,17.762,0.102
yellow,14,114,22.8,6.06323,3.10233,3056.822,17.937,0.102
yellow,14,115,23.0,5.92411,3.12516,3082.098,18.121,0.089
yellow,14,116,23.2,5.78035,3.20704,3107.697,18.297,0.096
yellow,14,117,23.4,5.64145,3.28599,3137.78,18.461,0.087
yellow,14,118,23.6,5.47049,3.34471,3159.823,18.639,0.031
yellow,14,119,23.8,5.34235,3.41289,3189.567,18.782,0.001
yellow,14,120,24.0,5.24308,3.55315,3217.06,18.951,0.037
yellow,14,121,24.2,5.14711,3.68176,3248.78,19.111,0.06
yellow,14,122,24.4,5.01234,3.7863,3269.809,19.281,0.033
yellow,14,123,24.6,4.8976,3.88981,3298.16,19.435,0.016
yellow,14,124,24.8,4.81307,4.03253,3321.06,19.599,0.044
yellow,14,125,25.0,4.72659,4.17432,3350.349,19.765,0.066
yellow,14,126,25.2,4.58896,4.29232,3373.538,19.943,0.03
yellow,14,127,25.4,4.47992,4.41057,3402.564,20.104,0.013
yellow,14,128,25.6,4.41065,4.5713,3429.436,20.275,0.052
yellow,14,129,25.8,4.33848,4.6914,3457.998,20.416,0.062
yellow,14,130,26.0,4.20896,4.80765,3495.962,20.585,0.021
yellow,14,131,26.2,4.11166,4.92269,3511.697,20.735,0.005
yellow,14,132,26.4,4.03734,5.0724,3538.553,20.901,0.025
yellow,14,133,26.6,3.94856,5.19164,3562.601,21.05,0.015
yellow,14,134,26.8,3.80374,5.31232,3593.137,21.229,0.043
yellow,14,135,27.0,3.69419,5.42058,3612.28,21.398,0.056
yellow,14,136,27.2,3.59941,5.55808,3633.393,21.56,0.019
yellow,14,137,27.4,3.50788,5.67797,3660.428,21.709,0.006
yellow,14,138,27.6,3.37056,5.79394,3680.951,21.888,0.006
yellow,14,139,27.8,3.24536,5.90293,3710.098,22.053,0.017
yellow,14,140,28.0,3.14384,6.03511,3727.679,22.219,0.003
yellow,14,141,28.2,3.05369,6.16735,3761.65,22.377,0.029
yellow,14,142,28.4,2.92927,6.28646,3784.205,22.549,0.017
yellow,14,143,28.6,2.80261,6.4003,3818.48,22.719,0.002
yellow,14,144,28.8,2.71567,6.5316,3836.581,22.875,0.016
yellow,14,145,29.0,2.64144,6.6804,3866.839,23.038,0.053
yellow,14,146,29.2,2.53669,6.79531,3890.241,23.194,0.041
yellow,14,147,29.4,2.4063,6.91686,3926.414,23.37,0.01
yellow,14,148,29.6,2.328,7.05051,3945.647,23.525,0.023
yellow,14,149,29.8,2.26548,7.21865,3978.068,23.701,0.065
yellow,14,150,30.0,2.16916,7.35806,4001.498,23.872,0.057
yellow,14,151,30.2,2.05274,7.48908,4039.588,24.045,0.023
yellow,14,152,30.4,1.98923,7.62239,4057.399,24.193,0.031
yellow,14,153,30.6,1.94271,7.79189,4088.938,24.368,0.065
yellow,14,154,30.8,1.86216,7.93825,4111.946,24.536,0.051
yellow,14,155,31.0,1.76269,8.08331,4148.06,24.71,0.013
yellow,14,156,31.2,1.72181,8.228,4166.853,24.86,0.022
yellow,14,157,31.4,1.70505,8.40457,4200.198,25.037,0.057
yellow,14,158,31.6,1.64787,8.56505,4223.896,25.208,0.039
yellow,14,159,31.8,1.56886,8.72357,4261.277,25.38,0.0
yellow,14,160,32.0,1.53903,8.87065,4278.613,25.53,0.006
yellow,14,161,32.2,1.53304,9.0468,4309.549,25.702,0.043
yellow,14,162,32.4,1.48434,9.20635,4333.05,25.869,0.035
yellow,14,163,32.6,1.4121,9.36618,4370.695,26.042,0.004
yellow,14,164,32.8,1.3863,9.51344,4388.788,26.191,0.014
yellow,14,165,33.0,1.38274,9.69001,4420.048,26.363,0.054
yellow,14,166,33.2,1.33533,9.84856,4443.518,26.528,0.046
yellow,14,167,33.4,1.2633,10.00869,4480.956,26.701,0.015
yellow,14,168,33.6,1.23664,10.15728,4499.257,26.852,0.025
yellow,14,169,33.8,1.23031,10.32979,4529.209,27.021,0.061
yellow,14,170,34.0,1.17435,10.48655,4554.615,27.186,0.045
yellow,14,171,34.2,1.09371,10.64519,4597.397,27.36,0.005
yellow,14,172,34.4,1.06975,10.77916,4617.676,27.495,0.014
yellow,14,173,34.6,1.06882,10.94329,4645.625,27.655,0.053
yellow,14,174,34.8,1.03089,11.08437,4669.076,27.801,0.05
yellow,14,175,35.0,0.95855,11.24189,4698.676,27.971,0.018
yellow,14,176,35.2,0.93154,11.3817,4718.614,28.114,0.026
yellow,14,177,35.4,0.93115,11.54938,4748.509,28.276,0.066
yellow,14,178,35.6,0.88809,11.69437,4774.677,28.427,0.06
yellow,14,179,35.8,0.8052,11.85387,4808.465,28.602,0.018
yellow,14,180,36.0,0.77894,12.00281,4825.978,28.753,0.029
yellow,14,181,36.2,0.7794,12.1774,4856.644,28.922,0.072
yellow,14,182,36.4,0.73231,12.32566,4880.556,29.078,0.062
yellow,14,183,36.6,0.65929,12.468,4918.587,29.233,0.026
yellow,14,184,36.8,0.62611,12.5986,4934.35,29.368,0.025
yellow,14,185,37.0,0.60922,12.75839,4960.538,29.527,0.047
yellow,14,186,37.2,0.57043,12.88797,4984.007,29.662,0.041
yellow,14,187,37.4,0.49213,13.04896,5010.03,29.838,0.004
yellow,14,188,37.6,0.45226,13.18522,5032.769,29.979,0.001
yellow,14,189,37.8,0.45141,13.35153,5060.268,30.141,0.038
yellow,14,190,38.0,0.44867,13.50178,5090.329,30.287,0.072
yellow,14,191,38.2,0.40137,13.64042,5110.021,30.433,0.06
yellow,14,192,38.4,0.35621,13.7644,5143.355,30.565,0.046
yellow,14,193,38.6,0.32971,13.90086,5162.872,30.703,0.053
yellow,14,194,38.8,0.31413,14.05355,5190.009,30.855,0.075
yellow,14,195,39.0,0.26057,14.19437,5215.338,31.005,0.057
yellow,14,196,39.2,0.19034,14.34393,5249.102,31.167,0.026
yellow,14,197,39.4,0.15568,14.48635,5264.396,31.314,0.026
yellow,15,0,0.0,24.0,3.0,0.0,0.0,0.0
yellow,15,1,0.2,23.97834,3.00093,25.345,0.022,0.001
yellow,15,2,0.4,23.89994,3.01901,49.844,0.1,0.019
yellow,15,3,0.6,23.75397,3.04487,84.206,0.246,0.045
yellow,15,4,0.8,23.62845,3.05625,103.872,0.372,0.056
yellow,15,5,1.0,23.47321,3.06063,124.241,0.527,0.061
yellow,15,6,1.2,23.32685,3.06225,148.4,0.673,0.062
yellow,15,7,1.4,23.15556,3.03821,168.555,0.844,0.038
yellow,15,8,1.6,22.99696,3.01783,197.132,1.003,0.018
yellow,15,9,1.8,22.83666,3.02492,214.119,1.163,0.025
yellow,15,10,2.0,22.66605,3.0476,245.026,1.334,0.048
yellow,15,11,2.2,22.49018,3.03355,265.978,1.51,0.034
yellow,15,12,2.4,22.31765,3.01631,302.553,1.682,0.016
yellow,15,13,2.6,22.13611,3.03953,323.656,1.864,0.04
yellow,15,14,2.8,21.95367,3.06347,357.39,2.046,0.063
yellow,15,15,3.0,21.76795,3.03879,380.024,2.232,0.039
yellow,15,16,3.2,21.5857,3.0298,418.058,2.414,0.03
yellow,15,17,3.4,21.38041,3.06256,454.15,2.62,0.063
yellow,15,18,3.6,21.20004,3.06928,481.132,2.8,0.069
yellow,15,19,3.8,21.03468,3.04633,521.8,2.965,0.046
yellow,15,20,4.0,20.90739,3.03703,537.746,3.093,0.037
yellow,15,21,4.2,20.75711,3.04592,558.782,3.243,0.046
yellow,15,22,4.4,20.62217,3.04729,588.55,3.378,0.047
yellow,15,23,4.6,20.44101,3.01146,613.269,3.559,0.011
yellow,15,24,4.8,20.28737,2.98415,646.788,3.713,0.016
yellow,15,25,5.0,20.13912,2.99171,666.59,3.861,0.008
yellow,15,26,5.2,19.98385,3.01343,696.424,4.016,0.013
yellow,15,27,5.4,19.83175,2.99718,721.727,4.168,0.003
yellow,15,28,5.6,19.66938,2.97207,758.457,4.331,0.028
yellow,15,29,5.8,19.51712,2.98908,773.334,4.483,0.011
yellow,15,30,6.0,19.35616,3.03613,808.755,4.644,0.036
yellow,15,31,6.2,19.19342,3.02902,836.965,4.807,0.029
yellow,15,32,6.4,19.01949,2.99414,870.346,4.981,0.006
yellow,15,33,6.6,18.87873,3.00239,885.756,5.121,0.002
yellow,15,34,6.8,18.73187,3.02562,911.644,5.268,0.026
yellow,15,35,7.0,18.57736,3.01521,935.271,5.423,0.015
yellow,15,36,7.2,18.41776,2.99799,969.102,5.582,0.002
yellow,15,37,7.4,18.27186,3.0063,984.984,5.728,0.006
yellow,15,38,7.6,18.10602,3.03588,1013.881,5.894,0.036
yellow,15,39,7.8,17.93926,3.02369,1037.193,6.061,0.024
yellow,15,40,8.0,17.76768,2.98552,1077.492,6.232,0.014
yellow,15,41,8.2,17.63195,2.98035,1094.278,6.368,0.02
yellow,15,42,8.4,17.47108,3.00299,1125.207,6.529,0.003
yellow,15,43,8.6,17.32078,3.00642,1148.483,6.679,0.006
yellow,15,44,8.8,17.13735,2.97525,1185.641,6.863,0.025
yellow,15,45,9.0,16.99295,2.97396,1203.6,7.007,0.026
yellow,15,46,9.2,16.83204,3.01061,1226.335,7.168,0.011
yellow,15,47,9.4,16.69089,3.04168,1256.23,7.309,0.042
yellow,15,48,9.6,16.52682,3.03164,1276.98,7.473,0.032
yellow,15,49,9.8,16.38219,3.02159,1306.791,7.618,0.022
yellow,15,50,10.0,16.23686,3.03078,1325.932,7.763,0.031
yellow,15,51,10.2,16.07564,3.04873,1354.047,7.924,0.049
yellow,15,52,10.4,15.89781,3.0196,1378.71,8.102,0.02
yellow,15,53,10.6,15.71931,2.99008,1420.088,8.281,0.01
yellow,15,54,10.8,15.55922,3.01029,1442.084,8.441,0.01
yellow,15,55,11.0,15.39619,3.05313,1479.104,8.604,0.053
yellow,15,56,11.2,15.25314,3.04357,1505.411,8.747,0.044
yellow,15,57,11.4,15.08747,3.00905,1538.592,8.913,0.009
yellow,15,58,11.6,14.93884,3.01355,1558.124,9.061,0.014
yellow,15,59,11.8,14.77116,3.04917,1592.49,9.229,0.049
yellow,15,60,12.0,14.6273,3.05836,1613.587,9.373,0.058
yellow,15,61,12.2,14.47304,3.05143,1645.002,9.527,0.051
yellow,15,62,12.4,14.3171,3.06803,1661.157,9.683,0.068
yellow,15,63,12.6,14.14229,3.10987,1695.013,9.858,0.11
yellow,15,64,12.8,13.97949,3.10088,1719.341,10.021,0.101
yellow,15,65,13.0,13.80298,3.06343,1755.213,10.197,0.063
yellow,15,66,13.2,13.65716,3.06324,1773.181,10.343,0.063
yellow,15,67,13.4,13.48831,3.09247,1801.754,10.512,0.092
yellow,15,68,13.6,13.33092,3.07475,1823.791,10.669,0.075
yellow,15,69,13.8,13.15831,3.02234,1854.556,10.842,0.022
yellow,15,70,14.0,13.00241,3.01965,1872.895,10.998,0.02
yellow,15,71,14.2,12.83803,3.05136,1905.35,11.162,0.051
yellow,15,72,14.4,12.67809,3.03621,1930.968,11.322,0.036
yellow,15,73,14.6,12.51207,2.99765,1963.632,11.488,0.002
yellow,15,74,14.8,12.36706,3.00142,1980.668,11.633,0.001
yellow,15,75,15.0,12.20055,3.03463,2010.811,11.799,0.035
yellow,15,76,15.2,12.04263,3.02773,2034.084,11.957,0.028
yellow,15,77,15.4,11.86875,2.99554,2066.373,12.131,0.004
yellow,15,78,15.6,11.70766,3.01857,2086.978,12.292,0.019
yellow,15,79,15.8,11.52931,3.08073,2122.599,12.471,0.081
yellow,15,80,16.0,11.36854,3.08169,2148.471,12.631,0.082
yellow,15,81,16.2,11.20426,3.05521,2186.619,12.796,0.055
yellow,15,82,16.4,11.06709,3.05197,2202.865,12.933,0.052
yellow,15,83,16.6,10.90083,3.07663,2234.153,13.099,0.077
yellow,15,84,16.8,10.74921,3.07158,2258.243,13.251,0.072
yellow,15,85,17.0,10.57425,3.02784,2292.868,13.426,0.028
yellow,15,86,17.2,10.42568,3.0222,2310.816,13.574,0.022
yellow,15,87,17.4,10.24824,3.06229,2343.689,13.752,0.062
yellow,15,88,17.6,10.09756,3.07479,2368.506,13.902,0.075
yellow,15,89,17.8,9.93011,3.04422,2401.421,14.07,0.044
yellow,15,90,18.0,9.78182,3.04322,2419.165,14.218,0.043
yellow,15,91,18.2,9.60855,3.08284,2449.558,14.391,0.083
yellow,15,92,18.4,9.45262,3.08788,2473.354,14.547,0.088
yellow,15,93,18.6,9.27624,3.05023,2508.28,14.724,0.05
yellow,15,94,18.8,9.14011,3.03268,2527.853,14.86,0.033
yellow,15,95,19.0,8.98125,3.04011,2551.571,15.019,0.04
yellow,15,96,19.2,8.82472,3.0441,2577.715,15.175,0.044
yellow,15,97,19.4,8.64269,3.00059,2603.259,15.357,0.001
yellow,15,98,19.6,8.49004,2.9816,2634.425,15.51,0.018
yellow,15,99,19.8,8.32827,3.01766,2661.142,15.672,0.018
yellow,15,100,20.0,8.18748,3.05327,2698.538,15.813,0.053
yellow,15,101,20.2,8.04502,3.04633,2720.013,15.955,0.046
yellow,15,102,20.4,7.90965,3.03726,2754.0,16.09,0.037
yellow,15,103,20.6,7.76275,3.0519,2774.66,16.237,0.052
yellow,15,104,20.8,7.6028,3.08003,2805.156,16.397,0.08
yellow,15,105,21.0,7.45111,3.06181,2828.814,16.549,0.062
yellow,15,106,21.2,7.29194,3.02836,2860.249,16.708,0.028
yellow,15,107,21.4,7.15118,3.02078,2874.021,16.849,0.021
yellow,15,108,21.6,6.99664,3.03992,2903.258,17.003,0.04
yellow,15,109,21.8,6.86912,3.03876,2927.305,17.131,0.039
yellow,15,110,22.0,6.7021,3.01303,2955.024,17.298,0.013
yellow,15,111,22.2,6.55813,3.01284,2974.028,17.442,0.013
yellow,15,112,22.4,6.39296,3.06009,3000.177,17.607,0.06
yellow,15,113,22.6,6.23836,3.10186,3030.32,17.762,0.102
yellow,15,114,22.8,6.06323,3.10233,3056.822,17.937,0.102
yellow,15,115,23.0,5.92411,3.12516,3082.098,18.121,0.089
yellow,15,116,23.2,5.78035,3.20704,3107.697,18.297,0.096
yellow,15,117,23.4,5.64145,3.28599,3137.78,18.461,0.087
yellow,15,118,23.6,5.47049,3.34471,3159.823,18.639,0.031
yellow,15,119,23.8,5.34235,3.41289,3189.567,18.782,0.001
yellow,15,120,24.0,5.24308,3.55315,3217.06,18.951,0.037
yellow,15,121,24.2,5.14711,3.68176,3248.78,19.111,0.06
yellow,15,122,24.4,5.01234,3.7863,3269.809,19.281,0.033
yellow,15,123,24.6,4.8976,3.88981,3298.16,19.435,0.016
yellow,15,124,24.8,4.81307,4.03253,3321.06,19.599,0.044
yellow,15,125,25.0,4.72674,4.17431,3350.291,19.765,0.066
yellow,15,126,25.2,4.58962,4.29225,3373.522,19.943,0.03
yellow,15,127,25.4,4.47922,4.41,3401.275,20.104,0.013
yellow,15,128,25.6,4.40588,4.56811,3428.513,20.275,0.046
yellow,15,129,25.8,4.33147,4.69322,3456.219,20.421,0.057
yellow,15,130,26.0,4.20175,4.8154,3482.717,20.596,0.02
yellow,15,131,26.2,4.10451,4.9237,3514.316,20.74,0.001
yellow,15,132,26.4,4.03203,5.07043,3535.94,20.903,0.019
yellow,15,133,26.6,3.95638,5.19935,3563.458,21.052,0.026
yellow,15,134,26.8,3.82548,5.31655,3586.267,21.221,0.023
yellow,15,135,27.0,3.69817,5.42577,3617.403,21.398,0.049
yellow,15,136,27.2,3.59518,5.5469,3633.891,21.555,0.03
yellow,15,137,27.4,3.49863,5.6738,3661.76,21.712,0.003
yellow,15,138,27.6,3.37227,5.78907,3683.622,21.883,0.008
yellow,15,139,27.8,3.23475,5.9026,3715.76,22.061,0.024
yellow,15,140,28.0,3.13642,6.03261,3735.359,22.222,0.004
yellow,15,141,28.2,3.04422,6.1798,3769.751,22.393,0.03
yellow,15,142,28.4,2.91544,6.29796,3791.767,22.567,0.015
yellow,15,143,28.6,2.78491,6.41307,3826.456,22.74,0.008
yellow,15,144,28.8,2.70071,6.55601,3846.63,22.904,0.02
yellow,15,145,29.0,2.6236,6.71437,3879.698,23.076,0.06
yellow,15,146,29.2,2.50102,6.84371,3901.806,23.254,0.043
yellow,15,147,29.4,2.3878,6.95722,3939.881,23.414,0.018
yellow,15,148,29.6,2.313,7.09237,3958.709,23.568,0.034
yellow,15,149,29.8,2.24339,7.24732,3987.938,23.737,0.062
yellow,15,150,30.0,2.13172,7.37773,4011.737,23.908,0.035
yellow,15,151,30.2,2.01401,7.51345,4042.771,24.085,0.001
yellow,15,152,30.4,1.95564,7.66992,4062.344,24.251,0.022
yellow,15,153,30.6,1.91231,7.83909,4095.316,24.424,0.057
yellow,15,154,30.8,1.82462,7.99436,4117.329,24.604,0.038
yellow,15,155,31.0,1.74226,8.13618,4154.468,24.766,0.012
yellow,15,156,31.2,1.70926,8.28941,4173.963,24.924,0.029
yellow,15,157,31.4,1.68734,8.46063,4204.367,25.096,0.054
yellow,15,158,31.6,1.61664,8.61933,4226.758,25.267,0.021
yellow,15,159,31.8,1.54733,8.77388,4261.944,25.434,0.009
yellow,15,160,32.0,1.53097,8.93825,4282.362,25.598,0.015
yellow,15,161,32.2,1.52551,9.11229,4315.632,25.768,0.052
yellow,15,162,32.4,1.46628,9.27907,4337.49,25.944,0.035
yellow,15,163,32.6,1.40694,9.42815,4378.481,26.103,0.014
yellow,15,164,32.8,1.3858,9.58049,4397.28,26.256,0.03
yellow,15,165,33.0,1.37293,9.75014,4427.279,26.424,0.059
yellow,15,166,33.2,1.3081,9.90756,4449.936,26.592,0.034
yellow,15,167,33.4,1.23668,10.06935,4483.03,26.766,0.004
yellow,15,168,33.6,1.21963,10.23494,4502.917,26.931,0.028
yellow,15,169,33.8,1.21342,10.39819,4533.834,27.091,0.061
yellow,15,170,34.0,1.15991,10.55654,4556.963,27.258,0.048
yellow,15,171,34.2,1.09752,10.71807,4596.939,27.429,0.026
yellow,15,172,34.4,1.08491,10.88097,4617.214,27.591,0.054
yellow,15,173,34.6,1.08631,11.04608,4651.366,27.75,0.095
yellow,15,174,34.8,1.04373,11.19143,4672.722,27.902,0.089
yellow,15,175,35.0,0.98901,11.33247,4702.416,28.052,0.07
yellow,15,176,35.2,0.96146,11.46725,4719.466,28.189,0.076
yellow,15,177,35.4,0.94947,11.6347,4752.984,28.355,0.105
yellow,15,178,35.6,0.90799,11.77604,4777.265,28.502,0.099
yellow,15,179,35.8,0.83374,11.92648,4808.103,28.666,0.063
yellow,15,180,36.0,0.78819,12.06095,4823.395,28.807,0.052
yellow,15,181,36.2,0.77459,12.22666,4854.944,28.971,0.079
yellow,15,182,36.4,0.74605,12.37188,4879.974,29.119,0.086
yellow,15,183,36.6,0.6783,12.52141,4910.76,29.281,0.057
yellow,15,184,36.8,0.63661,12.65435,4929.397,29.42,0.049
yellow,15,185,37.0,0.61597,12.82463,4953.45,29.59,0.07
yellow,15,186,37.2,0.59413,12.96813,4985.005,29.734,0.084
yellow,15,187,37.4,0.52221,13.11483,5007.127,29.894,0.049
yellow,15,188,37.6,0.46929,13.24512,5040.224,30.033,0.03
yellow,15,189,37.8,0.45616,13.40641,5062.725,30.193,0.056
yellow,15,190,38.0,0.4476,13.57036,5099.567,30.354,0.087
yellow,15,191,38.2,0.39066,13.71752,5123.125,30.511,0.068
yellow,15,192,38.4,0.32505,13.86687,5154.876,30.672,0.041
yellow,15,193,38.6,0.30087,14.01686,5171.396,30.823,0.053
yellow,15,194,38.8,0.28587,14.18315,5202.187,30.988,0.079
yellow,15,195,39.0,0.2159,14.32638,5224.089,31.144,0.046
yellow,15,196,39.2,0.13365,14.47507,5257.525,31.308,0.002
yellow,16,0,0.0,24.0,3.0,0.0,0.0,0.0
yellow,16,1,0.2,23.97834,3.00093,25.345,0.022,0.001
yellow,16,2,0.4,23.89994,3.01901,49.844,0.1,0.019
yellow,16,3,0.6,23.75397,3.04487,84.206,0.246,0.045
yellow,16,4,0.8,23.62845,3.05625,103.872,0.372,0.056
yellow,16,5,1.0,23.47321,3.06063,124.241,0.527,0.061
yellow,16,6,1.2,23.32685,3.06225,148.4,0.673,0.062
yellow,16,7,1.4,23.15556,3.03821,168.555,0.844,0.038
yellow,16,8,1.6,22.99696,3.01783,197.132,1.003,0.018
yellow,16,9,1.8,22.83666,3.02492,214.119,1.163,0.025
yellow,16,10,2.0,22.66605,3.0476,245.026,1.334,0.048
yellow,16,11,2.2,22.49018,3.03355,265.978,1.51,0.034
yellow,16,12,2.4,22.31765,3.01631,302.553,1.682,0.016
yellow,16,13,2.6,22.13611,3.03953,323.656,1.864,0.04
yellow,16,14,2.8,21.95367,3.06347,357.39,2.046,0.063
yellow,16,15,3.0,21.76795,3.03879,380.024,2.232,0.039
yellow,16,16,3.2,21.5857,3.0298,418.058,2.414,0.03
yellow,16,17,3.4,21.38041,3.06256,454.15,2.62,0.063
yellow,16,18,3.6,21.20004,3.06928,481.132,2.8,0.069
yellow,16,19,3.8,21.03468,3.04633,521.8,2.965,0.046
yellow,16,20,4.0,20.90739,3.03703,537.746,3.093,0.037
yellow,16,21,4.2,20.75711,3.04592,558.782,3.243,0.046
yellow,16,22,4.4,20.62217,3.04729,588.55,3.378,0.047
yellow,16,23,4.6,20.44101,3.01146,613.269,3.559,0.011
yellow,16,24,4.8,20.28737,2.98415,646.788,3.713,0.016
yellow,16,25,5.0,20.13912,2.99171,666.59,3.861,0.008
yellow,16,26,5.2,19.98385,3.01343,696.424,4.016,0.013
yellow,16,27,5.4,19.83175,2.99718,721.727,4.168,0.003
yellow,16,28,5.6,19.66938,2.97207,758.457,4.331,0.028
yellow,16,29,5.8,19.51712,2.98908,773.334,4.483,0.011
yellow,16,30,6.0,19.35616,3.03613,808.755,4.644,0.036
yellow,16,31,6.2,19.19342,3.02902,836.965,4.807,0.029
yellow,16,32,6.4,19.01949,2.99414,870.346,4.981,0.006
yellow,16,33,6.6,18.87873,3.00239,885.756,5.121,0.002
yellow,16,34,6.8,18.73187,3.02562,911.644,5.268,0.026
yellow,16,35,7.0,18.57736,3.01521,935.271,5.423,0.015
yellow,16,36,7.2,18.41776,2.99799,969.102,5.582,0.002
yellow,16,37,7.4,18.27186,3.0063,984.984,5.728,0.006
yellow,16,38,7.6,18.10602,3.03588,1013.881,5.894,0.036
yellow,16,39,7.8,17.93926,3.02369,1037.193,6.061,0.024
yellow,16,40,8.0,17.76768,2.98552,1077.492,6.232,0.014
yellow,16,41,8.2,17.63195,2.98035,1094.278,6.368,0.02
yellow,16,42,8.4,17.47108,3.00299,1125.207,6.529,0.003
yellow,16,43,8.6,17.32078,3.00642,1148.483,6.679,0.006
yellow,16,44,8.8,17.13735,2.97525,1185.641,6.863,0.025
yellow,16,45,9.0,16.99295,2.97396,1203.6,7.007,0.026
yellow,16,46,9.2,16.83204,3.01061,1226.335,7.168,0.011
yellow,16,47,9.4,16.69089,3.04168,1256.23,7.309,0.042
yellow,16,48,9.6,16.52682,3.03164,1276.98,7.473,0.032
yellow,16,49,9.8,16.38219,3.02159,1306.791,7.618,0.022
yellow,16,50,10.0,16.23686,3.03078,1325.932,7.763,0.031
yellow,16,51,10.2,16.07564,3.04873,1354.047,7.924,0.049
yellow,16,52,10.4,15.89781,3.0196,1378.71,8.102,0.02
yellow,16,53,10.6,15.71931,2.99008,1420.088,8.281,0.01
yellow,16,54,10.8,15.55922,3.01029,1442.084,8.441,0.01
yellow,16,55,11.0,15.39619,3.05313,1479.104,8.604,0.053
yellow,16,56,11.2,15.25314,3.04357,1505.411,8.747,0.044
yellow,16,57,11.4,15.08747,3.00905,1538.592,8.913,0.009
yellow,16,58,11.6,14.93884,3.01355,1558.124,9.061,0.014
yellow,16,59,11.8,14.77116,3.04917,1592.49,9.229,0.049
yellow,16,60,12.0,14.6273,3.05836,1613.587,9.373,0.058
yellow,16,61,12.2,14.47304,3.05143,1645.002,9.527,0.051
yellow,16,62,12.4,14.3171,3.06803,1661.157,9.683,0.068
yellow,16,63,12.6,14.14229,3.10987,1695.013,9.858,0.11
yellow,16,64,12.8,13.97949,3.10088,1719.341,10.021,0.101
yellow,16,65,13.0,13.80298,3.06343,1755.213,10.197,0.063
yellow,16,66,13.2,13.65716,3.06324,1773.181,10.343,0.063
yellow,16,67,13.4,13.48831,3.09247,1801.754,10.512,0.092
yellow,16,68,13.6,13.33092,3.07475,1823.791,10.669,0.075
yellow,16,69,13.8,13.15831,3.02234,1854.556,10.842,0.022
yellow,16,70,14.0,13.00241,3.01965,1872.895,10.998,0.02
yellow,16,71,14.2,12.83803,3.05136,1905.35,11.162,0.051
yellow,16,72,14.4,12.67809,3.03621,1930.968,11.322,0.036
yellow,16,73,14.6,12.51207,2.99765,1963.632,11.488,0.002
yellow,16,74,14.8,12.36706,3.00142,1980.668,11.633,0.001
yellow,16,75,15.0,12.20055,3.03463,2010.811,11.799,0.035
yellow,16,76,15.2,12.04263,3.02773,2034.084,11.957,0.028
yellow,16,77,15.4,11.86875,2.99554,2066.373,12.131,0.004
yellow,16,78,15.6,11.70766,3.01857,2086.978,12.292,0.019
yellow,16,79,15.8,11.52931,3.08073,2122.599,12.471,0.081
yellow,16,80,16.0,11.36854,3.08169,2148.471,12.631,0.082
yellow,16,81,16.2,11.20426,3.05521,2186.619,12.796,0.055
yellow,16,82,16.4,11.06709,3.05197,2202.865,12.933,0.052
yellow,16,83,16.6,10.90083,3.07663,2234.153,13.099,0.077
yellow,16,84,16.8,10.74921,3.07158,2258.243,13.251,0.072
yellow,16,85,17.0,10.57425,3.02784,2292.868,13.426,0.028
yellow,16,86,17.2,10.42568,3.0222,2310.816,13.574,0.022
yellow,16,87,17.4,10.24824,3.06229,2343.689,13.752,0.062
yellow,16,88,17.6,10.09756,3.07479,2368.506,13.902,0.075
yellow,16,89,17.8,9.93011,3.04422,2401.421,14.07,0.044
yellow,16,90,18.0,9.78182,3.04322,2419.165,14.218,0.043
yellow,16,91,18.2,9.60855,3.08284,2449.558,14.391,0.083
yellow,16,92,18.4,9.45262,3.08788,2473.354,14.547,0.088
yellow,16,93,18.6,9.27624,3.05023,2508.28,14.724,0.05
yellow,16,94,18.8,9.14011,3.03268,2527.853,14.86,0.033
yellow,16,95,19.0,8.98125,3.04011,2551.571,15.019,0.04
yellow,16,96,19.2,8.82472,3.0441,2577.715,15.175,0.044
yellow,16,97,19.4,8.64269,3.00059,2603.259,15.357,0.001
yellow,16,98,19.6,8.49004,2.9816,2634.425,15.51,0.018
yellow,16,99,19.8,8.32827,3.01766,2661.142,15.672,0.018
yellow,16,100,20.0,8.18748,3.05327,2698.538,15.813,0.053
yellow,16,101,20.2,8.04502,3.04633,2720.013,15.955,0.046
yellow,16,102,20.4,7.90965,3.03726,2754.0,16.09,0.037
yellow,16,103,20.6,7.76275,3.0519,2774.66,16.237,0.052
yellow,16,104,20.8,7.6028,3.08003,2805.156,16.397,0.08
yellow,16,105,21.0,7.45111,3.06181,2828.814,16.549,0.062
yellow,16,106,21.2,7.29194,3.02836,2860.249,16.708,0.028
yellow,16,107,21.4,7.15118,3.02078,2874.021,16.849,0.021
yellow,16,108,21.6,6.99664,3.03992,2903.258,17.003,0.04
yellow,16,109,21.8,6.86912,3.03876,2927.305,17.131,0.039
yellow,16,110,22.0,6.7021,3.01303,2955.024,17.298,0.013
yellow,16,111,22.2,6.55813,3.01284,2974.028,17.442,0.013
yellow,16,112,22.4,6.39296,3.06009,3000.177,17.607,0.06
yellow,16,113,22.6,6.23836,3.10186,3030.32,17.762,0.102
yellow,16,114,22.8,6.06323,3.10233,3056.822,17.937,0.102
yellow,16,115,23.0,5.92411,3.12516,3082.098,18.121,0.089
yellow,16,116,23.2,5.78035,3.20704,3107.697,18.297,0.096
yellow,16,117,23.4,5.64145,3.28599,3137.78,18.461,0.087
yellow,16,118,23.6,5.47049,3.34471,3159.823,18.639,0.031
yellow,16,119,23.8,5.34235,3.41289,3189.567,18.782,0.001
yellow,16,120,24.0,5.24308,3.55315,3217.06,18.951,0.037
yellow,16,121,24.2,5.14711,3.68176,3248.78,19.111,0.06
yellow,16,122,24.4,5.01234,3.7863,3269.809,19.281,0.033
yellow,16,123,24.6,4.8976,3.88981,3298.16,19.435,0.016
yellow,16,124,24.8,4.81307,4.03253,3321.06,19.599,0.044
yellow,16,125,25.0,4.72674,4.17431,3350.291,19.765,0.066
yellow,16,126,25.2,4.58962,4.29225,3373.522,19.943,0.03
yellow,16,127,25.4,4.47922,4.41,3401.275,20.104,0.013
yellow,16,128,25.6,4.40588,4.56811,3428.513,20.275,0.046
yellow,16,129,25.8,4.33147,4.69322,3456.219,20.421,0.057
yellow,16,130,26.0,4.20175,4.8154,3482.717,20.596,0.02
yellow,16,131,26.2,4.10451,4.9237,3514.316,20.74,0.001
yellow,16,132,26.4,4.03203,5.07043,3535.94,20.903,0.019
yellow,16,133,26.6,3.95638,5.19935,3563.458,21.052,0.026
yellow,16,134,26.8,3.82548,5.31655,3586.267,21.221,0.023
yellow,16,135,27.0,3.69817,5.42577,3617.403,21.398,0.049
yellow,16,136,27.2,3.59518,5.5469,3633.891,21.555,0.03
yellow,16,137,27.4,3.49863,5.6738,3661.76,21.712,0.003
yellow,16,138,27.6,3.37227,5.78907,3683.622,21.883,0.008
yellow,16,139,27.8,3.23475,5.9026,3715.76,22.061,0.024
yellow,16,140,28.0,3.13642,6.03261,3735.359,22.222,0.004
yellow,16,141,28.2,3.04422,6.1798,3769.751,22.393,0.03
yellow,16,142,28.4,2.91544,6.29796,3791.767,22.567,0.015
yellow,16,143,28.6,2.78491,6.41307,3826.456,22.74,0.008
yellow,16,144,28.8,2.70071,6.55601,3846.63,22.904,0.02
yellow,16,145,29.0,2.6236,6.71437,3879.698,23.076,0.06
yellow,16,146,29.2,2.50102,6.84371,3901.806,23.254,0.043
yellow,16,147,29.4,2.3878,6.95722,3939.881,23.414,0.018
yellow,16,148,29.6,2.313,7.09237,3958.709,23.568,0.034
yellow,16,149,29.8,2.24339,7.24732,3987.938,23.737,0.062
yellow,16,150,30.0,2.13172,7.37773,4011.737,23.908,0.035
yellow,16,151,30.2,2.01401,7.51345,4042.771,24.085,0.001
yellow,16,152,30.4,1.95564,7.66992,4062.344,24.251,0.022
yellow,16,153,30.6,1.91231,7.83909,4095.316,24.424,0.057
yellow,16,154,30.8,1.82462,7.99436,4117.329,24.604,0.038
yellow,16,155,31.0,1.74226,8.13618,4154.468,24.766,0.012
yellow,16,156,31.2,1.70926,8.28941,4173.963,24.924,0.029
yellow,16,157,31.4,1.68734,8.46063,4204.367,25.096,0.054
yellow,16,158,31.6,1.61664,8.61933,4226.758,25.267,0.021
yellow,16,159,31.8,1.54733,8.77388,4261.944,25.434,0.009
yellow,16,160,32.0,1.53097,8.93825,4282.362,25.598,0.015
yellow,16,161,32.2,1.52551,9.11229,4315.632,25.768,0.052
yellow,16,162,32.4,1.46628,9.27907,4337.49,25.944,0.035
yellow,16,163,32.6,1.40694,9.42815,4378.481,26.103,0.014
yellow,16,164,32.8,1.3858,9.58049,4397.28,26.256,0.03
yellow,16,165,33.0,1.37293,9.75014,4427.279,26.424,0.059
yellow,16,166,33.2,1.3081,9.90756,4449.936,26.592,0.034
yellow,16,167,33.4,1.23668,10.06935,4483.03,26.766,0.004
yellow,16,168,33.6,1.21963,10.23494,4502.917,26.931,0.028
yellow,16,169,33.8,1.21342,10.39819,4533.834,27.091,0.061
yellow,16,170,34.0,1.15991,10.55654,4556.963,27.258,0.048
yellow,16,171,34.2,1.09752,10.71807,4596.939,27.429,0.026
yellow,16,172,34.4,1.08491,10.88097,4617.214,27.591,0.054
yellow,16,173,34.6,1.08631,11.04608,4651.366,27.75,0.095
yellow,16,174,34.8,1.04373,11.19143,4672.722,27.902,0.089
yellow,16,175,35.0,0.98901,11.33247,4702.416,28.052,0.07
yellow,16,176,35.2,0.96146,11.46725,4719.466,28.189,0.076
yellow,16,177,35.4,0.94947,11.6347,4752.984,28.355,0.105
yellow,16,178,35.6,0.90799,11.77604,4777.265,28.502,0.099
yellow,16,179,35.8,0.83374,11.92648,4808.103,28.666,0.063
yellow,16,180,36.0,0.78819,12.06095,4823.395,28.807,0.052
yellow,16,181,36.2,0.77459,12.22666,4854.944,28.971,0.079
yellow,16,182,36.4,0.74605,12.37188,4879.974,29.119,0.086
yellow,16,183,36.6,0.6783,12.52141,4910.76,29.281,0.057
yellow,16,184,36.8,0.63661,12.65435,4929.397,29.42,0.049
yellow,16,185,37.0,0.61597,12.82463,4953.45,29.59,0.07
yellow,16,186,37.2,0.59413,12.96813,4985.005,29.734,0.084
yellow,16,187,37.4,0.52221,13.11483,5007.127,29.894,0.049
yellow,16,188,37.6,0.46929,13.24512,5040.224,30.033,0.03
yellow,16,189,37.8,0.45616,13.40641,5062.725,30.193,0.056
yellow,16,190,38.0,0.4476,13.57036,5099.567,30.354,0.087
yellow,16,191,38.2,0.39066,13.71752,5123.125,30.511,0.068
yellow,16,192,38.4,0.32505,13.86687,5154.876,30.672,0.041
yellow,16,193,38.6,0.30087,14.01686,5171.396,30.823,0.053
yellow,16,194,38.8,0.28587,14.18315,5202.187,30.988,0.079
yellow,16,195,39.0,0.2159,14.32638,5224.089,31.144,0.046
yellow,16,196,39.2,0.13365,14.47507,5257.525,31.308,0.002
yellow,17,0,0.0,24.0,3.0,0.0,0.0,0.0
yellow,17,1,0.2,23.97834,3.00093,25.345,0.022,0.001
yellow,17,2,0.4,23.89994,3.01901,49.844,0.1,0.019
yellow,17,3,0.6,23.75397,3.04487,84.206,0.246,0.045
yellow,17,4,0.8,23.62845,3.05625,103.872,0.372,0.056
yellow,17,5,1.0,23.47321,3.06063,124.241,0.527,0.061
yellow,17,6,1.2,23.32685,3.06225,148.4,0.673,0.062
yellow,17,7,1.4,23.15556,3.03821,168.555,0.844,0.038
yellow,17,8,1.6,22.99696,3.01783,197.132,1.003,0.018
yellow,17,9,1.8,22.83666,3.02492,214.119,1.163,0.025
yellow,17,10,2.0,22.66605,3.0476,245.026,1.334,0.048
yellow,17,11,2.2,22.49018,3.03355,265.978,1.51,0.034
yellow,17,12,2.4,22.31765,3.01631,302.553,1.682,0.016
yellow,17,13,2.6,22.13611,3.03953,323.656,1.864,0.04
yellow,17,14,2.8,21.95367,3.06347,357.39,2.046,0.063
yellow,17,15,3.0,21.76795,3.03879,380.024,2.232,0.039
yellow,17,16,3.2,21.5857,3.0298,418.058,2.414,0.03
yellow,17,17,3.4,21.38041,3.06256,454.15,2.62,0.063
yellow,17,18,3.6,21.20004,3.06928,481.132,2.8,0.069
yellow,17,19,3.8,21.03468,3.04633,521.8,2.965,0.046
yellow,17,20,4.0,20.90739,3.03703,537.746,3.093,0.037
yellow,17,21,4.2,20.75711,3.04592,558.782,3.243,0.046
yellow,17,22,4.4,20.62217,3.04729,588.55,3.378,0.047
yellow,17,23,4.6,20.44101,3.01146,613.269,3.559,0.011
yellow,17,24,4.8,20.28737,2.98415,646.788,3.713,0.016
yellow,17,25,5.0,20.13912,2.99171,666.59,3.861,0.008
yellow,17,26,5.2,19.98385,3.01343,696.424,4.016,0.013
yellow,17,27,5.4,19.83175,2.99718,721.727,4.168,0.003
yellow,17,28,5.6,19.66938,2.97207,758.457,4.331,0.028
yellow,17,29,5.8,19.51712,2.98908,773.334,4.483,0.011
yellow,17,30,6.0,19.35616,3.03613,808.755,4.644,0.036
yellow,17,31,6.2,19.19342,3.02902,836.965,4.807,0.029
yellow,17,32,6.4,19.01949,2.99414,870.346,4.981,0.006
yellow,17,33,6.6,18.87873,3.00239,885.756,5.121,0.002
yellow,17,34,6.8,18.73187,3.02562,911.644,5.268,0.026
yellow,17,35,7.0,18.57736,3.01521,935.271,5.423,0.015
yellow,17,36,7.2,18.41776,2.99799,969.102,5.582,0.002
yellow,17,37,7.4,18.27186,3.0063,984.984,5.728,0.006
yellow,17,38,7.6,18.10602,3.03588,1013.881,5.894,0.036
yellow,17,39,7.8,17.93926,3.02369,1037.193,6.061,0.024
yellow,17,40,8.0,17.76768,2.98552,1077.492,6.232,0.014
yellow,17,41,8.2,17.63195,2.98035,1094.278,6.368,0.02
yellow,17,42,8.4,17.47108,3.00299,1125.207,6.529,0.003
yellow,17,43,8.6,17.32078,3.00642,1148.483,6.679,0.006
yellow,17,44,8.8,17.13735,2.97525,1185.641,6.863,0.025
yellow,17,45,9.0,16.99295,2.97396,1203.6,7.007,0.026
yellow,17,46,9.2,16.83204,3.01061,1226.335,7.168,0.011
yellow,17,47,9.4,16.69089,3.04168,1256.23,7.309,0.042
yellow,17,48,9.6,16.52682,3.03164,1276.98,7.473,0.032
yellow,17,49,9.8,16.38219,3.02159,1306.791,7.618,0.022
yellow,17,50,10.0,16.23686,3.03078,1325.932,7.763,0.031
yellow,17,51,10.2,16.07564,3.04873,1354.047,7.924,0.049
yellow,17,52,10.4,15.89781,3.0196,1378.71,8.102,0.02
yellow,17,53,10.6,15.71931,2.99008,1420.088,8.281,0.01
yellow,17,54,10.8,15.55922,3.01029,1442.084,8.441,0.01
yellow,17,55,11.0,15.39619,3.05313,1479.104,8.604,0.053
yellow,17,56,11.2,15.25314,3.04357,1505.411,8.747,0.044
yellow,17,57,11.4,15.08747,3.00905,1538.592,8.913,0.009
yellow,17,58,11.6,14.93884,3.01355,1558.124,9.061,0.014
yellow,17,59,11.8,14.77116,3.04917,1592.49,9.229,0.049
yellow,17,60,12.0,14.6273,3.05836,1613.587,9.373,0.058
yellow,17,61,12.2,14.47304,3.05143,1645.002,9.527,0.051
yellow,17,62,12.4,14.3171,3.06803,1661.157,9.683,0.068
yellow,17,63,12.6,14.14229,3.10987,1695.013,9.858,0.11
yellow,17,64,12.8,13.97949,3.10088,1719.341,10.021,0.101
yellow,17,65,13.0,13.80298,3.06343,1755.213,10.197,0.063
yellow,17,66,13.2,13.65716,3.06324,1773.181,10.343,0.063
yellow,17,67,13.4,13.48831,3.09247,1801.754,10.512,0.092
yellow,17,68,13.6,13.33092,3.07475,1823.791,10.669,0.075
yellow,17,69,13.8,13.15831,3.02234,1854.556,10.842,0.022
yellow,17,70,14.0,13.00241,3.01965,1872.895,10.998,0.02
yellow,17,71,14.2,12.83803,3.05136,1905.35,11.162,0.051
yellow,17,72,14.4,12.67809,3.03621,1930.968,11.322,0.036
yellow,17,73,14.6,12.51207,2.99765,1963.632,11.488,0.002
yellow,17,74,14.8,12.36706,3.00142,1980.668,11.633,0.001
yellow,17,75,15.0,12.20055,3.03463,2010.811,11.799,0.035
yellow,17,76,15.2,12.04263,3.02773,2034.084,11.957,0.028
yellow,17,77,15.4,11.86875,2.99554,2066.373,12.131,0.004
yellow,17,78,15.6,11.70766,3.01857,2086.978,12.292,0.019
yellow,17,79,15.8,11.52931,3.08073,2122.599,12.471,0.081
yellow,17,80,16.0,11.36854,3.08169,2148.471,12.631,0.082
yellow,17,81,16.2,11.20426,3.05521,2186.619,12.796,0.055
yellow,17,82,16.4,11.06709,3.05197,2202.865,12.933,0.052
yellow,17,83,16.6,10.90083,3.07663,2234.153,13.099,0.077
yellow,17,84,16.8,10.74921,3.07158,2258.243,13.251,0.072
yellow,17,85,17.0,10.57425,3.02784,2292.868,13.426,0.028
yellow,17,86,17.2,10.42568,3.0222,2310.816,13.574,0.022
yellow,17,87,17.4,10.24824,3.06229,2343.689,13.752,0.062
yellow,17,88,17.6,10.09756,3.07479,2368.506,13.902,0.075
yellow,17,89,17.8,9.93011,3.04422,2401.421,14.07,0.044
yellow,17,90,18.0,9.78182,3.04322,2419.165,14.218,0.043
yellow,17,91,18.2,9.60855,3.08284,2449.558,14.391,0.083
yellow,17,92,18.4,9.45262,3.08788,2473.354,14.547,0.088
yellow,17,93,18.6,9.27624,3.05023,2508.28,14.724,0.05
yellow,17,94,18.8,9.14011,3.03268,2527.853,14.86,0.033
yellow,17,95,19.0,8.98125,3.04011,2551.571,15.019,0.04
yellow,17,96,19.2,8.82472,3.0441,2577.715,15.175,0.044
yellow,17,97,19.4,8.64269,3.00059,2603.259,15.357,0.001
yellow,17,98,19.6,8.49004,2.9816,2634.425,15.51,0.018
yellow,17,99,19.8,8.32827,3.01766,2661.142,15.672,0.018
yellow,17,100,20.0,8.18748,3.05327,2698.538,15.813,0.053
yellow,17,101,20.2,8.04502,3.04633,2720.013,15.955,0.046
yellow,17,102,20.4,7.90965,3.03726,2754.0,16.09,0.037
yellow,17,103,20.6,7.76275,3.0519,2774.66,16.237,0.052
yellow,17,104,20.8,7.6028,3.08003,2805.156,16.397,0.08
yellow,17,105,21.0,7.45111,3.06181,2828.814,16.549,0.062
yellow,17,106,21.2,7.29194,3.02836,2860.249,16.708,0.028
yellow,17,107,21.4,7.15118,3.02078,2874.021,16.849,0.021
yellow,17,108,21.6,6.99664,3.03992,2903.258,17.003,0.04
yellow,17,109,21.8,6.86912,3.03876,2927.305,17.131,0.039
yellow,17,110,22.0,6.7021,3.01303,2955.024,17.298,0.013
yellow,17,111,22.2,6.55813,3.01284,2974.028,17.442,0.013
yellow,17,112,22.4,6.39296,3.06009,3000.177,17.607,0.06
yellow,17,113,22.6,6.23836,3.10186,3030.32,17.762,0.102
yellow,17,114,22.8,6.06323,3.10233,3056.822,17.937,0.102
yellow,17,115,23.0,5.92411,3.12516,3082.098,18.121,0.089
yellow,17,116,23.2,5.78035,3.20704,3107.697,18.297,0.096
yellow,17,117,23.4,5.64145,3.28599,3137.78,18.461,0.087
yellow,17,118,23.6,5.47049,3.34471,3159.823,18.639,0.031
yellow,17,119,23.8,5.34235,3.41289,3189.567,18.782,0.001
yellow,17,120,24.0,5.24308,3.55315,3217.06,18.951,0.037
yellow,17,121,24.2,5.14711,3.68176,3248.78,19.111,0.06
yellow,17,122,24.4,5.01234,3.7863,3269.809,19.281,0.033
yellow,17,123,24.6,4.8976,3.88981,3298.16,19.435,0.016
yellow,17,124,24.8,4.81307,4.03253,3321.06,19.599,0.044
yellow,17,125,25.0,4.72674,4.17431,3350.291,19.765,0.066
yellow,17,126,25.2,4.58962,4.29225,3373.522,19.943,0.03
yellow,17,127,25.4,4.47922,4.41,3401.275,20.104,0.013
yellow,17,128,25.6,4.40588,4.56811,3428.513,20.275,0.046
yellow,17,129,25.8,4.33147,4.69322,3456.219,20.421,0.057
yellow,17,130,26.0,4.20175,4.8154,3482.717,20.596,0.02
yellow,17,131,26.2,4.10451,4.9237,3514.316,20.74,0.001
yellow,17,132,26.4,4.03203,5.07043,3535.94,20.903,0.019
yellow,17,133,26.6,3.95638,5.19935,3563.458,21.052,0.026
yellow,17,134,26.8,3.82548,5.31655,3586.267,21.221,0.023
yellow,17,135,27.0,3.69817,5.42577,3617.403,21.398,0.049
yellow,17,136,27.2,3.59518,5.5469,3633.891,21.555,0.03
yellow,17,137,27.4,3.49863,5.6738,3661.76,21.712,0.003
yellow,17,138,27.6,3.37227,5.78907,3683.622,21.883,0.008
yellow,17,139,27.8,3.23475,5.9026,3715.76,22.061,0.024
yellow,17,140,28.0,3.13642,6.03261,3735.359,22.222,0.004
yellow,17,141,28.2,3.04422,6.1798,3769.751,22.393,0.03
yellow,17,142,28.4,2.91544,6.29796,3791.767,22.567,0.015
yellow,17,143,28.6,2.78491,6.41307,3826.456,22.74,0.008
yellow,17,144,28.8,2.70071,6.55601,3846.63,22.904,0.02
yellow,17,145,29.0,2.6236,6.71437,3879.698,23.076,0.06
yellow,17,146,29.2,2.50102,6.84371,3901.806,23.254,0.043
yellow,17,147,29.4,2.3878,6.95722,3939.881,23.414,0.018
yellow,17,148,29.6,2.313,7.09237,3958.709,23.568,0.034
yellow,17,149,29.8,2.24339,7.24732,3987.938,23.737,0.062
yellow,17,150,30.0,2.13172,7.37773,4011.737,23.908,0.035
yellow,17,151,30.2,2.01401,7.51345,4042.771,24.085,0.001
yellow,17,152,30.4,1.95564,7.66992,4062.344,24.251,0.022
yellow,17,153,30.6,1.91231,7.83909,4095.316,24.424,0.057
yellow,17,154,30.8,1.82462,7.99436,4117.329,24.604,0.038
yellow,17,155,31.0,1.74226,8.13618,4154.468,24.766,0.012
yellow,17,156,31.2,1.70926,8.28941,4173.963,24.924,0.029
yellow,17,157,31.4,1.68734,8.46063,4204.367,25.096,0.054
yellow,17,158,31.6,1.61664,8.61933,4226.758,25.267,0.021
yellow,17,159,31.8,1.54733,8.77388,4261.944,25.434,0.009
yellow,17,160,32.0,1.53097,8.93825,4282.362,25.598,0.015
yellow,17,161,32.2,1.52551,9.11229,4315.632,25.768,0.052
yellow,17,162,32.4,1.46628,9.27907,4337.49,25.944,0.035
yellow,17,163,32.6,1.40694,9.42815,4378.481,26.103,0.014
yellow,17,164,32.8,1.3858,9.58049,4397.28,26.256,0.03
yellow,17,165,33.0,1.37293,9.75014,4427.279,26.424,0.059
yellow,17,166,33.2,1.3081,9.90756,4449.936,26.592,0.034
yellow,17,167,33.4,1.23668,10.06935,4483.03,26.766,0.004
yellow,17,168,33.6,1.21963,10.23494,4502.917,26.931,0.028
yellow,17,169,33.8,1.21342,10.39819,4533.834,27.091,0.061
yellow,17,170,34.0,1.15991,10.55654,4556.963,27.258,0.048
yellow,17,171,34.2,1.09752,10.71807,4596.939,27.429,0.026
yellow,17,172,34.4,1.08491,10.88097,4617.214,27.591,0.054
yellow,17,173,34.6,1.08631,11.04608,4651.366,27.75,0.095
yellow,17,174,34.8,1.04373,11.19143,4672.722,27.902,0.089
yellow,17,175,35.0,0.98901,11.33247,4702.416,28.052,0.07
yellow,17,176,35.2,0.96146,11.46725,4719.466,28.189,0.076
yellow,17,177,35.4,0.94947,11.6347,4752.984,28.355,0.105
yellow,17,178,35.6,0.90799,11.77604,4777.265,28.502,0.099
yellow,17,179,35.8,0.83374,11.92648,4808.103,28.666,0.063
yellow,17,180,36.0,0.78819,12.06095,4823.395,28.807,0.052
yellow,17,181,36.2,0.77459,12.22666,4854.944,28.971,0.079
yellow,17,182,36.4,0.74605,12.37188,4879.974,29.119,0.086
yellow,17,183,36.6,0.6783,12.52141,4910.76,29.281,0.057
yellow,17,184,36.8,0.63661,12.65435,4929.397,29.42,0.049
yellow,17,185,37.0,0.61597,12.82463,4953.45,29.59,0.07
yellow,17,186,37.2,0.59413,12.96813,4985.005,29.734,0.084
yellow,17,187,37.4,0.52221,13.11483,5007.127,29.894,0.049
yellow,17,188,37.6,0.46929,13.24512,5040.224,30.033,0.03
yellow,17,189,37.8,0.45616,13.40641,5062.725,30.193,0.056
yellow,17,190,38.0,0.4476,13.57036,5099.567,30.354,0.087
yellow,17,191,38.2,0.39066,13.71752,5123.125,30.511,0.068
yellow,17,192,38.4,0.32505,13.86687,5154.876,30.672,0.041
yellow,17,193,38.6,0.30087,14.01686,5171.396,30.823,0.053
yellow,17,194,38.8,0.28587,14.18315,5202.187,30.988,0.079
yellow,17,195,39.0,0.2159,14.32638,5224.089,31.144,0.046
yellow,17,196,39.2,0.13365,14.47507,5257.525,31.308,0.002
yellow,18,0,0.0,24.0,3.0,0.0,0.0,0.0
yellow,18,1,0.2,23.97834,3.00093,25.345,0.022,0.001
yellow,18,2,0.4,23.89994,3.01901,49.844,0.1,0.019
yellow,18,3,0.6,23.75397,3.04487,84.206,0.246,0.045
yellow,18,4,0.8,23.62845,3.05625,103.872,0.372,0.056
yellow,18,5,1.0,23.47321,3.06063,124.241,0.527,0.061
yellow,18,6,1.2,23.32685,3.06225,148.4,0.673,0.062
yellow,18,7,1.4,23.15556,3.03821,168.555,0.844,0.038
yellow,18,8,1.6,22.99696,3.01783,197.132,1.003,0.018
yellow,18,9,1.8,22.83666,3.02492,214.119,1.163,0.025
yellow,18,10,2.0,22.66605,3.0476,245.026,1.334,0.048
yellow,18,11,2.2,22.49018,3.03355,265.978,1.51,0.034
yellow,18,12,2.4,22.31765,3.01631,302.553,1.682,0.016
yellow,18,13,2.6,22.13611,3.03953,323.656,1.864,0.04
yellow,18,14,2.8,21.95367,3.06347,357.39,2.046,0.063
yellow,18,15,3.0,21.76795,3.03879,380.024,2.232,0.039
yellow,18,16,3.2,21.5857,3.0298,418.058,2.414,0.03
yellow,18,17,3.4,21.38041,3.06256,454.15,2.62,0.063
yellow,18,18,3.6,21.20004,3.06928,481.132,2.8,0.069
yellow,18,19,3.8,21.03468,3.04633,521.8,2.965,0.046
yellow,18,20,4.0,20.90739,3.03703,537.746,3.093,0.037
yellow,18,21,4.2,20.75711,3.04592,558.782,3.243,0.046
yellow,18,22,4.4,20.62217,3.04729,588.55,3.378,0.047
yellow,18,23,4.6,20.44101,3.01146,613.269,3.559,0.011
yellow,18,24,4.8,20.28737,2.98415,646.788,3.713,0.016
yellow,18,25,5.0,20.13912,2.99171,666.59,3.861,0.008
yellow,18,26,5.2,19.98385,3.01343,696.424,4.016,0.013
yellow,18,27,5.4,19.83175,2.99718,721.727,4.168,0.003
yellow,18,28,5.6,19.66938,2.97207,758.457,4.331,0.028
yellow,18,29,5.8,19.51712,2.98908,773.334,4.483,0.011
yellow,18,30,6.0,19.35616,3.03613,808.755,4.644,0.036
yellow,18,31,6.2,19.19342,3.02902,836.965,4.807,0.029
yellow,18,32,6.4,19.01949,2.99414,870.346,4.981,0.006
yellow,18,33,6.6,18.87873,3.00239,885.756,5.121,0.002
yellow,18,34,6.8,18.73187,3.02562,911.644,5.268,0.026
yellow,18,35,7.0,18.57736,3.01521,935.271,5.423,0.015
yellow,18,36,7.2,18.41776,2.99799,969.102,5.582,0.002
yellow,18,37,7.4,18.27186,3.0063,984.984,5.728,0.006
yellow,18,38,7.6,18.10602,3.03588,1013.881,5.894,0.036
yellow,18,39,7.8,17.93926,3.02369,1037.193,6.061,0.024
yellow,18,40,8.0,17.76768,2.98552,1077.492,6.232,0.014
yellow,18,41,8.2,17.63195,2.98035,1094.278,6.368,0.02
yellow,18,42,8.4,17.47108,3.00299,1125.207,6.529,0.003
yellow,18,43,8.6,17.32078,3.00642,1148.483,6.679,0.006
yellow,18,44,8.8,17.13735,2.97525,1185.641,6.863,0.025
yellow,18,45,9.0,16.99295,2.97396,1203.6,7.007,0.026
yellow,18,46,9.2,16.83204,3.01061,1226.335,7.168,0.011
yellow,18,47,9.4,16.69089,3.04168,1256.23,7.309,0.042
yellow,18,48,9.6,16.52682,3.03164,1276.98,7.473,0.032
yellow,18,49,9.8,16.38219,3.02159,1306.791,7.618,0.022
yellow,18,50,10.0,16.23686,3.03078,1325.932,7.763,0.031
yellow,18,51,10.2,16.07564,3.04873,1354.047,7.924,0.049
yellow,18,52,10.4,15.89781,3.0196,1378.71,8.102,0.02
yellow,18,53,10.6,15.71931,2.99008,1420.088,8.281,0.01
yellow,18,54,10.8,15.55922,3.01029,1442.084,8.441,0.01
yellow,18,55,11.0,15.39619,3.05313,1479.104,8.604,0.053
yellow,18,56,11.2,15.25314,3.04357,1505.411,8.747,0.044
yellow,18,57,11.4,15.08747,3.00905,1538.592,8.913,0.009
yellow,18,58,11.6,14.93884,3.01355,1558.124,9.061,0.014
yellow,18,59,11.8,14.77116,3.04917,1592.49,9.229,0.049
yellow,18,60,12.0,14.6273,3.05836,1613.587,9.373,0.058
yellow,18,61,12.2,14.47304,3.05143,1645.002,9.527,0.051
yellow,18,62,12.4,14.3171,3.06803,1661.157,9.683,0.068
yellow,18,63,12.6,14.14229,3.10987,1695.013,9.858,0.11
yellow,18,64,12.8,13.97949,3.10088,1719.341,10.021,0.101
yellow,18,65,13.0,13.80298,3.06343,1755.213,10.197,0.063
yellow,18,66,13.2,13.65716,3.06324,1773.181,10.343,0.063
yellow,18,67,13.4,13.48831,3.09247,1801.754,10.512,0.092
yellow,18,68,13.6,13.33092,3.07475,1823.791,10.669,0.075
yellow,18,69,13.8,13.15831,3.02234,1854.556,10.842,0.022
yellow,18,70,14.0,13.00241,3.01965,1872.895,10.998,0.02
yellow,18,71,14.2,12.83803,3.05136,1905.35,11.162,0.051
yellow,18,72,14.4,12.67809,3.03621,1930.968,11.322,0.036
yellow,18,73,14.6,12.51207,2.99765,1963.632,11.488,0.002
yellow,18,74,14.8,12.36706,3.00142,1980.668,11.633,0.001
yellow,18,75,15.0,12.20055,3.03463,2010.811,11.799,0.035
yellow,18,76,15.2,12.04263,3.02773,2034.084,11.957,0.028
yellow,18,77,15.4,11.86875,2.99554,2066.373,12.131,0.004
yellow,18,78,15.6,11.70766,3.01857,2086.978,12.292,0.019
yellow,18,79,15.8,11.52931,3.08073,2122.599,12.471,0.081
yellow,18,80,16.0,11.36854,3.08169,2148.471,12.631,0.082
yellow,18,81,16.2,11.20426,3.05521,2186.619,12.796,0.055
yellow,18,82,16.4,11.06709,3.05197,2202.865,12.933,0.052
yellow,18,83,16.6,10.90083,3.07663,2234.153,13.099,0.077
yellow,18,84,16.8,10.74921,3.07158,2258.243,13.251,0.072
yellow,18,85,17.0,10.57425,3.02784,2292.868,13.426,0.028
yellow,18,86,17.2,10.42568,3.0222,2310.816,13.574,0.022
yellow,18,87,17.4,10.24824,3.06229,2343.689,13.752,0.062
yellow,18,88,17.6,10.09756,3.07479,2368.506,13.902,0.075
yellow,18,89,17.8,9.93011,3.04422,2401.421,14.07,0.044
yellow,18,90,18.0,9.78182,3.04322,2419.165,14.218,0.043
yellow,18,91,18.2,9.60855,3.08284,2449.558,14.391,0.083
yellow,18,92,18.4,9.45262,3.08788,2473.354,14.547,0.088
yellow,18,93,18.6,9.27624,3.05023,2508.28,14.724,0.05
yellow,18,94,18.8,9.14011,3.03268,2527.853,14.86,0.033
yellow,18,95,19.0,8.98125,3.04011,2551.571,15.019,0.04
yellow,18,96,19.2,8.82472,3.0441,2577.715,15.175,0.044
yellow,18,97,19.4,8.64269,3.00059,2603.259,15.357,0.001
yellow,18,98,19.6,8.49004,2.9816,2634.425,15.51,0.018
yellow,18,99,19.8,8.32827,3.01766,2661.142,15.672,0.018
yellow,18,100,20.0,8.18748,3.05327,2698.538,15.813,0.053
yellow,18,101,20.2,8.04502,3.04633,2720.013,15.955,0.046
yellow,18,102,20.4,7.90965,3.03726,2754.0,16.09,0.037
yellow,18,103,20.6,7.76275,3.0519,2774.66,16.237,0.052
yellow,18,104,20.8,7.6028,3.08003,2805.156,16.397,0.08
yellow,18,105,21.0,7.45111,3.06181,2828.814,16.549,0.062
yellow,18,106,21.2,7.29194,3.02836,2860.249,16.708,0.028
yellow,18,107,21.4,7.15118,3.02078,2874.021,16.849,0.021
yellow,18,108,21.6,6.99664,3.03992,2903.258,17.003,0.04
yellow,18,109,21.8,6.86912,3.03876,2927.305,17.131,0.039
yellow,18,110,22.0,6.7021,3.01303,2955.024,17.298,0.013
yellow,18,111,22.2,6.55813,3.01284,2974.028,17.442,0.013
yellow,18,112,22.4,6.39296,3.06009,3000.177,17.607,0.06
yellow,18,113,22.6,6.23836,3.10186,3030.32,17.762,0.102
yellow,18,114,22.8,6.06323,3.10233,3056.822,17.937,0.102
yellow,18,115,23.0,5.92411,3.12516,3082.098,18.121,0.089
yellow,18,116,23.2,5.78035,3.20704,3107.697,18.297,0.096
yellow,18,117,23.4,5.64145,3.28599,3137.78,18.461,0.087
yellow,18,118,23.6,5.47049,3.34471,3159.823,18.639,0.031
yellow,18,119,23.8,5.34235,3.41289,3189.567,18.782,0.001
yellow,18,120,24.0,5.24308,3.55315,3217.06,18.951,0.037
yellow,18,121,24.2,5.14711,3.68176,3248.78,19.111,0.06
yellow,18,122,24.4,5.01234,3.7863,3269.809,19.281,0.033
yellow,18,123,24.6,4.8976,3.88981,3298.16,19.435,0.016
yellow,18,124,24.8,4.81307,4.03253,3321.06,19.599,0.044
yellow,18,125,25.0,4.72659,4.17432,3350.349,19.765,0.066
yellow,18,126,25.2,4.58896,4.29232,3373.538,19.943,0.03
yellow,18,127,25.4,4.47992,4.41057,3402.564,20.104,0.013
yellow,18,128,25.6,4.41065,4.5713,3429.436,20.275,0.052
yellow,18,129,25.8,4.33848,4.6914,3457.998,20.416,0.062
yellow,18,130,26.0,4.20896,4.80765,3495.962,20.585,0.021
yellow,18,131,26.2,4.11166,4.92269,3511.697,20.735,0.005
yellow,18,132,26.4,4.03734,5.0724,3538.553,20.901,0.025
yellow,18,133,26.6,3.94856,5.19164,3562.601,21.05,0.015
yellow,18,134,26.8,3.80374,5.31232,3593.137,21.229,0.043
yellow,18,135,27.0,3.69419,5.42058,3612.28,21.398,0.056
yellow,18,136,27.2,3.59941,5.55808,3633.393,21.56,0.019
yellow,18,137,27.4,3.50788,5.67797,3660.428,21.709,0.006
yellow,18,138,27.6,3.37056,5.79394,3680.951,21.888,0.006
yellow,18,139,27.8,3.24536,5.90293,3710.098,22.053,0.017
yellow,18,140,28.0,3.14384,6.03511,3727.679,22.219,0.003
yellow,18,141,28.2,3.05369,6.16735,3761.65,22.377,0.029
yellow,18,142,28.4,2.92927,6.28646,3784.205,22.549,0.017
yellow,18,143,28.6,2.80261,6.4003,3818.48,22.719,0.002
yellow,18,144,28.8,2.71567,6.5316,3836.581,22.875,0.016
yellow,18,145,29.0,2.64144,6.6804,3866.839,23.038,0.053
yellow,18,146,29.2,2.53669,6.79531,3890.241,23.194,0.041
yellow,18,147,29.4,2.4063,6.91686,3926.414,23.37,0.01
yellow,18,148,29.6,2.328,7.05051,3945.647,23.525,0.023
yellow,18,149,29.8,2.26548,7.21865,3978.068,23.701,0.065
yellow,18,150,30.0,2.16916,7.35806,4001.498,23.872,0.057
yellow,18,151,30.2,2.05274,7.48908,4039.588,24.045,0.023
yellow,18,152,30.4,1.98923,7.62239,4057.399,24.193,0.031
yellow,18,153,30.6,1.94271,7.79189,4088.938,24.368,0.065
yellow,18,154,30.8,1.86216,7.93825,4111.946,24.536,0.051
yellow,18,155,31.0,1.76269,8.08331,4148.06,24.71,0.013
yellow,18,156,31.2,1.72181,8.228,4166.853,24.86,0.022
yellow,18,157,31.4,1.70505,8.40457,4200.198,25.037,0.057
yellow,18,158,31.6,1.64787,8.56505,4223.896,25.208,0.039
yellow,18,159,31.8,1.56886,8.72357,4261.277,25.38,0.0
yellow,18,160,32.0,1.53903,8.87065,4278.613,25.53,0.006
yellow,18,161,32.2,1.53304,9.0468,4309.549,25.702,0.043
yellow,18,162,32.4,1.48434,9.20635,4333.05,25.869,0.035
yellow,18,163,32.6,1.4121,9.36618,4370.695,26.042,0.004
yellow,18,164,32.8,1.3863,9.51344,4388.788,26.191,0.014
yellow,18,165,33.0,1.38274,9.69001,4420.048,26.363,0.054
yellow,18,166,33.2,1.33533,9.84856,4443.518,26.528,0.046
yellow,18,167,33.4,1.2633,10.00869,4480.956,26.701,0.015
yellow,18,168,33.6,1.23664,10.15728,4499.257,26.852,0.025
yellow,18,169,33.8,1.23031,10.32979,4529.209,27.021,0.061
yellow,18,170,34.0,1.17435,10.48655,4554.615,27.186,0.045
yellow,18,171,34.2,1.09371,10.64519,4597.397,27.36,0.005
yellow,18,172,34.4,1.06975,10.77916,4617.676,27.495,0.014
yellow,18,173,34.6,1.06882,10.94329,4645.625,27.655,0.053
yellow,18,174,34.8,1.03089,11.08437,4669.076,27.801,0.05
yellow,18,175,35.0,0.95855,11.24189,4698.676,27.971,0.018
yellow,18,176,35.2,0.93154,11.3817,4718.614,28.114,0.026
yellow,18,177,35.4,0.93115,11.54938,4748.509,28.276,0.066
yellow,18,178,35.6,0.88809,11.69437,4774.677,28.427,0.06
yellow,18,179,35.8,0.8052,11.85387,4808.465,28.602,0.018
yellow,18,180,36.0,0.77894,12.00281,4825.978,28.753,0.029
yellow,18,181,36.2,0.7794,12.1774,4856.644,28.922,0.072
yellow,18,182,36.4,0.73231,12.32566,4880.556,29.078,0.062
yellow,18,183,36.6,0.65929,12.468,4918.587,29.233,0.026
yellow,18,184,36.8,0.62611,12.5986,4934.35,29.368,0.025
yellow,18,185,37.0,0.60922,12.75839,4960.538,29.527,0.047
yellow,18,186,37.2,0.57043,12.88797,4984.007,29.662,0.041
yellow,18,187,37.4,0.49213,13.04896,5010.03,29.838,0.004
yellow,18,188,37.6,0.45226,13.18522,5032.769,29.979,0.001
yellow,18,189,37.8,0.45141,13.35153,5060.268,30.141,0.038
yellow,18,190,38.0,0.44867,13.50178,5090.329,30.287,0.072
yellow,18,191,38.2,0.40137,13.64042,5110.021,30.433,0.06
yellow,18,192,38.4,0.35621,13.7644,5143.355,30.565,0.046
yellow,18,193,38.6,0.32971,13.90086,5162.872,30.703,0.053
yellow,18,194,38.8,0.31413,14.05355,5190.009,30.855,0.075
yellow,18,195,39.0,0.26057,14.19437,5215.338,31.005,0.057
yellow,18,196,39.2,0.19034,14.34393,5249.102,31.167,0.026
yellow,18,197,39.4,0.15568,14.48635,5264.396,31.314,0.026
yellow,19,0,0.0,24.0,3.0,0.0,0.0,0.0
yellow,19,1,0.2,23.97834,3.00093,25.345,0.022,0.001
yellow,19,2,0.4,23.89994,3.01901,49.844,0.1,0.019
yellow,19,3,0.6,23.75397,3.04487,84.206,0.246,0.045
yellow,19,4,0.8,23.62845,3.05625,103.872,0.372,0.056
yellow,19,5,1.0,23.47321,3.06063,124.241,0.527,0.061
yellow,19,6,1.2,23.32685,3.06225,148.4,0.673,0.062
yellow,19,7,1.4,23.15556,3.03821,168.555,0.844,0.038
yellow,19,8,1.6,22.99696,3.01783,197.132,1.003,0.018
yellow,19,9,1.8,22.83666,3.02492,214.119,1.163,0.025
yellow,19,10,2.0,22.66605,3.0476,245.026,1.334,0.048
yellow,19,11,2.2,22.49018,3.03355,265.978,1.51,0.034
yellow,19,12,2.4,22.31765,3.01631,302.553,1.682,0.016
yellow,19,13,2.6,22.13611,3.03953,323.656,1.864,0.04
yellow,19,14,2.8,21.95367,3.06347,357.39,2.046,0.063
yellow,19,15,3.0,21.76795,3.03879,380.024,2.232,0.039
yellow,19,16,3.2,21.5857,3.0298,418.058,2.414,0.03
yellow,19,17,3.4,21.38041,3.06256,454.15,2.62,0.063
yellow,19,18,3.6,21.20004,3.06928,481.132,2.8,0.069
yellow,19,19,3.8,21.03468,3.04633,521.8,2.965,0.046
yellow,19,20,4.0,20.90739,3.03703,537.746,3.093,0.037
yellow,19,21,4.2,20.75711,3.04592,558.782,3.243,0.046
yellow,19,22,4.4,20.62217,3.04729,588.55,3.378,0.047
yellow,19,23,4.6,20.44101,3.01146,613.269,3.559,0.011
yellow,19,24,4.8,20.28737,2.98415,646.788,3.713,0.016
yellow,19,25,5.0,20.13912,2.99171,666.59,3.861,0.008
yellow,19,26,5.2,19.98385,3.01343,696.424,4.016,0.013
yellow,19,27,5.4,19.83175,2.99718,721.727,4.168,0.003
yellow,19,28,5.6,19.66938,2.97207,758.457,4.331,0.028
yellow,19,29,5.8,19.51712,2.98908,773.334,4.483,0.011
yellow,19,30,6.0,19.35616,3.03613,808.755,4.644,0.036
yellow,19,31,6.2,19.19342,3.02902,836.965,4.807,0.029
yellow,19,32,6.4,19.01949,2.99414,870.346,4.981,0.006
yellow,19,33,6.6,18.87873,3.00239,885.756,5.121,0.002
yellow,19,34,6.8,18.73187,3.02562,911.644,5.268,0.026
yellow,19,35,7.0,18.57736,3.01521,935.271,5.423,0.015
yellow,19,36,7.2,18.41776,2.99799,969.102,5.582,0.002
yellow,19,37,7.4,18.27186,3.0063,984.984,5.728,0.006
yellow,19,38,7.6,18.10602,3.03588,1013.881,5.894,0.036
yellow,19,39,7.8,17.93926,3.02369,1037.193,6.061,0.024
yellow,19,40,8.0,17.76768,2.98552,1077.492,6.232,0.014
yellow,19,41,8.2,17.63195,2.98035,1094.278,6.368,0.02
yellow,19,42,8.4,17.47108,3.00299,1125.207,6.529,0.003
yellow,19,43,8.6,17.32078,3.00642,1148.483,6.679,0.006
yellow,19,44,8.8,17.13735,2.97525,1185.641,6.863,0.025
yellow,19,45,9.0,16.99295,2.97396,1203.6,7.007,0.026
yellow,19,46,9.2,16.83204,3.01061,1226.335,7.168,0.011
yellow,19,47,9.4,16.69089,3.04168,1256.23,7.309,0.042
yellow,19,48,9.6,16.52682,3.03164,1276.98,7.473,0.032
yellow,19,49,9.8,16.38219,3.02159,1306.791,7.618,0.022
yellow,19,50,10.0,16.23686,3.03078,1325.932,7.763,0.031
yellow,19,51,10.2,16.07564,3.04873,1354.047,7.924,0.049
yellow,19,52,10.4,15.89781,3.0196,1378.71,8.102,0.02
yellow,19,53,10.6,15.71931,2.99008,1420.088,8.281,0.01
yellow,19,54,10.8,15.55922,3.01029,1442.084,8.441,0.01
yellow,19,55,11.0,15.39619,3.05313,1479.104,8.604,0.053
yellow,19,56,11.2,15.25314,3.04357,1505.411,8.747,0.044
yellow,19,57,11.4,15.08747,3.00905,1538.592,8.913,0.009
yellow,19,58,11.6,14.93884,3.01355,1558.124,9.061,0.014
yellow,19,59,11.8,14.77116,3.04917,1592.49,9.229,0.049
yellow,19,60,12.0,14.6273,3.05836,1613.587,9.373,0.058
yellow,19,61,12.2,14.47304,3.05143,1645.002,9.527,0.051
yellow,19,62,12.4,14.3171,3.06803,1661.157,9.683,0.068
yellow,19,63,12.6,14.14229,3.10987,1695.013,9.858,0.11
yellow,19,64,12.8,13.97949,3.10088,1719.341,10.021,0.101
yellow,19,65,13.0,13.80298,3.06343,1755.213,10.197,0.063
yellow,19,66,13.2,13.65716,3.06324,1773.181,10.343,0.063
yellow,19,67,13.4,13.48831,3.09247,1801.754,10.512,0.092
yellow,19,68,13.6,13.33092,3.07475,1823.791,10.669,0.075
yellow,19,69,13.8,13.15831,3.02234,1854.556,10.842,0.022
yellow,19,70,14.0,13.00241,3.01965,1872.895,10.998,0.02
yellow,19,71,14.2,12.83803,3.05136,1905.35,11.162,0.051
yellow,19,72,14.4,12.67809,3.03621,1930.968,11.322,0.036
yellow,19,73,14.6,12.51207,2.99765,1963.632,11.488,0.002
yellow,19,74,14.8,12.36706,3.00142,1980.668,11.633,0.001
yellow,19,75,15.0,12.20055,3.03463,2010.811,11.799,0.035
yellow,19,76,15.2,12.04263,3.02773,2034.084,11.957,0.028
yellow,19,77,15.4,11.86875,2.99554,2066.373,12.131,0.004
yellow,19,78,15.6,11.70766,3.01857,2086.978,12.292,0.019
yellow,19,79,15.8,11.52931,3.08073,2122.599,12.471,0.081
yellow,19,80,16.0,11.36854,3.08169,2148.471,12.631,0.082
yellow,19,81,16.2,11.20426,3.05521,2186.619,12.796,0.055
yellow,19,82,16.4,11.06709,3.05197,2202.865,12.933,0.052
yellow,19,83,16.6,10.90083,3.07663,2234.153,13.099,0.077
yellow,19,84,16.8,10.74921,3.07158,2258.243,13.251,0.072
yellow,19,85,17.0,10.57425,3.02784,2292.868,13.426,0.028
yellow,19,86,17.2,10.42568,3.0222,2310.816,13.574,0.022
yellow,19,87,17.4,10.24824,3.06229,2343.689,13.752,0.062
yellow,19,88,17.6,10.09756,3.07479,2368.506,13.902,0.075
yellow,19,89,17.8,9.93011,3.04422,2401.421,14.07,0.044
yellow,19,90,18.0,9.78182,3.04322,2419.165,14.218,0.043
yellow,19,91,18.2,9.60855,3.08284,2449.558,14.391,0.083
yellow,19,92,18.4,9.45262,3.08788,2473.354,14.547,0.088
yellow,19,93,18.6,9.27624,3.05023,2508.28,14.724,0.05
yellow,19,94,18.8,9.14011,3.03268,2527.853,14.86,0.033
yellow,19,95,19.0,8.98125,3.04011,2551.571,15.019,0.04
yellow,19,96,19.2,8.82472,3.0441,2577.715,15.175,0.044
yellow,19,97,19.4,8.64269,3.00059,2603.259,15.357,0.001
yellow,19,98,19.6,8.49004,2.9816,2634.425,15.51,0.018
yellow,19,99,19.8,8.32827,3.01766,2661.142,15.672,0.018
yellow,19,100,20.0,8.18748,3.05327,2698.538,15.813,0.053
yellow,19,101,20.2,8.04502,3.04633,2720.013,15.955,0.046
yellow,19,102,20.4,7.90965,3.03726,2754.0,16.09,0.037
yellow,19,103,20.6,7.76275,3.0519,2774.66,16.237,0.052
yellow,19,104,20.8,7.6028,3.08003,2805.156,16.397,0.08
yellow,19,105,21.0,7.45111,3.06181,2828.814,16.549,0.062
yellow,19,106,21.2,7.29194,3.02836,2860.249,16.708,0.028
yellow,19,107,21.4,7.15118,3.02078,2874.021,16.849,0.021
yellow,19,108,21.6,6.99664,3.03992,2903.258,17.003,0.04
yellow,19,109,21.8,6.86912,3.03876,2927.305,17.131,0.039
yellow,19,110,22.0,6.7021,3.01303,2955.024,17.298,0.013
yellow,19,111,22.2,6.55813,3.01284,2974.028,17.442,0.013
yellow,19,112,22.4,6.39296,3.06009,3000.177,17.607,0.06
yellow,19,113,22.6,6.23836,3.10186,3030.32,17.762,0.102
yellow,19,114,22.8,6.06323,3.10233,3056.822,17.937,0.102
yellow,19,115,23.0,5.92411,3.12516,3082.098,18.121,0.089
yellow,19,116,23.2,5.78035,3.20704,3107.697,18.297,0.096
yellow,19,117,23.4,5.64145,3.28599,3137.78,18.461,0.087
yellow,19,118,23.6,5.47049,3.34471,3159.823,18.639,0.031
yellow,19,119,23.8,5.34235,3.41289,3189.567,18.782,0.001
yellow,19,120,24.0,5.24308,3.55315,3217.06,18.951,0.037
yellow,19,121,24.2,5.14711,3.68176,3248.78,19.111,0.06
yellow,19,122,24.4,5.01234,3.7863,3269.809,19.281,0.033
yellow,19,123,24.6,4.8976,3.88981,3298.16,19.435,0.016
yellow,19,124,24.8,4.81307,4.03253,3321.06,19.599,0.044
yellow,19,125,25.0,4.72659,4.17432,3350.349,19.765,0.066
yellow,19,126,25.2,4.58896,4.29232,3373.538,19.943,0.03
yellow,19,127,25.4,4.47992,4.41057,3402.564,20.104,0.013
yellow,19,128,25.6,4.41065,4.5713,3429.436,20.275,0.052
yellow,19,129,25.8,4.33848,4.6914,3457.998,20.416,0.062
yellow,19,130,26.0,4.20896,4.80765,3495.962,20.585,0.021
yellow,19,131,26.2,4.11166,4.92269,3511.697,20.735,0.005
yellow,19,132,26.4,4.03734,5.0724,3538.553,20.901,0.025
yellow,19,133,26.6,3.94856,5.19164,3562.601,21.05,0.015
yellow,19,134,26.8,3.80374,5.31232,3593.137,21.229,0.043
yellow,19,135,27.0,3.69419,5.42058,3612.28,21.398,0.056
yellow,19,136,27.2,3.59941,5.55808,3633.393,21.56,0.019
yellow,19,137,27.4,3.50788,5.67797,3660.428,21.709,0.006
yellow,19,138,27.6,3.37056,5.79394,3680.951,21.888,0.006
yellow,19,139,27.8,3.24536,5.90293,3710.098,22.053,0.017
yellow,19,140,28.0,3.14384,6.03511,3727.679,22.219,0.003
yellow,19,141,28.2,3.05369,6.16735,3761.65,22.377,0.029
yellow,19,142,28.4,2.92927,6.28646,3784.205,22.549,0.017
yellow,19,143,28.6,2.80261,6.4003,3818.48,22.719,0.002
yellow,19,144,28.8,2.71567,6.5316,3836.581,22.875,0.016
yellow,19,145,29.0,2.64144,6.6804,3866.839,23.038,0.053
yellow,19,146,29.2,2.53669,6.79531,3890.241,23.194,0.041
yellow,19,147,29.4,2.4063,6.91686,3926.414,23.37,0.01
yellow,19,148,29.6,2.328,7.05051,3945.647,23.525,0.023
yellow,19,149,29.8,2.26548,7.21865,3978.068,23.701,0.065
yellow,19,150,30.0,2.16916,7.35806,4001.498,23.872,0.057
yellow,19,151,30.2,2.05274,7.48908,4039.588,24.045,0.023
yellow,19,152,30.4,1.98923,7.62239,4057.399,24.193,0.031
yellow,19,153,30.6,1.94271,7.79189,4088.938,24.368,0.065
yellow,19,154,30.8,1.86216,7.93825,4111.946,24.536,0.051
yellow,19,155,31.0,1.76269,8.08331,4148.06,24.71,0.013
yellow,19,156,31.2,1.72181,8.228,4166.853,24.86,0.022
yellow,19,157,31.4,1.70505,8.40457,4200.198,25.037,0.057
yellow,19,158,31.6,1.64787,8.56505,4223.896,25.208,0.039
yellow,19,159,31.8,1.56886,8.72357,4261.277,25.38,0.0
yellow,19,160,32.0,1.53903,8.87065,4278.613,25.53,0.006
yellow,19,161,32.2,1.53304,9.0468,4309.549,25.702,0.043
yellow,19,162,32.4,1.48434,9.20635,4333.05,25.869,0.035
yellow,19,163,32.6,1.4121,9.36618,4370.695,26.042,0.004
yellow,19,164,32.8,1.3863,9.51344,4388.788,26.191,0.014
yellow,19,165,33.0,1.38274,9.69001,4420.048,26.363,0.054
yellow,19,166,33.2,1.33533,9.84856,4443.518,26.528,0.046
yellow,19,167,33.4,1.2633,10.00869,4480.956,26.701,0.015
yellow,19,168,33.6,1.23664,10.15728,4499.257,26.852,0.025
yellow,19,169,33.8,1.23031,10.32979,4529.209,27.021,0.061
yellow,19,170,34.0,1.17435,10.48655,4554.615,27.186,0.045
yellow,19,171,34.2,1.09371,10.64519,4597.397,27.36,0.005
yellow,19,172,34.4,1.06975,10.77916,4617.676,27.495,0.014
yellow,19,173,34.6,1.06882,10.94329,4645.625,27.655,0.053
yellow,19,174,34.8,1.03089,11.08437,4669.076,27.801,0.05
yellow,19,175,35.0,0.95855,11.24189,4698.676,27.971,0.018
yellow,19,176,35.2,0.93154,11.3817,4718.614,28.114,0.026
yellow,19,177,35.4,0.93115,11.54938,4748.509,28.276,0.066
yellow,19,178,35.6,0.88809,11.69437,4774.677,28.427,0.06
yellow,19,179,35.8,0.8052,11.85387,4808.465,28.602,0.018
yellow,19,180,36.0,0.77894,12.00281,4825.978,28.753,0.029
yellow,19,181,36.2,0.7794,12.1774,4856.644,28.922,0.072
yellow,19,182,36.4,0.73231,12.32566,4880.556,29.078,0.062
yellow,19,183,36.6,0.65929,12.468,4918.587,29.233,0.026
yellow,19,184,36.8,0.62611,12.5986,4934.35,29.368,0.025
yellow,19,185,37.0,0.60922,12.75839,4960.538,29.527,0.047
yellow,19,186,37.2,0.57043,12.88797,4984.007,29.662,0.041
yellow,19,187,37.4,0.49213,13.04896,5010.03,29.838,0.004
yellow,19,188,37.6,0.45226,13.18522,5032.769,29.979,0.001
yellow,19,189,37.8,0.45141,13.35153,5060.268,30.141,0.038
yellow,19,190,38.0,0.44867,13.50178,5090.329,30.287,0.072
yellow,19,191,38.2,0.40137,13.64042,5110.021,30.433,0.06
yellow,19,192,38.4,0.35621,13.7644,5143.355,30.565,0.046
yellow,19,193,38.6,0.32971,13.90086,5162.872,30.703,0.053
yellow,19,194,38.8,0.31413,14.05355,5190.009,30.855,0.075
yellow,19,195,39.0,0.26057,14.19437,5215.338,31.005,0.057
yellow,19,196,39.2,0.19034,14.34393,5249.102,31.167,0.026
yellow,19,197,39.4,0.15568,14.48635,5264.396,31.314,0.026
yellow,20,0,0.0,24.0,3.0,0.0,0.0,0.0
yellow,20,1,0.2,23.97834,3.00093,25.345,0.022,0.001
yellow,20,2,0.4,23.89994,3.01901,49.844,0.1,0.019
yellow,20,3,0.6,23.75397,3.04487,84.206,0.246,0.045
yellow,20,4,0.8,23.62845,3.05625,103.872,0.372,0.056
yellow,20,5,1.0,23.47321,3.06063,124.241,0.527,0.061
yellow,20,6,1.2,23.32685,3.06225,148.4,0.673,0.062
yellow,20,7,1.4,23.15556,3.03821,168.555,0.844,0.038
yellow,20,8,1.6,22.99696,3.01783,197.132,1.003,0.018
yellow,20,9,1.8,22.83666,3.02492,214.119,1.163,0.025
yellow,20,10,2.0,22.66605,3.0476,245.026,1.334,0.048
yellow,20,11,2.2,22.49018,3.03355,265.978,1.51,0.034
yellow,20,12,2.4,22.31765,3.01631,302.553,1.682,0.016
yellow,20,13,2.6,22.13611,3.03953,323.656,1.864,0.04
yellow,20,14,2.8,21.95367,3.06347,357.39,2.046,0.063
yellow,20,15,3.0,21.76795,3.03879,380.024,2.232,0.039
yellow,20,16,3.2,21.5857,3.0298,418.058,2.414,0.03
yellow,20,17,3.4,21.38041,3.06256,454.15,2.62,0.063
yellow,20,18,3.6,21.20004,3.06928,481.132,2.8,0.069
yellow,20,19,3.8,21.03468,3.04633,521.8,2.965,0.046
yellow,20,20,4.0,20.90739,3.03703,537.746,3.093,0.037
yellow,20,21,4.2,20.75711,3.04592,558.782,3.243,0.046
yellow,20,22,4.4,20.62217,3.04729,588.55,3.378,0.047
yellow,20,23,4.6,20.44101,3.01146,613.269,3.559,0.011
yellow,20,24,4.8,20.28737,2.98415,646.788,3.713,0.016
yellow,20,25,5.0,20.13912,2.99171,666.59,3.861,0.008
yellow,20,26,5.2,19.98385,3.01343,696.424,4.016,0.013
yellow,20,27,5.4,19.83175,2.99718,721.727,4.168,0.003
yellow,20,28,5.6,19.66938,2.97207,758.457,4.331,0.028
yellow,20,29,5.8,19.51712,2.98908,773.334,4.483,0.011
yellow,20,30,6.0,19.35616,3.03613,808.755,4.644,0.036
yellow,20,31,6.2,19.19342,3.02902,836.965,4.807,0.029
yellow,20,32,6.4,19.01949,2.99414,870.346,4.981,0.006
yellow,20,33,6.6,18.87873,3.00239,885.756,5.121,0.002
yellow,20,34,6.8,18.73187,3.02562,911.644,5.268,0.026
yellow,20,35,7.0,18.57736,3.01521,935.271,5.423,0.015
yellow,20,36,7.2,18.41776,2.99799,969.102,5.582,0.002
yellow,20,37,7.4,18.27186,3.0063,984.984,5.728,0.006
yellow,20,38,7.6,18.10602,3.03588,1013.881,5.894,0.036
yellow,20,39,7.8,17.93926,3.02369,1037.193,6.061,0.024
yellow,20,40,8.0,17.76768,2.98552,1077.492,6.232,0.014
yellow,20,41,8.2,17.63195,2.98035,1094.278,6.368,0.02
yellow,20,42,8.4,17.47108,3.00299,1125.207,6.529,0.003
yellow,20,43,8.6,17.32078,3.00642,1148.483,6.679,0.006
yellow,20,44,8.8,17.13735,2.97525,1185.641,6.863,0.025
yellow,20,45,9.0,16.99295,2.97396,1203.6,7.007,0.026
yellow,20,46,9.2,16.83204,3.01061,1226.335,7.168,0.011
yellow,20,47,9.4,16.69089,3.04168,1256.23,7.309,0.042
yellow,20,48,9.6,16.52682,3.03164,1276.98,7.473,0.032
yellow,20,49,9.8,16.38219,3.02159,1306.791,7.618,0.022
yellow,20,50,10.0,16.23686,3.03078,1325.932,7.763,0.031
yellow,20,51,10.2,16.07564,3.04873,1354.047,7.924,0.049
yellow,20,52,10.4,15.89781,3.0196,1378.71,8.102,0.02
yellow,20,53,10.6,15.71931,2.99008,1420.088,8.281,0.01
yellow,20,54,10.8,15.55922,3.01029,1442.084,8.441,0.01
yellow,20,55,11.0,15.39619,3.05313,1479.104,8.604,0.053
yellow,20,56,11.2,15.25314,3.04357,1505.411,8.747,0.044
yellow,20,57,11.4,15.08747,3.00905,1538.592,8.913,0.009
yellow,20,58,11.6,14.93884,3.01355,1558.124,9.061,0.014
yellow,20,59,11.8,14.77116,3.04917,1592.49,9.229,0.049
yellow,20,60,12.0,14.6273,3.05836,1613.587,9.373,0.058
yellow,20,61,12.2,14.47304,3.05143,1645.002,9.527,0.051
yellow,20,62,12.4,14.3171,3.06803,1661.157,9.683,0.068
yellow,20,63,12.6,14.14229,3.10987,1695.013,9.858,0.11
yellow,20,64,12.8,13.97949,3.10088,1719.341,10.021,0.101
yellow,20,65,13.0,13.80298,3.06343,1755.213,10.197,0.063
yellow,20,66,13.2,13.65716,3.06324,1773.181,10.343,0.063
yellow,20,67,13.4,13.48831,3.09247,1801.754,10.512,0.092
yellow,20,68,13.6,13.33092,3.07475,1823.791,10.669,0.075
yellow,20,69,13.8,13.15831,3.02234,1854.556,10.842,0.022
yellow,20,70,14.0,13.00241,3.01965,1872.895,10.998,0.02
yellow,20,71,14.2,12.83803,3.05136,1905.35,11.162,0.051
yellow,20,72,14.4,12.67809,3.03621,1930.968,11.322,0.036
yellow,20,73,14.6,12.51207,2.99765,1963.632,11.488,0.002
yellow,20,74,14.8,12.36706,3.00142,1980.668,11.633,0.001
yellow,20,75,15.0,12.20055,3.03463,2010.811,11.799,0.035
yellow,20,76,15.2,12.04263,3.02773,2034.084,11.957,0.028
yellow,20,77,15.4,11.86875,2.99554,2066.373,12.131,0.004
yellow,20,78,15.6,11.70766,3.01857,2086.978,12.292,0.019
yellow,20,79,15.8,11.52931,3.08073,2122.599,12.471,0.081
yellow,20,80,16.0,11.36854,3.08169,2148.471,12.631,0.082
yellow,20,81,16.2,11.20426,3.05521,2186.619,12.796,0.055
yellow,20,82,16.4,11.06709,3.05197,2202.865,12.933,0.052
yellow,20,83,16.6,10.90083,3.07663,2234.153,13.099,0.077
yellow,20,84,16.8,10.74921,3.07158,2258.243,13.251,0.072
yellow,20,85,17.0,10.57425,3.02784,2292.868,13.426,0.028
yellow,20,86,17.2,10.42568,3.0222,2310.816,13.574,0.022
yellow,20,87,17.4,10.24824,3.06229,2343.689,13.752,0.062
yellow,20,88,17.6,10.09756,3.07479,2368.506,13.902,0.075
yellow,20,89,17.8,9.93011,3.04422,2401.421,14.07,0.044
yellow,20,90,18.0,9.78182,3.04322,2419.165,14.218,0.043
yellow,20,91,18.2,9.60855,3.08284,2449.558,14.391,0.083
yellow,20,92,18.4,9.45262,3.08788,2473.354,14.547,0.088
yellow,20,93,18.6,9.27624,3.05023,2508.28,14.724,0.05
yellow,20,94,18.8,9.14011,3.03268,2527.853,14.86,0.033
yellow,20,95,19.0,8.98125,3.04011,2551.571,15.019,0.04
yellow,20,96,19.2,8.82472,3.0441,2577.715,15.175,0.044
yellow,20,97,19.4,8.64269,3.00059,2603.259,15.357,0.001
yellow,20,98,19.6,8.49004,2.9816,2634.425,15.51,0.018
yellow,20,99,19.8,8.32827,3.01766,2661.142,15.672,0.018
yellow,20,100,20.0,8.18748,3.05327,2698.538,15.813,0.053
yellow,20,101,20.2,8.04502,3.04633,2720.013,15.955,0.046
yellow,20,102,20.4,7.90965,3.03726,2754.0,16.09,0.037
yellow,20,103,20.6,7.76275,3.0519,2774.66,16.237,0.052
yellow,20,104,20.8,7.6028,3.08003,2805.156,16.397,0.08
yellow,20,105,21.0,7.45111,3.06181,2828.814,16.549,0.062
yellow,20,106,21.2,7.29194,3.02836,2860.249,16.708,0.028
yellow,20,107,21.4,7.15118,3.02078,2874.021,16.849,0.021
yellow,20,108,21.6,6.99664,3.03992,2903.258,17.003,0.04
yellow,20,109,21.8,6.86912,3.03876,2927.305,17.131,0.039
yellow,20,110,22.0,6.7021,3.01303,2955.024,17.298,0.013
yellow,20,111,22.2,6.55813,3.01284,2974.028,17.442,0.013
yellow,20,112,22.4,6.39296,3.06009,3000.177,17.607,0.06
yellow,20,113,22.6,6.23836,3.10186,3030.32,17.762,0.102
yellow,20,114,22.8,6.06323,3.10233,3056.822,17.937,0.102
yellow,20,115,23.0,5.92411,3.12516,3082.098,18.121,0.089
yellow,20,116,23.2,5.78035,3.20704,3107.697,18.297,0.096
yellow,20,117,23.4,5.64145,3.28599,3137.78,18.461,0.087
yellow,20,118,23.6,5.47049,3.34471,3159.823,18.639,0.031
yellow,20,119,23.8,5.34235,3.41289,3189.567,18.782,0.001
yellow,20,120,24.0,5.24308,3.55315,3217.06,18.951,0.037
yellow,20,121,24.2,5.14711,3.68176,3248.78,19.111,0.06
yellow,20,122,24.4,5.01234,3.7863,3269.809,19.281,0.033
yellow,20,123,24.6,4.8976,3.88981,3298.16,19.435,0.016
yellow,20,124,24.8,4.81307,4.03253,3321.06,19.599,0.044
yellow,20,125,25.0,4.72674,4.17431,3350.291,19.765,0.066
yellow,20,126,25.2,4.58962,4.29225,3373.522,19.943,0.03
yellow,20,127,25.4,4.47922,4.41,3401.275,20.104,0.013
yellow,20,128,25.6,4.40588,4.56811,3428.513,20.275,0.046
yellow,20,129,25.8,4.33147,4.69322,3456.219,20.421,0.057
yellow,20,130,26.0,4.20175,4.8154,3482.717,20.596,0.02
yellow,20,131,26.2,4.10451,4.9237,3514.316,20.74,0.001
yellow,20,132,26.4,4.03203,5.07043,3535.94,20.903,0.019
yellow,20,133,26.6,3.95638,5.19935,3563.458,21.052,0.026
yellow,20,134,26.8,3.82548,5.31655,3586.267,21.221,0.023
yellow,20,135,27.0,3.69817,5.42577,3617.403,21.398,0.049
yellow,20,136,27.2,3.59518,5.5469,3633.891,21.555,0.03
yellow,20,137,27.4,3.49863,5.6738,3661.76,21.712,0.003
yellow,20,138,27.6,3.37227,5.78907,3683.622,21.883,0.008
yellow,20,139,27.8,3.23475,5.9026,3715.76,22.061,0.024
yellow,20,140,28.0,3.13642,6.03261,3735.359,22.222,0.004
yellow,20,141,28.2,3.04432,6.17961,3769.989,22.393,0.03
yellow,20,142,28.4,2.91696,6.29761,3791.944,22.566,0.015
yellow,20,143,28.6,2.78648,6.41285,3826.043,22.739,0.007
yellow,20,144,28.8,2.70206,6.55428,3845.908,22.901,0.02
yellow,20,145,29.0,2.62501,6.71313,3878.396,23.074,0.061
yellow,20,146,29.2,2.50438,6.84084,3900.623,23.25,0.043
yellow,20,147,29.4,2.39035,6.95728,3938.353,23.413,0.021
yellow,20,148,29.6,2.31649,7.09677,3957.958,23.57,0.04
yellow,20,149,29.8,2.24681,7.25451,3988.809,23.742,0.068
yellow,20,150,30.0,2.13333,7.3904,4010.937,23.918,0.043
yellow,20,151,30.2,2.02937,7.51412,4048.041,24.079,0.015
yellow,20,152,30.4,1.97181,7.66002,4067.816,24.235,0.032
yellow,20,153,30.6,1.922,7.82512,4099.077,24.407,0.06
yellow,20,154,30.8,1.82815,7.97599,4121.237,24.585,0.035
yellow,20,155,31.0,1.74342,8.11489,4157.64,24.746,0.006
yellow,20,156,31.2,1.71151,8.27061,4177.791,24.904,0.026
yellow,20,157,31.4,1.69034,8.44234,4209.661,25.078,0.052
yellow,20,158,31.6,1.62275,8.60562,4231.815,25.253,0.023
yellow,20,159,31.8,1.55577,8.76075,4268.868,25.419,0.004
yellow,20,160,32.0,1.53823,8.92283,4288.764,25.581,0.018
yellow,20,161,32.2,1.53138,9.09823,4320.421,25.753,0.054
yellow,20,162,32.4,1.46986,9.26321,4342.57,25.928,0.035
yellow,20,163,32.6,1.40907,9.41265,4381.961,26.087,0.012
yellow,20,164,32.8,1.38899,9.56697,4401.111,26.242,0.03
yellow,20,165,33.0,1.37729,9.73815,4430.316,26.411,0.06
yellow,20,166,33.2,1.31022,9.89721,4454.258,26.582,0.033
yellow,20,167,33.4,1.2383,10.05744,4489.11,26.754,0.003
yellow,20,168,33.6,1.22015,10.22157,4509.182,26.918,0.025
yellow,20,169,33.8,1.21204,10.38783,4540.032,27.081,0.057
yellow,20,170,34.0,1.15758,10.54522,4563.333,27.247,0.043
yellow,20,171,34.2,1.09502,10.70578,4600.331,27.418,0.021
yellow,20,172,34.4,1.07916,10.86495,4620.356,27.576,0.044
yellow,20,173,34.6,1.0714,11.0295,4650.195,27.738,0.076
yellow,20,174,34.8,1.00493,11.19204,4672.847,27.912,0.051
yellow,20,175,35.0,0.93652,11.34392,4711.972,28.076,0.022
yellow,20,176,35.2,0.91123,11.49199,4731.507,28.225,0.033
yellow,20,177,35.4,0.89788,11.65613,4761.237,28.388,0.06
yellow,20,178,35.6,0.83928,11.80836,4783.7,28.55,0.04
yellow,20,179,35.8,0.77543,11.96099,4816.555,28.713,0.015
yellow,20,180,36.0,0.76012,12.10905,4835.938,28.861,0.036
yellow,20,181,36.2,0.75739,12.27086,4865.065,29.018,0.073
yellow,20,182,36.4,0.70729,12.40974,4889.407,29.165,0.058
yellow,20,183,36.6,0.63572,12.56122,4925.586,29.33,0.025
yellow,20,184,36.8,0.60902,12.70975,4948.132,29.48,0.035
yellow,20,185,37.0,0.60586,12.88884,4984.281,29.655,0.076
yellow,20,186,37.2,0.56029,13.03069,5011.133,29.803,0.066
yellow,20,187,37.4,0.48564,13.17895,5045.379,29.965,0.029
yellow,20,188,37.6,0.46184,13.31671,5066.163,30.105,0.04
yellow,20,189,37.8,0.4649,13.49244,5095.564,30.274,0.085
yellow,20,190,38.0,0.42334,13.64128,5118.112,30.429,0.081
yellow,20,191,38.2,0.34282,13.7994,5149.024,30.602,0.041
yellow,20,192,38.4,0.30513,13.94131,5168.844,30.749,0.039
yellow,20,193,38.6,0.29831,14.10964,5199.491,30.914,0.073
yellow,20,194,38.8,0.27709,14.24369,5223.575,31.049,0.085
yellow,20,195,39.0,0.22291,14.38982,5251.672,31.204,0.068
yellow,20,196,39.2,0.18521,14.51649,5270.209,31.336,0.062
